season,week,contestant,method,judges_score,is_eliminated,mean_fan_vote,ci_lower,ci_upper
1,2,John O'Hurley,rank,26.0,False,0.1828526003458693,0.016118383352683712,0.3785050490481021
1,2,Kelly Monaco,rank,17.0,False,0.20563791814450746,0.043360226869288955,0.4191012919784564
1,2,Evander Holyfield,rank,14.0,False,0.2544228155547711,0.0832647262795447,0.5786041223272785
1,2,Rachel Hunter,rank,24.0,False,0.10425336930466636,0.014216980434170322,0.260340899238008
1,2,Joey McIntyre,rank,21.0,False,0.20428176534470383,0.04110432175415393,0.4590097318720009
1,2,Trista Sutter,rank,19.0,True,0.04855153130548216,0.0006178585615260433,0.11895472534903494
1,3,John O'Hurley,rank,24.0,False,0.20978505770516045,0.013998201394783824,0.45005973495925283
1,3,Kelly Monaco,rank,21.0,False,0.23732679400555223,0.03829574176517252,0.49134441183948574
1,3,Evander Holyfield,rank,13.0,True,0.09552307128706224,0.0054631634837127175,0.2115652696090966
1,3,Rachel Hunter,rank,26.0,False,0.197937462842941,0.017260804662569837,0.41646452127552247
1,3,Joey McIntyre,rank,22.0,False,0.2594276141592834,0.03347835110998852,0.6072671730878554
1,4,John O'Hurley,rank,21.0,False,0.29067817241127875,0.11452619342500178,0.5240099735898557
1,4,Kelly Monaco,rank,26.0,False,0.23296586468368183,0.06434280075961603,0.4974243424574031
1,4,Rachel Hunter,rank,25.0,True,0.07828154123056588,0.006063377976345487,0.1826074032466411
1,4,Joey McIntyre,rank,20.0,False,0.39807442167447227,0.21508131958899968,0.5976849833583473
1,5,John O'Hurley,rank,27.0,False,0.25169557582939345,0.022722017061092677,0.4556013787713536
1,5,Kelly Monaco,rank,23.5,False,0.5743385706068248,0.38562468290623686,0.824110578784127
1,5,Joey McIntyre,rank,22.5,False,0.17396585356378125,0.013110977657346277,0.4160853664961986
1,6,John O'Hurley,rank,27.0,False,0.23821921646747676,0.026751296442481105,0.4875664527167858
1,6,Kelly Monaco,rank,27.5,False,0.7617807835325228,0.5124335472832128,0.9732487035575194
2,1,Tatum O'Neal,rank,23.0,False,0.09219930969994121,-0.017976575795881664,0.20638169668279155
2,1,Tia Carrere,rank,20.0,False,0.08790659195707401,0.004967930805973193,0.2016880775827691
2,1,George Hamilton,rank,18.0,False,0.16424083873784553,0.03643841464852908,0.36460305379948177
2,1,Lisa Rinna,rank,19.0,False,0.10390695377359903,0.013039234594930192,0.2300400827148676
2,1,Stacy Keibler,rank,22.0,False,0.08062706998919242,0.00032383944207615284,0.18646160184481492
2,1,Jerry Rice,rank,21.0,False,0.12929916478172593,0.006729856813195514,0.3077711951815318
2,1,Giselle Fernandez,rank,23.0,False,0.10077534236647724,0.0007204897117002868,0.23098760155652065
2,1,Master P,rank,12.0,False,0.1299509497137285,0.030534873926941618,0.2636471970868949
2,1,Drew Lachey,rank,24.0,False,0.08025002152904824,-0.014761115737175685,0.21033861041187973
2,1,Kenny Mayne,rank,13.0,True,0.030843757451367478,-0.021704977740638773,0.08490698389964743
2,2,Tatum O'Neal,rank,17.0,True,0.03570332021647077,-0.009215239006037717,0.08870095762995106
2,2,Tia Carrere,rank,22.0,False,0.13798552930095445,0.025513326593237084,0.2952967838261116
2,2,George Hamilton,rank,22.0,False,0.10901791233760075,0.013399793676122922,0.27102577639177766
2,2,Lisa Rinna,rank,20.0,False,0.13601641040826631,0.03324512092348038,0.28419074657851084
2,2,Stacy Keibler,rank,29.0,False,0.15221986310771426,0.0035947031607056895,0.3171614153432459
2,2,Jerry Rice,rank,23.0,False,0.10178067989320394,0.008439207404489502,0.26552357154345496
2,2,Giselle Fernandez,rank,24.0,False,0.10094290715019108,0.005240589297479178,0.23991683239829964
2,2,Master P,rank,16.0,False,0.12750766845428338,0.03241706060986247,0.3823852369198847
2,2,Drew Lachey,rank,27.0,False,0.09882570913131629,0.008573102085081765,0.22637721252095902
2,3,Tia Carrere,rank,26.0,False,0.23195209143992396,0.009913445997231322,0.48728452916767
2,3,George Hamilton,rank,22.0,False,0.10071933831615536,0.02570979258084941,0.23403737231410543
2,3,Lisa Rinna,rank,25.0,False,0.11133385440462545,0.014770217958186636,0.3244867060914749
2,3,Stacy Keibler,rank,27.0,False,0.08919432542536405,0.008015236606864581,0.2182289394966356
2,3,Jerry Rice,rank,19.0,False,0.14000666217760027,0.02763345642419563,0.3198895089762658
2,3,Giselle Fernandez,rank,22.0,True,0.035842473276388544,-0.008290617549935608,0.09352339865844765
2,3,Master P,rank,14.0,False,0.16352436988450908,0.04248421856973286,0.3671026175067784
2,3,Drew Lachey,rank,27.0,False,0.12742688507543481,0.004345769347816329,0.3113291208280022
2,4,Tia Carrere,rank,25.0,False,0.10969741488446333,0.004314118864803214,0.26928647523288163
2,4,George Hamilton,rank,21.0,False,0.22523140183812732,0.059194101282301875,0.4646294366516017
2,4,Lisa Rinna,rank,26.0,False,0.15380635727471542,0.013781371515920814,0.34315695614542485
2,4,Stacy Keibler,rank,26.0,False,0.16820978059028957,0.014441652245967832,0.39152578101334357
2,4,Jerry Rice,rank,24.0,False,0.14295342914135115,0.018629082450193096,0.35605994063626945
2,4,Master P,rank,8.0,True,0.0637558502639232,0.006450012596071961,0.1658529005056846
2,4,Drew Lachey,rank,28.0,False,0.13634576600713075,0.017377484646673873,0.34981743264857823
2,5,Tia Carrere,rank,22.0,True,0.09355168735913767,0.007451158067364544,0.2105948947991884
2,5,George Hamilton,rank,24.0,False,0.23456194681025228,0.0625755279666967,0.4921653474873887
2,5,Lisa Rinna,rank,25.0,False,0.15870453046945374,0.03282525672253497,0.35141431636202414
2,5,Stacy Keibler,rank,30.0,False,0.11531868650132711,0.011446412583118314,0.2499866287288325
2,5,Jerry Rice,rank,23.0,False,0.2615383224568443,0.061032640521317495,0.5227894293402339
2,5,Drew Lachey,rank,27.0,False,0.13632482640298638,0.009529784123472988,0.3550372767335624
2,6,George Hamilton,rank,23.0,True,0.08116970576003764,0.002916109452534581,0.20890199410330382
2,6,Lisa Rinna,rank,27.0,False,0.18815449644777835,0.014174598010014994,0.47073318375204465
2,6,Stacy Keibler,rank,30.0,False,0.25476953477736,0.012705779343355017,0.5512638171249307
2,6,Jerry Rice,rank,23.0,False,0.25402039696352263,0.0721223690622509,0.4756438373862675
2,6,Drew Lachey,rank,30.0,False,0.22188586605130095,0.017472265976867074,0.5284532146568415
2,7,Lisa Rinna,rank,26.5,True,0.07863377301821886,0.006511781467321745,0.2004400679455407
2,7,Stacy Keibler,rank,27.5,False,0.4094088953370373,0.12918395350464587,0.7587178672321595
2,7,Jerry Rice,rank,20.5,False,0.2575158299609997,0.06308296659242665,0.48390320293027134
2,7,Drew Lachey,rank,27.5,False,0.25444150168374485,0.051647684247606615,0.5172076825813284
2,8,Stacy Keibler,rank,28.6665,False,0.13680665379026208,0.014212930995449694,0.2912424602786173
2,8,Jerry Rice,rank,26.666600000000003,False,0.4615810169154096,0.20411068120561068,0.7150085205789827
2,8,Drew Lachey,rank,28.9998,False,0.40161232929433005,0.1897170662595413,0.6695898624044211
3,1,Harry Hamlin,percentage,17.0,False,0.082085460440962,0.011160990956594365,0.19332443220324472
3,1,Vivica A. Fox,percentage,22.0,False,0.08664043998070473,0.0026701478050834004,0.2241303951962213
3,1,Monique Coleman,percentage,19.0,False,0.14277129105233716,0.008080942117895486,0.4194445057017685
3,1,Joey Lawrence,percentage,21.0,False,0.1120117588995952,0.01906126174967017,0.27065360007565464
3,1,Mario Lopez,percentage,26.0,False,0.11384857486035631,0.003839428113397554,0.3189498202169427
3,1,Emmitt Smith,percentage,24.0,False,0.08787032632357672,0.007045946689822391,0.19758940043218992
3,1,Shanna Moakler,percentage,18.0,False,0.10890985687536424,0.013243792189630793,0.25408175055838156
3,1,Willa Ford,percentage,22.0,False,0.06445422478072203,0.0038510193877648244,0.16581114524626914
3,1,Sara Evans,percentage,15.0,False,0.09501124789351188,0.013400332071086485,0.25203831593706333
3,1,Jerry Springer,percentage,16.0,False,0.08274606035120452,0.015236328505926391,0.1809616549238777
3,1,Tucker Carlson,percentage,12.0,True,0.023650758541663586,-0.017572744640483147,0.05448297309528895
3,2,Harry Hamlin,percentage,21.0,False,0.16305092936077226,0.027859762288939747,0.4236949371075604
3,2,Vivica A. Fox,percentage,24.0,False,0.11579593120235561,0.015297451144938192,0.2815042718771001
3,2,Monique Coleman,percentage,26.0,False,0.08114093655407716,0.007940045657816495,0.19586341041040314
3,2,Joey Lawrence,percentage,29.0,False,0.1015362103032523,0.010938828709323488,0.30289048150736136
3,2,Mario Lopez,percentage,21.0,False,0.10857496684491957,0.033578747794123565,0.23789771722005187
3,2,Emmitt Smith,percentage,24.0,False,0.08056180156301847,0.012015593281587779,0.2200473545806043
3,2,Shanna Moakler,percentage,22.0,True,0.01984802674054543,-0.014745283542801932,0.05198880095895263
3,2,Willa Ford,percentage,23.0,False,0.11315653716917387,0.022872405154643477,0.22921581022842824
3,2,Sara Evans,percentage,21.0,False,0.10182348656301783,0.0151607383154885,0.2548161836034242
3,2,Jerry Springer,percentage,19.0,False,0.11451117369886582,0.04078057033578666,0.25568371691780195
3,3,Harry Hamlin,percentage,22.0,True,0.027821008442811743,0.0006835153026220099,0.0629405390206695
3,3,Vivica A. Fox,percentage,27.0,False,0.09178801907433633,0.010729176852912532,0.21197380550024647
3,3,Monique Coleman,percentage,27.0,False,0.12448058537437819,0.021543273055051666,0.3661116982590658
3,3,Joey Lawrence,percentage,22.0,False,0.12492194269672909,0.04424740535215288,0.2632077840198481
3,3,Mario Lopez,percentage,22.0,False,0.10268261391817095,0.028094792597539026,0.20196949476503237
3,3,Emmitt Smith,percentage,19.0,False,0.15165120853044545,0.0367024307680541,0.32370091190081823
3,3,Willa Ford,percentage,22.0,False,0.09802245546081176,0.026479971435373145,0.21530480315094436
3,3,Sara Evans,percentage,25.0,False,0.1435921976184335,0.028274163393884062,0.28920764586809333
3,3,Jerry Springer,percentage,21.0,False,0.13503996888388434,0.04110253854913955,0.25180232440633743
3,4,Vivica A. Fox,percentage,24.0,True,0.027059496121183243,0.0002279762179257308,0.06295998104734474
3,4,Monique Coleman,percentage,24.0,False,0.15493414736061523,0.03400398128617883,0.4002110895726598
3,4,Joey Lawrence,percentage,27.0,False,0.09672874128182704,0.019300630222151186,0.1975743782550677
3,4,Mario Lopez,percentage,29.0,False,0.14061958321534512,0.01721778751710388,0.29761171246512363
3,4,Emmitt Smith,percentage,24.0,False,0.12514471067338767,0.02088576959028723,0.31214724033489794
3,4,Willa Ford,percentage,28.0,False,0.1064221710081139,0.022445617370653762,0.2101491166672796
3,4,Sara Evans,percentage,20.0,False,0.18906482549045908,0.04881267425131508,0.45000681873951215
3,4,Jerry Springer,percentage,22.0,False,0.16002632484906873,0.03603188234521514,0.4138295183199449
3,5,Monique Coleman,percentage,27.0,False,0.16118834341105068,0.048006226103692484,0.3917866979917231
3,5,Joey Lawrence,percentage,25.0,False,0.15116341501373495,0.04328845836223609,0.34328952476904956
3,5,Mario Lopez,percentage,27.0,False,0.1481327487601925,0.025103976473553752,0.34430681461741064
3,5,Emmitt Smith,percentage,27.0,False,0.17433390910543553,0.03907791321618255,0.4076578718203339
3,5,Willa Ford,percentage,27.0,True,0.02981116818297088,0.0012209701969701718,0.0717554074277988
3,5,Sara Evans,percentage,24.0,False,0.16647627826453382,0.04344213725010715,0.4017327637373185
3,5,Jerry Springer,percentage,24.0,False,0.16889413726208388,0.05660456132373443,0.36344194511606753
3,6,Monique Coleman,percentage,23.0,False,0.09052873693288872,0.01508228773322057,0.17044339248575346
3,6,Joey Lawrence,percentage,24.0,False,0.1628215599289852,0.03681925175525558,0.2737224513165562
3,6,Mario Lopez,percentage,28.0,False,0.23014585180306527,0.13123702426788592,0.3682062500835566
3,6,Emmitt Smith,percentage,25.0,False,0.4405094807248661,0.2582829461936263,0.7038055972743573
3,6,Jerry Springer,percentage,18.0,False,0.07599437061019625,0.004651702705324087,0.16258298131700374
3,7,Monique Coleman,percentage,27.0,False,0.19780815821842662,0.04478364279191402,0.4755782820766255
3,7,Joey Lawrence,percentage,28.5,False,0.21459597837518982,0.029360756194115937,0.511435130548205
3,7,Mario Lopez,percentage,28.0,False,0.3139676516765018,0.05893583571437861,0.5648347128053685
3,7,Emmitt Smith,percentage,28.5,False,0.20663717005902782,0.03708580996381869,0.4513641105949645
3,7,Jerry Springer,percentage,23.0,True,0.06699104167085444,0.004511255048395953,0.1295063476462557
3,8,Monique Coleman,percentage,26.5,True,0.06427575945472729,0.001524529636647394,0.15559229143139325
3,8,Joey Lawrence,percentage,27.0,False,0.41081476074703693,0.05524795254790409,0.7325242508747268
3,8,Mario Lopez,percentage,28.5,False,0.20925559077582329,0.03636535739089145,0.47839464470692583
3,8,Emmitt Smith,percentage,27.0,False,0.31565388902241387,0.0537478467264531,0.8390529775220279
3,9,Joey Lawrence,percentage,29.5,False,0.1296928004830395,0.01267532856774236,0.2802546332163802
3,9,Mario Lopez,percentage,29.5,False,0.2936860072546149,0.10508683424507761,0.4497772469564527
3,9,Emmitt Smith,percentage,29.5,False,0.5766211922623444,0.37658882252004405,0.83852557543881
3,10,Mario Lopez,percentage,29.666600000000003,False,0.22243803542140267,0.022722432506520826,0.4679625350786969
3,10,Emmitt Smith,percentage,29.666600000000003,False,0.7775619645785952,0.5320374649213034,0.9772775674934765
4,2,John Ratzenberger,percentage,21.0,False,0.12943762871590841,0.020590835315223228,0.41414587009490844
4,2,Ian Ziering,percentage,22.0,False,0.08392803358864902,0.01848204100113613,0.22424857575317328
4,2,Clyde Drexler,percentage,18.0,False,0.09365924389569849,0.024478364804591035,0.27697185751367126
4,2,Laila Ali,percentage,27.0,False,0.10144836824871269,0.0034551836979968553,0.27743161119211346
4,2,Apolo Anton Ohno,percentage,26.0,False,0.08535031483346397,0.0024123572934131726,0.22568220545400391
4,2,Shandi Finnessey,percentage,20.0,False,0.10556528468327105,0.018141608694231322,0.2430083855739096
4,2,Paulina Porizkova,percentage,21.0,True,0.009911766437963477,-0.03250365035768875,0.04639489442946098
4,2,Heather Mills,percentage,24.0,False,0.14643255583997664,0.017645778905383595,0.3729958449601662
4,2,Billy Ray Cyrus,percentage,21.0,False,0.07947730878051075,0.015660523119863427,0.1915659355813254
4,2,Joey Fatone,percentage,24.0,False,0.08387096442362478,0.0034438762296643347,0.2321296671226846
4,2,Leeza Gibbons,percentage,21.0,False,0.08091853055222385,0.010519024889140458,0.16917062764002347
4,3,John Ratzenberger,percentage,20.0,False,0.25167146459703593,0.037824487459648864,0.5331904051984045
4,3,Ian Ziering,percentage,24.0,False,0.08967116564476584,0.00557872086721866,0.25701258833217144
4,3,Clyde Drexler,percentage,16.0,False,0.09001675511339305,0.02635259489159574,0.22702489824764685
4,3,Laila Ali,percentage,21.0,False,0.10076845541341956,0.01255531657322137,0.30761241066597234
4,3,Apolo Anton Ohno,percentage,23.0,False,0.09286983766130041,0.010827974828362997,0.2336849502822239
4,3,Shandi Finnessey,percentage,21.0,True,0.009901100703043413,-0.0389196209098715,0.038887839949131114
4,3,Heather Mills,percentage,24.0,False,0.0948606978602805,0.015308693212624363,0.2130163913219919
4,3,Billy Ray Cyrus,percentage,21.0,False,0.10464080721981434,0.015155985631339505,0.2489378735528726
4,3,Joey Fatone,percentage,24.0,False,0.09501438560823497,0.010573706763405522,0.2174508160006394
4,3,Leeza Gibbons,percentage,24.0,False,0.07058533017871196,0.007534790164313999,0.20949030064355983
4,4,John Ratzenberger,percentage,16.0,False,0.09996493596082373,0.026373743622276583,0.2146548506892137
4,4,Ian Ziering,percentage,24.0,False,0.13964025087578696,0.006937725737370684,0.35624154610585035
4,4,Clyde Drexler,percentage,15.0,False,0.10038923252794288,0.031877767573825044,0.2018916530614937
4,4,Laila Ali,percentage,21.0,False,0.13468553325072294,0.023457606882574096,0.2937943292063013
4,4,Apolo Anton Ohno,percentage,26.0,False,0.12572594016480673,0.019229418144425213,0.2726790653769496
4,4,Heather Mills,percentage,23.0,False,0.08007517854087944,0.004978565260512095,0.2040556618396893
4,4,Billy Ray Cyrus,percentage,21.0,False,0.12491643788973616,0.017399324080754956,0.30441761785860727
4,4,Joey Fatone,percentage,28.0,False,0.16421627611296383,0.003620170677775047,0.48469225391586535
4,4,Leeza Gibbons,percentage,16.0,True,0.030386214676335618,-0.009980208928583485,0.08078536259293814
4,5,John Ratzenberger,percentage,18.0,False,0.17943105267346673,0.032038247527001525,0.4517524494558757
4,5,Ian Ziering,percentage,24.0,False,0.11811947359824562,0.013714795542486799,0.2348897396441095
4,5,Clyde Drexler,percentage,13.0,True,0.04639304266652071,0.002828507535489573,0.10179343464585655
4,5,Laila Ali,percentage,28.0,False,0.12479705100498496,0.006046166381561368,0.2685553441576914
4,5,Apolo Anton Ohno,percentage,30.0,False,0.10717016099279753,0.0099308623252913,0.25329236813666844
4,5,Heather Mills,percentage,21.0,False,0.1463269696178114,0.033771059151713044,0.31746386677185146
4,5,Billy Ray Cyrus,percentage,17.0,False,0.15478765783196274,0.023517653396122676,0.3456285249643388
4,5,Joey Fatone,percentage,25.0,False,0.12297459161421244,0.011077925457827698,0.31871692662813184
4,6,John Ratzenberger,percentage,19.0,False,0.20064592011459492,0.04341942691970333,0.3824603649886782
4,6,Ian Ziering,percentage,24.0,False,0.13869107439147835,0.028547753885381114,0.27968790281159017
4,6,Laila Ali,percentage,28.0,False,0.15536098385599434,0.0220737347514961,0.3543637095683837
4,6,Apolo Anton Ohno,percentage,28.0,False,0.11548152779040617,0.012459964727007406,0.3001075099813235
4,6,Heather Mills,percentage,23.0,True,0.03234156917642048,0.0003617950985926571,0.07425568663321912
4,6,Billy Ray Cyrus,percentage,21.0,False,0.15285685031596905,0.043925264786706705,0.3546106484413346
4,6,Joey Fatone,percentage,27.0,False,0.20462207435513657,0.048680377802338345,0.36694106303916396
4,7,John Ratzenberger,percentage,22.5,True,0.0489678273384874,0.0015856338901777275,0.11304202269668154
4,7,Ian Ziering,percentage,27.0,False,0.2515539280296715,0.050763787490806275,0.519313513247418
4,7,Laila Ali,percentage,29.5,False,0.15205757551466267,0.02061438927660362,0.40325290709539974
4,7,Apolo Anton Ohno,percentage,27.0,False,0.17555208865404048,0.03909246942237992,0.34808355061921703
4,7,Billy Ray Cyrus,percentage,19.0,False,0.1903007386454124,0.05930596020320725,0.4439046532541574
4,7,Joey Fatone,percentage,29.5,False,0.1815678418177243,0.023215591543486607,0.4360740130252859
4,8,Ian Ziering,percentage,23.5,False,0.26994368486650605,0.036587226543479734,0.7561071304762506
4,8,Laila Ali,percentage,26.5,False,0.2807298010289431,0.027994500884269326,0.6037304206660604
4,8,Apolo Anton Ohno,percentage,29.0,False,0.14511129302994988,0.013842605552347568,0.35801068674907266
4,8,Billy Ray Cyrus,percentage,19.0,True,0.0704516584406881,0.0051248374247227675,0.14604872428432328
4,8,Joey Fatone,percentage,27.5,False,0.2337635626339125,0.029167052170234582,0.5759992134509013
4,9,Ian Ziering,percentage,29.0,True,0.06456951367157153,0.004458665658486102,0.17633952468890668
4,9,Laila Ali,percentage,30.0,False,0.25608640068724037,0.04759678298840237,0.5915823125524668
4,9,Apolo Anton Ohno,percentage,29.5,False,0.24083441008777082,0.05215821374925084,0.4233514727494639
4,9,Joey Fatone,percentage,30.0,False,0.43850967555341797,0.07329477876429635,0.8199999465215657
4,10,Laila Ali,percentage,28.333200000000005,False,0.11950006795944046,0.012307397766143206,0.2736876202805287
4,10,Apolo Anton Ohno,percentage,29.3332,False,0.6145571790369574,0.3893191211500821,0.8544658315800482
4,10,Joey Fatone,percentage,28.6665,False,0.2659427530036022,0.09465868248666617,0.4392277199904998
5,1,Cameron Mathison,percentage,21.0,False,0.09915450832186391,0.013944205146145703,0.24008145760780283
5,1,Jane Seymour,percentage,24.0,False,0.07385253626252479,0.004605728154585487,0.1965872131323232
5,1,Sabrina Bryan,percentage,26.0,False,0.1251237812269931,0.013250539502144991,0.2629864441255874
5,1,Jennie Garth,percentage,21.0,False,0.09936426984317448,0.009125774589842692,0.2754453072400853
5,1,Floyd Mayweather Jr. ,percentage,18.0,False,0.09911936186146562,0.011963635667696756,0.2674803440802948
5,1,Josie Maran,percentage,16.0,True,0.018288097912401095,-0.02005247775512693,0.04742524569674052
5,1,Albert Reed,percentage,21.0,False,0.06273819421477966,0.00877697379500983,0.13622468781048838
5,1,Helio Castroneves,percentage,25.0,False,0.08321898708135109,0.0063343340818669824,0.18415856350123777
5,1,Mel B,percentage,24.0,False,0.06850144577527531,0.003107588724567536,0.16535564966721428
5,1,Wayne Newton,percentage,19.0,False,0.06362088504681757,0.007776780920376383,0.14749183195342813
5,1,Marie Osmond,percentage,21.0,False,0.09639189555342552,0.00608985563992074,0.25203817290324737
5,1,Mark Cuban,percentage,21.0,False,0.11062603689992735,0.008435123656512942,0.28538297578986327
5,2,Cameron Mathison,percentage,21.0,False,0.06569449860952259,0.009002673435061448,0.1535318020233315
5,2,Jane Seymour,percentage,21.0,False,0.09333086864621565,0.010480850909886319,0.21239257457898753
5,2,Sabrina Bryan,percentage,26.0,False,0.10368839352595782,0.009111681438178854,0.37978611450909167
5,2,Jennie Garth,percentage,21.0,False,0.10996371726792538,0.011672987570098915,0.27680943895937615
5,2,Floyd Mayweather Jr. ,percentage,21.0,False,0.12821962193169034,0.02087299675075851,0.3073752012824832
5,2,Albert Reed,percentage,21.0,True,0.010863553727416169,-0.030339710263489503,0.039766704027438184
5,2,Helio Castroneves,percentage,27.0,False,0.05876180560521284,0.0013052957466501633,0.1619953239471587
5,2,Mel B,percentage,23.0,False,0.13094938809237877,0.024935322894352997,0.40984010745866084
5,2,Wayne Newton,percentage,15.0,False,0.11159674384213866,0.03990492848182373,0.2316087704165715
5,2,Marie Osmond,percentage,24.0,False,0.10630389056453902,0.01188813528760559,0.24940983334802797
5,2,Mark Cuban,percentage,18.0,False,0.08062751818700072,0.019304207595509958,0.17924235031913502
5,3,Cameron Mathison,percentage,23.0,False,0.11496403711181762,0.010015452396716654,0.27455350000908435
5,3,Jane Seymour,percentage,27.0,False,0.08411312351008782,0.004164576105088049,0.24543567075148615
5,3,Sabrina Bryan,percentage,27.0,False,0.10535758571169213,0.009332864609791623,0.21504311676291377
5,3,Jennie Garth,percentage,26.0,False,0.10328182327946273,0.01207025836898846,0.2654095734537382
5,3,Floyd Mayweather Jr. ,percentage,21.0,False,0.08791692201618728,0.01420762443042929,0.1835689401909924
5,3,Helio Castroneves,percentage,24.0,False,0.10504785159148715,0.008120430313405536,0.23356670588455317
5,3,Mel B,percentage,27.0,False,0.11155272824368043,-0.006045510425923294,0.32485122121091703
5,3,Wayne Newton,percentage,18.0,True,0.02504433685165591,-0.00685377842102226,0.057779038253462305
5,3,Marie Osmond,percentage,26.0,False,0.12958975119106778,0.01093504062351548,0.35169831323629486
5,3,Mark Cuban,percentage,20.0,False,0.1331318404928604,0.015062936895389387,0.4357066171078411
5,4,Cameron Mathison,percentage,27.0,False,0.09341966890236829,0.010060342110043417,0.2119143325568394
5,4,Jane Seymour,percentage,26.0,False,0.12894860968096244,0.028615280373765078,0.2774945781271472
5,4,Sabrina Bryan,percentage,30.0,False,0.10408879695892204,0.015322762010470857,0.236174584369192
5,4,Jennie Garth,percentage,27.0,False,0.1103487726720152,0.01375238999074168,0.3230767326747582
5,4,Floyd Mayweather Jr. ,percentage,23.0,True,0.023998079696943668,-0.029471005805351967,0.0694869480219337
5,4,Helio Castroneves,percentage,27.0,False,0.13723171295473108,0.006362727527422567,0.3226286874248771
5,4,Mel B,percentage,26.0,False,0.11506993394450395,0.021791486988979925,0.31612202242879633
5,4,Marie Osmond,percentage,26.0,False,0.09471398902710332,0.019961842450144554,0.26111582576722914
5,4,Mark Cuban,percentage,22.0,False,0.19218043616245167,0.03237684297892407,0.37072976667051083
5,5,Cameron Mathison,percentage,26.0,False,0.1655595956881226,0.029476066113811157,0.31804003635705214
5,5,Jane Seymour,percentage,26.0,False,0.15834376565233113,0.02324623710677834,0.3201565726342375
5,5,Sabrina Bryan,percentage,28.0,False,0.1070918696470097,0.010215216274138824,0.27522174483431416
5,5,Jennie Garth,percentage,25.0,False,0.12177285341282527,0.023357630239020058,0.3572684159431611
5,5,Helio Castroneves,percentage,23.0,False,0.15439210610041174,0.035121712087444946,0.35710746527724435
5,5,Mel B,percentage,29.0,False,0.10937313544872625,0.016370716406685602,0.2447086531224737
5,5,Marie Osmond,percentage,21.0,False,0.14945400069098827,0.034266236100630953,0.36294647179581335
5,5,Mark Cuban,percentage,21.0,True,0.03401267335958332,-0.0061895093960659744,0.09259594192194986
5,6,Cameron Mathison,percentage,25.0,False,0.21817147351670577,0.04266130670347589,0.4606898503874111
5,6,Jane Seymour,percentage,22.0,False,0.16433321114576102,0.05478455492699633,0.3416711026077321
5,6,Sabrina Bryan,percentage,25.0,True,0.029459645508139152,-0.019217987274727604,0.08687361408388006
5,6,Jennie Garth,percentage,27.0,False,0.11387268838905813,0.015022099799135174,0.2917644473585338
5,6,Helio Castroneves,percentage,28.0,False,0.10315851805822716,0.007790488036079735,0.24892680713670284
5,6,Mel B,percentage,30.0,False,0.24869164139214406,0.0504121454041156,0.5231360356179066
5,6,Marie Osmond,percentage,23.0,False,0.12231282198996198,0.0361430022306272,0.2847899868060738
5,7,Cameron Mathison,percentage,25.5,False,0.15107428199171835,0.02392836312218237,0.3424363422019997
5,7,Jane Seymour,percentage,25.0,True,0.034746155784041464,-0.009944939012644857,0.09389329683987407
5,7,Jennie Garth,percentage,26.5,False,0.15227018420673002,0.02736295273485766,0.38002092458999176
5,7,Helio Castroneves,percentage,26.0,False,0.15449932003783506,0.03808543791701172,0.35975459409198174
5,7,Mel B,percentage,27.0,False,0.3819275859871381,0.11622865510032293,0.6754866050836529
5,7,Marie Osmond,percentage,26.0,False,0.1254824719925381,0.021322400201259854,0.26485396738320427
5,8,Cameron Mathison,percentage,25.5,True,0.0657995873243717,0.002346224324692613,0.14392112918117023
5,8,Jennie Garth,percentage,25.0,False,0.20684800721504296,0.05457211719732944,0.4139205110490211
5,8,Helio Castroneves,percentage,28.5,False,0.20194345032846542,0.0403909528573719,0.4834753055456422
5,8,Mel B,percentage,28.0,False,0.2245207752580778,0.06609268714764881,0.5203516241721647
5,8,Marie Osmond,percentage,24.5,False,0.3008881798740423,0.07301042506076366,0.485519828495955
5,9,Jennie Garth,percentage,29.0,True,0.07602680559155786,0.003716246214629175,0.1863920735109945
5,9,Helio Castroneves,percentage,30.0,False,0.47616235028649445,0.1016632782618175,0.8458939183158708
5,9,Mel B,percentage,30.0,False,0.22395385754553182,0.041918256835485466,0.7085125072171203
5,9,Marie Osmond,percentage,28.0,False,0.22385698657641523,0.05170404915110827,0.5118753324716878
5,10,Helio Castroneves,percentage,27.999900000000004,False,0.6358184923043262,0.3825448971182258,0.9502793280068179
5,10,Mel B,percentage,28.3332,False,0.2416206911771951,0.027613295166396937,0.44839714818472376
5,10,Marie Osmond,percentage,23.0,False,0.12256081651847918,0.005416108124388544,0.29894772497720096
6,2,Cristian de la Fuente,percentage,20.0,False,0.10188552744298646,0.020708338481612146,0.2629796264973516
6,2,Steve Guttenberg,percentage,16.0,False,0.09908279505256011,0.029834813408184252,0.269202769957234
6,2,Priscilla Presley,percentage,21.0,False,0.08218637831469676,0.016407306820486547,0.18805948924266505
6,2,Marlee Matlin,percentage,24.0,False,0.09018097834360697,0.017762160333333294,0.2020361867413156
6,2,Shannon Elizabeth,percentage,24.0,False,0.11562731973258232,0.012167246244009578,0.26240534973618734
6,2,Marissa Jaret Winokur,percentage,21.0,False,0.08786380144966398,0.022090282706422628,0.2104226548295689
6,2,Jason Taylor,percentage,27.0,False,0.1015883701845794,0.011464967470631696,0.23787832319101365
6,2,Kristi Yamaguchi,percentage,27.0,False,0.06629040372496262,0.008090781902335644,0.18256360009931155
6,2,Monica Seles,percentage,15.0,True,0.030761726090950584,-0.007284757279566084,0.0735378634551602
6,2,Penn Jillette,percentage,17.0,True,0.019984570047520796,-0.03939248981089609,0.06251836159303162
6,2,Adam Carolla,percentage,19.0,False,0.1210052640376062,0.025526991445894712,0.3846920985855218
6,2,Mario,percentage,26.0,False,0.08354286557828301,0.005338540970605064,0.20415789975473494
6,3,Cristian de la Fuente,percentage,25.0,False,0.07324092579948097,0.006015283844493998,0.17906564691342508
6,3,Steve Guttenberg,percentage,21.0,True,0.015386789152550512,-0.03401873424582419,0.04796214460191417
6,3,Priscilla Presley,percentage,26.0,False,0.12584471550231593,0.011285845684500582,0.3455626218909418
6,3,Marlee Matlin,percentage,21.0,False,0.10736751329318255,0.018866413248877244,0.26114990990297543
6,3,Shannon Elizabeth,percentage,24.0,False,0.11560366973750823,0.006178498987608645,0.3460162359473186
6,3,Marissa Jaret Winokur,percentage,19.0,False,0.1048158555292804,0.029052826905887078,0.28301045832740457
6,3,Jason Taylor,percentage,23.0,False,0.10072770856363003,0.014792280504232187,0.284131803620663
6,3,Kristi Yamaguchi,percentage,27.0,False,0.12150004445922363,0.012993915542696396,0.31159853579463154
6,3,Adam Carolla,percentage,21.0,False,0.15030552469954175,0.02809181950597953,0.4089492999800289
6,3,Mario,percentage,21.0,False,0.08520725326328706,0.018964935260862667,0.2547956378308104
6,4,Cristian de la Fuente,percentage,26.0,False,0.12060935727786655,0.01465187653529413,0.25964263794287873
6,4,Priscilla Presley,percentage,22.0,False,0.15901317816153007,0.012876329243337554,0.6080232930865151
6,4,Marlee Matlin,percentage,24.0,False,0.0851047002819996,0.020808350101422825,0.21026861834560062
6,4,Shannon Elizabeth,percentage,28.0,False,0.09276090554011464,0.009743978618051624,0.2459162360101098
6,4,Marissa Jaret Winokur,percentage,24.0,False,0.09874533195425109,0.009407661517769322,0.23090682057319153
6,4,Jason Taylor,percentage,29.0,False,0.11206820998097572,0.011243672923427827,0.3676518632871902
6,4,Kristi Yamaguchi,percentage,29.0,False,0.09930280265998784,0.0073900447503937195,0.25980895818142624
6,4,Adam Carolla,percentage,19.0,True,0.029750049511588356,0.0019391237185987092,0.06531334796005628
6,4,Mario,percentage,24.0,False,0.2026454646316851,0.036248034530941255,0.4238933424806674
6,5,Cristian de la Fuente,percentage,23.0,False,0.14326834678802605,0.017115204854401603,0.2984450944436611
6,5,Priscilla Presley,percentage,21.0,True,0.03057858714159293,-0.016014598719125403,0.07620908722130747
6,5,Marlee Matlin,percentage,22.0,False,0.15590624010898363,0.036595394158966864,0.3872013115615625
6,5,Shannon Elizabeth,percentage,23.0,False,0.11627286329085393,0.026067750158359694,0.27111858277541506
6,5,Marissa Jaret Winokur,percentage,24.0,False,0.12419737042021875,0.016274035955160297,0.3177472629553169
6,5,Jason Taylor,percentage,27.0,False,0.17625823623283274,0.028901354077326538,0.4170657213050384
6,5,Kristi Yamaguchi,percentage,29.0,False,0.15297752054059954,0.019004343020187716,0.36634123857453305
6,5,Mario,percentage,27.0,False,0.10054083547689133,0.011184266361448675,0.22165585854504136
6,6,Cristian de la Fuente,percentage,27.0,False,0.1886538691392046,0.025388181155645027,0.4888817123360393
6,6,Marlee Matlin,percentage,21.0,True,0.03844408026651342,0.0031990830139930204,0.08967285065109876
6,6,Shannon Elizabeth,percentage,24.0,False,0.12513171020759695,0.023930393471172377,0.2592035822263666
6,6,Marissa Jaret Winokur,percentage,26.0,False,0.19348938999487275,0.0213463176112632,0.39973468902862547
6,6,Jason Taylor,percentage,24.0,False,0.10917235364757089,0.014965526918119774,0.3078229319008845
6,6,Kristi Yamaguchi,percentage,30.0,False,0.11510340016718557,0.004829729899943338,0.2910155745839536
6,6,Mario,percentage,28.0,False,0.2300051965770545,0.036844687570591124,0.46968151915901657
6,7,Cristian de la Fuente,percentage,23.0,False,0.19027962001059698,0.04782121929466635,0.4343737487911603
6,7,Shannon Elizabeth,percentage,25.5,True,0.0440604836147718,0.003561331196258256,0.09862309089037301
6,7,Marissa Jaret Winokur,percentage,26.0,False,0.16268784158063584,0.048026139675501296,0.3133617846315688
6,7,Jason Taylor,percentage,27.5,False,0.16649115549071453,0.04810096497580432,0.3705560720138504
6,7,Kristi Yamaguchi,percentage,27.0,False,0.1489618402590037,0.04366794580412599,0.2977637457947867
6,7,Mario,percentage,25.5,False,0.2875190590442784,0.07275870937172647,0.5372785507793897
6,8,Cristian de la Fuente,percentage,28.5,False,0.23564835387616265,0.05695985267809443,0.5549713037819698
6,8,Marissa Jaret Winokur,percentage,25.0,False,0.1914296095408675,0.05576340031366554,0.34155941760166797
6,8,Jason Taylor,percentage,26.0,False,0.19901922942039407,0.05406833178855774,0.4964784943239038
6,8,Kristi Yamaguchi,percentage,27.5,False,0.3152429533531965,0.047578007946559184,0.5754805089035823
6,8,Mario,percentage,26.5,True,0.05865985380937985,0.001758485129659598,0.13771587366518587
6,9,Cristian de la Fuente,percentage,28.0,False,0.2597687855017479,0.07208057757179893,0.6828543978168643
6,9,Marissa Jaret Winokur,percentage,26.0,True,0.09476259942688099,0.008364694837755524,0.22774119377197022
6,9,Jason Taylor,percentage,27.5,False,0.3471196820505178,0.06618264876580632,0.6982584520132802
6,9,Kristi Yamaguchi,percentage,28.5,False,0.2983489330208534,0.042111627754760704,0.7746088347400681
6,10,Cristian de la Fuente,percentage,26.0,False,0.14060369266074138,0.012297178855527115,0.3135875057468911
6,10,Jason Taylor,percentage,28.5,False,0.3134435456782842,0.09090913865173562,0.46657704334745315
6,10,Kristi Yamaguchi,percentage,30.0,False,0.5459527616609763,0.359408385421823,0.8466995819971692
7,1,Ted McGinley,percentage,18.5,True,0.012616905517038755,-0.021444442442145106,0.036331721782587624
7,1,Cloris Leachman,percentage,16.0,False,0.07843587504297339,0.02262641086234824,0.23340513713086627
7,1,Susan Lucci,percentage,18.5,False,0.09157027391951426,0.01585677653584681,0.20685736389568643
7,1,Cody Linley,percentage,20.5,False,0.0655760739970067,0.01360845427895195,0.17116577875216388
7,1,Misty May-Treanor,percentage,21.0,False,0.11236904102548884,0.010544829654043446,0.2756486759992952
7,1,Maurice Greene,percentage,19.5,False,0.07725514248794602,0.020330502197325503,0.16840778834198727
7,1,Warren Sapp,percentage,21.5,False,0.07097438146297919,0.012262486335853924,0.1642609560915436
7,1,Jeffrey Ross,percentage,12.0,True,0.025105238090811933,-0.03594427628873445,0.06012349915552251
7,1,Toni Braxton,percentage,22.5,False,0.05669742372039745,0.0050326347657587076,0.1499490489161351
7,1,Lance Bass,percentage,21.5,False,0.08663811302209953,0.006192437967617249,0.2318845417455857
7,1,Kim Kardashian,percentage,18.5,False,0.09773489320127382,0.015038338841829457,0.22296901119963802
7,1,Rocco DiSpirito,percentage,17.5,False,0.14090929464344926,0.028887073763444793,0.4052187482915144
7,1,Brooke Burke,percentage,24.5,False,0.08411734386902105,0.005938361576222115,0.22953946587231536
7,2,Cloris Leachman,percentage,15.0,False,0.09458140220987263,0.02484934633361749,0.19851268047907344
7,2,Susan Lucci,percentage,21.0,False,0.07939790977177084,0.015323376863789116,0.1698705987757777
7,2,Cody Linley,percentage,21.0,False,0.09114988907794953,0.006134511056281539,0.21866374897708166
7,2,Misty May-Treanor,percentage,21.0,False,0.10073787387812556,0.013911924065953249,0.2713216202122732
7,2,Maurice Greene,percentage,19.0,False,0.07790363599455237,0.010009234769577567,0.1943064816672477
7,2,Warren Sapp,percentage,24.0,False,0.06781505159245324,0.009086363480167205,0.17513287561971344
7,2,Toni Braxton,percentage,23.0,False,0.16514627445255334,0.013040556633718055,0.32491975654937055
7,2,Lance Bass,percentage,20.0,False,0.08860825946379738,0.01425496530168294,0.21083926620357513
7,2,Kim Kardashian,percentage,17.0,True,0.0168023355956505,-0.026625760771435244,0.04105329852477507
7,2,Rocco DiSpirito,percentage,16.0,False,0.12159022351761144,0.022676490693423285,0.23713428303972658
7,2,Brooke Burke,percentage,24.0,False,0.096267144445663,0.008734575278509718,0.2111766589789324
7,4,Cloris Leachman,percentage,22.0,False,0.14691203047323095,0.013871339244548454,0.4141660291497906
7,4,Susan Lucci,percentage,24.0,False,0.0975664001147221,0.012812791823186452,0.23414852661636765
7,4,Cody Linley,percentage,23.0,False,0.18366809578755527,0.018671932149993836,0.38944888294354474
7,4,Maurice Greene,percentage,20.0,False,0.11909170509879989,0.018425609198413212,0.25147026355587054
7,4,Warren Sapp,percentage,22.0,False,0.09045185562076526,0.009582418930887168,0.24199115577985553
7,4,Toni Braxton,percentage,22.0,False,0.09465421475945585,0.009750801870676323,0.2824115129245844
7,4,Lance Bass,percentage,26.0,False,0.09517717348668261,0.007679714067070723,0.2588789654435487
7,4,Rocco DiSpirito,percentage,18.0,True,0.026495487682554067,-0.016530780930975257,0.07029533184613579
7,4,Brooke Burke,percentage,26.0,False,0.14598303697623433,0.015703133159812345,0.25773414789216204
7,5,Cloris Leachman,percentage,21.0,False,0.13351827320621287,0.034220018709104474,0.34323418991917537
7,5,Susan Lucci,percentage,22.0,False,0.15425100759095653,0.04082708387690909,0.34880240323055756
7,5,Cody Linley,percentage,28.0,False,0.15004559013904464,0.0232237719767686,0.3381171464895457
7,5,Maurice Greene,percentage,27.0,False,0.11253412567399818,0.017137018370059515,0.3224601867276694
7,5,Warren Sapp,percentage,25.0,False,0.12099848070622826,0.019101592519804905,0.31705356673054097
7,5,Toni Braxton,percentage,22.0,True,0.030160244374059834,-0.008749063953022204,0.07572717912904443
7,5,Lance Bass,percentage,21.0,False,0.15835044262401066,0.03689444044978953,0.3337609728328257
7,5,Brooke Burke,percentage,29.0,False,0.1401418356854898,0.015412784806490519,0.2801116913893899
7,6,Cloris Leachman,percentage,15.0,True,0.04905704711578481,0.0001491578389237018,0.12204312270562452
7,6,Susan Lucci,percentage,23.0,False,0.1693567883470251,0.03353848272658546,0.33351998260570703
7,6,Cody Linley,percentage,23.0,False,0.21241014977715866,0.009605539546661249,0.6382127578095701
7,6,Maurice Greene,percentage,21.0,False,0.09935687834421532,0.01305676082928415,0.24671832755388048
7,6,Warren Sapp,percentage,25.0,False,0.13803225369696365,0.00936592296517175,0.3595177479535388
7,6,Lance Bass,percentage,27.0,False,0.15042475497613558,0.0209958745337503,0.3888689779408182
7,6,Brooke Burke,percentage,26.0,False,0.18136212774271743,0.013043135090745235,0.541412737842085
7,7,Susan Lucci,percentage,24.0,True,0.04509770089580947,0.0017780900709006078,0.10850574020621462
7,7,Cody Linley,percentage,22.0,False,0.2168825957678003,0.07127781206414593,0.4297252348910411
7,7,Maurice Greene,percentage,25.0,False,0.17103262422492954,0.03709066731284046,0.39322666161137476
7,7,Warren Sapp,percentage,21.0,False,0.257855106888688,0.06427834057113889,0.5242920835134057
7,7,Lance Bass,percentage,25.0,False,0.16231963245345335,0.037096674384608244,0.35686106401241413
7,7,Brooke Burke,percentage,30.0,False,0.1468123397693194,0.02394865588191872,0.32189141029578616
7,8,Cody Linley,percentage,24.0,False,0.24131986867574437,0.050048779968556244,0.5424333819385431
7,8,Maurice Greene,percentage,24.0,True,0.05728030057752867,0.0026328731920751557,0.13188293198467899
7,8,Warren Sapp,percentage,27.0,False,0.2985550740961944,0.061778046156367464,0.7080512532306882
7,8,Lance Bass,percentage,25.0,False,0.18200453827030125,0.0500518973066704,0.3839097266263671
7,8,Brooke Burke,percentage,27.5,False,0.22084021838022933,0.04469711466113434,0.5930682951865461
7,9,Cody Linley,percentage,23.0,True,0.09360314973311973,0.013289955684976621,0.18877210315084172
7,9,Warren Sapp,percentage,24.5,False,0.2017917494432084,0.062239829658554985,0.40313448244960115
7,9,Lance Bass,percentage,28.5,False,0.32576713638672217,0.06329737811899258,0.5722219989880141
7,9,Brooke Burke,percentage,24.5,False,0.3788379644369495,0.15197940894463738,0.684992948640232
7,10,Warren Sapp,percentage,27.5,False,0.2689802804619223,0.08017097691479622,0.4353226096136625
7,10,Lance Bass,percentage,27.5,False,0.13166749384249316,0.010716650815031946,0.28578795846142
7,10,Brooke Burke,percentage,30.0,False,0.599352225695584,0.36027558581998653,0.8769664778342116
8,2,Gilles Marini,percentage,27.0,False,0.057325955336328234,0.004028241341328009,0.1362518491702551
8,2,Denise Richards,percentage,21.0,False,0.07576766046280592,0.004763465811141704,0.20217242754664114
8,2,David Alan Grier,percentage,17.0,False,0.07569777944712057,0.014370352090726696,0.17845339324374712
8,2,Lawrence Taylor,percentage,20.0,False,0.0962368460933819,0.007398604742164663,0.3073610789357084
8,2,Ty Murray,percentage,20.0,False,0.07337550433107654,0.005903119658067377,0.22364480712617477
8,2,Shawn Johnson,percentage,24.0,False,0.08319605869335228,0.0033790236374674765,0.19017807091975014
8,2,Steve Wozniak,percentage,17.0,False,0.06376641246676143,0.017792791719254616,0.14289361249548105
8,2,Belinda Carlisle,percentage,18.0,True,0.009042487549166362,-0.02992624596459087,0.03461209454010743
8,2,Chuck Wicks,percentage,20.0,False,0.07655875945709979,0.011673375924193333,0.1734711908366614
8,2,Lil' Kim,percentage,23.0,False,0.07093794747539385,0.004675145102225097,0.15368499601892407
8,2,Steve-O,percentage,14.0,False,0.08049556875519626,0.017731627921467787,0.15345114945812116
8,2,Holly Madison,percentage,18.0,False,0.1366954644974136,0.020153552744854572,0.35377092390419956
8,2,Melissa Rycroft,percentage,26.0,False,0.10090355543490215,-0.0034904007521865746,0.3385320767455906
8,3,Gilles Marini,percentage,27.0,False,0.06843864413478906,-0.008246565050492427,0.22801955397175305
8,3,Denise Richards,percentage,16.0,True,0.014649455177916647,-0.03534429630940881,0.05451016692480086
8,3,David Alan Grier,percentage,24.0,False,0.13536118986528367,0.027188856138312144,0.3197537943448035
8,3,Lawrence Taylor,percentage,20.0,False,0.10121583776981055,0.006346960943002085,0.28045052756925787
8,3,Ty Murray,percentage,23.0,False,0.09154223931772697,0.011411167229585906,0.26347448209580887
8,3,Shawn Johnson,percentage,27.0,False,0.07974465604426476,0.003037659414513623,0.20543965896096056
8,3,Steve Wozniak,percentage,10.0,False,0.1204879381072334,0.03340254693292027,0.2620202645808138
8,3,Chuck Wicks,percentage,23.0,False,0.08495205571372288,0.011857891903200905,0.19200275117219406
8,3,Lil' Kim,percentage,25.0,False,0.06438166216209931,0.005005261095545683,0.18113133110802457
8,3,Steve-O,percentage,15.0,False,0.09188018267439926,0.015063797405042142,0.2075089429732726
8,3,Holly Madison,percentage,17.0,False,0.07335510853560037,0.010280471652986331,0.2014128297766421
8,3,Melissa Rycroft,percentage,27.0,False,0.0739910304971537,0.0023013605753036126,0.2050408078280138
8,4,Gilles Marini,percentage,30.0,False,0.12824699767654998,0.0111357208140001,0.3239250351266873
8,4,David Alan Grier,percentage,22.0,False,0.07718581560421127,0.017110560988771124,0.14921018113736326
8,4,Lawrence Taylor,percentage,19.0,False,0.10174310532062646,0.01576271300357012,0.27960715941872727
8,4,Ty Murray,percentage,25.0,False,0.11315212329901458,0.012726052117661615,0.30614486508366723
8,4,Shawn Johnson,percentage,25.0,False,0.08441270418449773,0.008718196822987962,0.2677997525939658
8,4,Steve Wozniak,percentage,12.0,True,0.03680392833338336,0.0002590121242886656,0.07580427628371117
8,4,Chuck Wicks,percentage,22.0,False,0.0914134532465513,0.010848516863867326,0.2136777764743796
8,4,Lil' Kim,percentage,27.0,False,0.10248239667427103,0.006801617535536692,0.23595524115004343
8,4,Steve-O,percentage,15.0,False,0.15806997691034638,0.051196348978396256,0.3342075543642866
8,4,Holly Madison,percentage,16.0,True,0.027011117876856117,-0.017569251570926814,0.07600259299512574
8,4,Melissa Rycroft,percentage,29.0,False,0.07947838087369324,0.0009695412402832837,0.20298875311193174
8,5,Gilles Marini,percentage,29.0,False,0.09518684030767725,0.005934655908031034,0.30458989271378256
8,5,David Alan Grier,percentage,22.0,True,0.020963933739559647,-0.01685811590589369,0.0559466139857393
8,5,Lawrence Taylor,percentage,20.0,False,0.10836868318683496,0.03070388132575079,0.25912338938866786
8,5,Ty Murray,percentage,21.0,False,0.1763918486968057,0.032149924967306495,0.4180546570192927
8,5,Shawn Johnson,percentage,26.0,False,0.19699819241077984,0.010713885919791711,0.4873398885391944
8,5,Chuck Wicks,percentage,23.0,False,0.10726054662519874,0.020856151662499114,0.26934447850157656
8,5,Lil' Kim,percentage,26.0,False,0.07120880698359337,0.01113125344481887,0.15507371103961384
8,5,Steve-O,percentage,18.0,False,0.11593182039511223,0.03988847438585827,0.23746162476876892
8,5,Melissa Rycroft,percentage,25.0,False,0.1076893276544385,0.012301265717382763,0.2921045193326425
8,6,Gilles Marini,percentage,26.0,False,0.10887598582281503,0.007904338203605104,0.2511836736842311
8,6,Lawrence Taylor,percentage,22.0,False,0.1252740112312557,0.014484853787045063,0.3947755060268416
8,6,Ty Murray,percentage,18.0,False,0.10947318554641144,0.02320559607573558,0.24990123811598863
8,6,Shawn Johnson,percentage,26.0,False,0.20600747429489039,0.021182331135859562,0.4624791906059173
8,6,Chuck Wicks,percentage,23.0,False,0.13904528239049108,0.009783221115273157,0.3399738067245199
8,6,Lil' Kim,percentage,28.0,False,0.10852169122665194,0.004126398282235572,0.2904744617957594
8,6,Steve-O,percentage,16.0,True,0.03656717249553644,-0.0216446377422725,0.08747447775903266
8,6,Melissa Rycroft,percentage,27.0,False,0.16623519699194603,0.006647820329484547,0.43771632807734595
8,7,Gilles Marini,percentage,27.0,False,0.1590203634035371,0.013992336125826645,0.5173607558406291
8,7,Lawrence Taylor,percentage,21.0,True,0.041828191949499195,0.0023835265160839668,0.09302198731511065
8,7,Ty Murray,percentage,24.0,False,0.2723988189292978,0.03104289577176839,0.5799009765088325
8,7,Shawn Johnson,percentage,28.0,False,0.13193313879439356,0.017805233507178234,0.28910205345312806
8,7,Chuck Wicks,percentage,27.0,False,0.1086514583166686,0.015195928258175883,0.293402259242664
8,7,Lil' Kim,percentage,26.0,False,0.15632780136672905,0.020367254542292157,0.3658805822089797
8,7,Melissa Rycroft,percentage,29.0,False,0.12984022723987282,0.0229632922071987,0.3302448243964747
8,8,Gilles Marini,percentage,27.5,False,0.16896688251774697,0.0307108163554096,0.34726128015166513
8,8,Ty Murray,percentage,26.0,False,0.1843523836037801,0.04617532363519118,0.3827007087067205
8,8,Shawn Johnson,percentage,26.0,False,0.23171206500159539,0.04875761896789475,0.4646304879043074
8,8,Chuck Wicks,percentage,25.5,True,0.04193024895987489,0.0018003660348133858,0.09470854162378407
8,8,Lil' Kim,percentage,28.0,False,0.18182089516834227,0.03266362491756659,0.5041391571259358
8,8,Melissa Rycroft,percentage,23.0,False,0.1912175247486622,0.06285148272427757,0.37203502037599134
8,9,Gilles Marini,percentage,28.0,False,0.24294355597259812,0.043702689924413785,0.5485664462586713
8,9,Ty Murray,percentage,23.0,False,0.26328551306354725,0.07582883039898207,0.6089802817248131
8,9,Shawn Johnson,percentage,28.0,False,0.2688609078224913,0.04869677649523482,0.5901227712848585
8,9,Lil' Kim,percentage,26.0,True,0.05627182192988744,0.0022601188425984985,0.14173859206263056
8,9,Melissa Rycroft,percentage,28.5,False,0.1686382012114746,0.027819448187216718,0.34695405195717816
8,10,Gilles Marini,percentage,30.0,False,0.24099322278568036,0.022380975818858305,0.6005750893365407
8,10,Ty Murray,percentage,24.0,True,0.074528471535242,0.004046842878444586,0.17519544383662167
8,10,Shawn Johnson,percentage,28.0,False,0.2745444509175178,0.04189382177754118,0.47746566643248534
8,10,Melissa Rycroft,percentage,27.5,False,0.40993385476155814,0.07461780446274889,0.8434868448340653
8,11,Gilles Marini,percentage,29.0,False,0.3036486465867468,0.11387389507095214,0.4617070218965383
8,11,Shawn Johnson,percentage,30.0,False,0.5583603339202439,0.3723404589170126,0.832523310099955
8,11,Melissa Rycroft,percentage,28.5,False,0.13799101949301154,0.01215118402955641,0.29463422878846657
9,1,Ashley Hamiliton,percentage,18.9999,True,-0.0004892109819164939,-0.11047139488748084,0.02898657552036636
9,1,Debi Mazar,percentage,22.0,False,0.0669766224246866,0.008021213880240744,0.173932274126833
9,1,Melissa Joan Hart,percentage,24.0,False,0.09227450362094673,0.007791279359211319,0.24906032254407212
9,1,Mark Dacascos,percentage,28.9998,False,0.06353351982926929,0.0024812518487590182,0.1851508401780775
9,1,Chuck Liddell,percentage,22.0,False,0.0645708114067,0.014873654080926828,0.16652310343905308
9,1,Natalie Coughlin,percentage,26.9998,False,0.05417228959383719,0.004896030278677736,0.1778548234784445
9,1,Louie Vito,percentage,26.9998,False,0.06334392770065497,0.008733522464123684,0.16723694047537974
9,1,Michael Irvin,percentage,19.0,False,0.08760891182057558,0.023551261168947922,0.2345877488805423
9,1,Joanna Krupa,percentage,33.9999,False,0.042162593243354314,-0.003994632646414538,0.12329078232305328
9,1,Kathy Ireland,percentage,19.9999,False,0.10979167997151625,0.015501318048422655,0.2897625078823333
9,1,Tom DeLay,percentage,19.9999,False,0.08267550115517089,0.013388894317631121,0.1921079257835963
9,1,Macy Gray,percentage,18.9999,True,0.009670662231384146,-0.044895769388496744,0.03917134440344255
9,1,Aaron Carter,percentage,31.9999,False,0.0635890683191267,0.0068802347959930395,0.14608010945573283
9,1,Mya,percentage,30.9999,False,0.0633916228453098,0.0036783999920346525,0.18620252341068486
9,1,Donny Osmond,percentage,29.9999,False,0.05741421979488334,0.0012292608026573358,0.1556489858058983
9,1,Kelly Osbourne,percentage,30.9998,False,0.07931327702449921,0.004413615148850025,0.25280114694710737
9,2,Debi Mazar,percentage,21.0,False,0.06371342282526107,0.002841578889335554,0.16446754279273812
9,2,Melissa Joan Hart,percentage,19.0,False,0.09053542167550449,0.006559860311290597,0.19944734723044277
9,2,Mark Dacascos,percentage,21.0,False,0.06810843856156597,-0.024868371328927347,0.24805366839264445
9,2,Chuck Liddell,percentage,19.0,False,0.07286846959509694,0.0133757436369933,0.22516504392492204
9,2,Natalie Coughlin,percentage,21.0,False,0.06981295567117302,0.010745325822541674,0.18221243161340975
9,2,Louie Vito,percentage,19.0,False,0.06880835917120541,-0.005192173301269559,0.23600571782577556
9,2,Michael Irvin,percentage,20.0,False,0.0695853545869721,0.0004110760666838605,0.19115639237249515
9,2,Joanna Krupa,percentage,20.0,False,0.08863538228468858,0.010504776979250546,0.24143637184567965
9,2,Kathy Ireland,percentage,18.0,True,0.0018749594974794156,-0.04807277086593348,0.028295868972664538
9,2,Tom DeLay,percentage,18.0,False,0.06890865016228248,-0.006380933065943291,0.15584217647284976
9,2,Aaron Carter,percentage,27.0,False,0.09617839505057559,0.0031341029582057055,0.2794591401706476
9,2,Mya,percentage,27.0,False,0.10050310129956516,0.009121454888595195,0.26762857965704623
9,2,Donny Osmond,percentage,25.0,False,0.07020917174244283,0.005866285845793018,0.17086990107038863
9,2,Kelly Osbourne,percentage,19.0,False,0.07025791787618646,0.007497780535848575,0.15650450754980685
9,3,Debi Mazar,percentage,17.0,True,0.000947201289403504,-0.0442253545129147,0.028544090841291895
9,3,Melissa Joan Hart,percentage,19.0,False,0.06649133176540459,0.0036220298263480895,0.1734267433464059
9,3,Mark Dacascos,percentage,18.0,False,0.0791459984179163,0.008361826501592161,0.18454784697074134
9,3,Chuck Liddell,percentage,17.0,False,0.09032506915201016,0.00884732009944083,0.2703921511138425
9,3,Natalie Coughlin,percentage,26.0,False,0.07857231890520867,-0.00833108911486376,0.24274178459305518
9,3,Louie Vito,percentage,20.0,False,0.06546780319385026,0.010183219955370705,0.16407309127678868
9,3,Michael Irvin,percentage,14.0,False,0.07782772272071747,0.01880328896029087,0.16236082403093993
9,3,Joanna Krupa,percentage,23.0,False,0.11564884764201483,0.010633145564726228,0.2389363963571337
9,3,Tom DeLay,percentage,15.0,False,0.0715899195654981,0.0110651605945343,0.16581992703313672
9,3,Aaron Carter,percentage,21.0,False,0.11470073378882144,0.011021074107207054,0.3044617106747196
9,3,Mya,percentage,27.0,False,0.10412941985894361,0.00633940916378347,0.24748501527503278
9,3,Donny Osmond,percentage,21.0,False,0.06748637965886613,0.005469756549849335,0.1832797036901688
9,3,Kelly Osbourne,percentage,20.0,False,0.06766725404134438,0.005966948173659427,0.15106110942780307
9,4,Melissa Joan Hart,percentage,28.0,False,0.14362007237583402,0.01663254845949765,0.3206433242188469
9,4,Mark Dacascos,percentage,22.0,False,0.07059879668881686,0.009467609607972601,0.16553499877503977
9,4,Chuck Liddell,percentage,17.0,True,0.016542035090848624,-0.019779558352643688,0.04460741582423708
9,4,Natalie Coughlin,percentage,24.0,False,0.08499042880246475,0.011797755170649654,0.24129537357893366
9,4,Louie Vito,percentage,16.0,False,0.10807090754201809,0.023307888237980693,0.2669012544787753
9,4,Michael Irvin,percentage,16.0,False,0.09605997927726483,0.019154913117756044,0.27565660926643476
9,4,Joanna Krupa,percentage,26.0,False,0.08436901380513949,0.006455264925987907,0.21489743242461848
9,4,Aaron Carter,percentage,18.0,False,0.11562433460449062,0.027107810895387517,0.2644726550052958
9,4,Mya,percentage,28.0,False,0.10652566605782321,0.009283440190645774,0.28490939805129023
9,4,Donny Osmond,percentage,24.0,False,0.09078359399673705,0.010746746540448923,0.1995682306455496
9,4,Kelly Osbourne,percentage,23.0,False,0.08281517175856046,0.010364261273996228,0.2123988696542451
9,5,Melissa Joan Hart,percentage,23.0,False,0.12708515950166224,0.01921025434241048,0.3549140758813865
9,5,Mark Dacascos,percentage,26.0,False,0.08434510184283871,0.00826646845082768,0.22944926296154797
9,5,Natalie Coughlin,percentage,22.0,True,0.019162964374619968,-0.02496517957043547,0.05682065074094925
9,5,Louie Vito,percentage,22.0,False,0.18623057879667998,0.02472569935672106,0.4509351342238114
9,5,Michael Irvin,percentage,21.0,False,0.08964943092830699,0.019569802202839832,0.2010556080642907
9,5,Joanna Krupa,percentage,24.0,False,0.1040317184733032,0.013590014317554001,0.28746813617782835
9,5,Aaron Carter,percentage,24.0,False,0.1261991701954647,0.019373553093496487,0.3001362034146246
9,5,Mya,percentage,27.0,False,0.08299460976310832,0.007992039118023566,0.212649874746377
9,5,Donny Osmond,percentage,29.0,False,0.07639011605570967,0.01112831634076903,0.18913076205742219
9,5,Kelly Osbourne,percentage,24.0,False,0.1039111500683058,0.017023275068414112,0.2696107330175184
9,6,Melissa Joan Hart,percentage,23.9999,True,0.03935411108611432,0.0021126800979627755,0.09174004235492768
9,6,Mark Dacascos,percentage,32.0,False,0.09350096736445115,0.021525196504209577,0.20600949842758795
9,6,Louie Vito,percentage,24.0,True,0.03547578899019465,-0.005634661065312055,0.08356088205121409
9,6,Michael Irvin,percentage,21.9998,False,0.113672087973858,0.04423081775454666,0.23410133871511332
9,6,Joanna Krupa,percentage,35.9999,False,0.1465485002343973,0.023593917708137208,0.3253578737581583
9,6,Aaron Carter,percentage,32.9998,False,0.15082362650833117,0.03037987339334946,0.3207221585261715
9,6,Mya,percentage,33.0,False,0.1505364669673222,0.01988911857741619,0.4292382804451486
9,6,Donny Osmond,percentage,30.9999,False,0.11225886229021453,0.01578985934624684,0.5089512493851297
9,6,Kelly Osbourne,percentage,24.9998,False,0.15782958858511792,0.03377771833869295,0.33005684940141067
9,7,Mark Dacascos,percentage,21.5,True,0.04384211465984199,0.0005881846469607994,0.09522506430493989
9,7,Michael Irvin,percentage,23.5,True,0.04418701337613406,0.005325726229628812,0.09620979965232102
9,7,Joanna Krupa,percentage,27.5,False,0.1986832269569675,0.02814093413323985,0.44790212161820375
9,7,Aaron Carter,percentage,26.5,False,0.14266867044226783,0.031183675579316054,0.292963801979168
9,7,Mya,percentage,24.5,False,0.2803534155199928,0.05376535647222352,0.6309848941839913
9,7,Donny Osmond,percentage,26.0,False,0.13446141190343278,0.03440997720220354,0.3941407656091604
9,7,Kelly Osbourne,percentage,26.0,False,0.1558041471413618,0.035863061154521425,0.3305853205979276
9,8,Joanna Krupa,percentage,26.0,False,0.32019206762624525,0.07216576274172401,0.6486595052749659
9,8,Aaron Carter,percentage,25.0,True,0.05759308717629761,0.0053160770078253886,0.13461121323503134
9,8,Mya,percentage,29.5,False,0.28478162299737636,0.03996580174252996,0.6222689967250062
9,8,Donny Osmond,percentage,25.0,False,0.1575053621746364,0.04666965974276826,0.3099818118570228
9,8,Kelly Osbourne,percentage,25.5,False,0.17992786002544478,0.04479891876145048,0.37689419530452833
9,9,Joanna Krupa,percentage,27.0,True,0.06760031747351523,0.0057998330473880266,0.17744875878454816
9,9,Mya,percentage,28.9999,False,0.3531985803389165,0.04366636217147999,0.7407449095879596
9,9,Donny Osmond,percentage,24.666600000000003,False,0.34959763976546615,0.07026071671546864,0.749967098369212
9,9,Kelly Osbourne,percentage,25.9998,False,0.2296034624221022,0.0433076468491616,0.5615563616449689
9,10,Mya,percentage,28.3332,False,0.27202493904721253,0.06852900627857803,0.46047377164350883
9,10,Donny Osmond,percentage,28.9998,False,0.5983972353390805,0.3819085593317147,0.8853354669343013
9,10,Kelly Osbourne,percentage,25.2222,False,0.12957782561370915,0.009221365501194807,0.294309303190887
10,2,Aiden Turner,percentage,19.0,False,0.1156030522901072,0.025704188175368535,0.2736154638952692
10,2,Shannen Doherty,percentage,20.0,True,0.012675884456046576,-0.02494127873620896,0.04043182283567529
10,2,Niecy Nash,percentage,21.0,False,0.11582360043343565,0.020245548804101825,0.27516701443651137
10,2,Buzz Aldrin,percentage,12.0,False,0.11086669716186894,0.05077179891611215,0.24174522355234665
10,2,Chad Ochocinco,percentage,16.0,False,0.10610820386560288,0.030118851121995985,0.2840351651901151
10,2,Evan Lysacek,percentage,24.0,False,0.12384116972385249,0.004429434108313771,0.390112443099377
10,2,Pamela Anderson,percentage,22.0,False,0.07377222086764897,0.01171400590913333,0.1571561970441548
10,2,Nicole Scherzinger,percentage,28.0,False,0.08153001578742397,0.00017901691400212805,0.25484178545107455
10,2,Erin Andrews,percentage,23.0,False,0.06779559738011323,0.00560456362975343,0.18290977399236766
10,2,Kate Gosselin,percentage,15.0,False,0.1210746561801892,0.03506807986694771,0.36207793528530985
10,2,Jake Pavelka,percentage,20.0,False,0.07090890185371126,0.020470920047056602,0.1522672592452775
10,3,Aiden Turner,percentage,20.0,False,0.08900681214762485,0.012509392362206622,0.23432056637873586
10,3,Niecy Nash,percentage,21.0,False,0.13880257134856805,0.025119389361691592,0.33965071665427826
10,3,Buzz Aldrin,percentage,13.0,True,0.032234997652302255,-0.012708423281164744,0.07141359163240157
10,3,Chad Ochocinco,percentage,20.0,False,0.09753575714645,0.01107396940834681,0.2792999496226127
10,3,Evan Lysacek,percentage,26.0,False,0.10289854396025365,0.004023365018126959,0.2758326824223829
10,3,Pamela Anderson,percentage,21.0,False,0.14752154035615847,0.01716760876143574,0.32856455863318107
10,3,Nicole Scherzinger,percentage,23.0,False,0.09872697954634112,0.0051032146103557885,0.2410607344741825
10,3,Erin Andrews,percentage,23.0,False,0.08558092030248468,0.0169703371919262,0.19856045709569092
10,3,Kate Gosselin,percentage,15.0,False,0.09514780150057327,0.02938539300160324,0.19652590517988497
10,3,Jake Pavelka,percentage,21.0,False,0.11254407603924381,0.014361745680614671,0.3080403798388881
10,4,Aiden Turner,percentage,16.5,True,0.024915353811123885,-0.010139080353115495,0.05954524638300585
10,4,Niecy Nash,percentage,18.0,False,0.10306614887352689,0.015900725370143896,0.27375446541092574
10,4,Chad Ochocinco,percentage,22.0,False,0.20370627475164688,0.025400858250813212,0.48461644955546984
10,4,Evan Lysacek,percentage,26.0,False,0.20701792861424403,0.024761947945027014,0.4538140532021339
10,4,Pamela Anderson,percentage,23.5,False,0.07404844205542228,0.007995848674591853,0.1640124666396305
10,4,Nicole Scherzinger,percentage,25.0,False,0.09020435507838982,0.0048584575735552485,0.2794326153179827
10,4,Erin Andrews,percentage,19.5,False,0.0955407453668773,0.017216579415080736,0.25128353275460724
10,4,Kate Gosselin,percentage,16.0,False,0.11107385857437194,0.01925485480858012,0.25200024407041494
10,4,Jake Pavelka,percentage,19.0,False,0.09042689287439501,0.009609840679642403,0.23149675489018173
10,5,Niecy Nash,percentage,18.0,False,0.1296568417719148,0.00996655804275678,0.33263751293125526
10,5,Chad Ochocinco,percentage,18.0,False,0.1227049986885251,0.02758060333750619,0.3290321637634166
10,5,Evan Lysacek,percentage,27.0,False,0.11605333742669224,0.005518451569988474,0.37100542383362173
10,5,Pamela Anderson,percentage,21.0,False,0.19427483303690085,0.023902704797945352,0.49771101534860956
10,5,Nicole Scherzinger,percentage,29.0,False,0.1012113194426071,0.004229734242667323,0.3406564775262598
10,5,Erin Andrews,percentage,22.0,False,0.1511253379109168,0.01763268670763566,0.3308148502327931
10,5,Kate Gosselin,percentage,15.0,True,0.04154791088445014,-0.01762045914917301,0.10041342460275599
10,5,Jake Pavelka,percentage,23.0,False,0.14342542083799267,0.02634331083022526,0.33154296067180483
10,6,Niecy Nash,percentage,25.9998,False,0.13494702063697842,0.03558369408810576,0.27027538952683927
10,6,Chad Ochocinco,percentage,30.9999,False,0.1297343002850742,0.01672335987151469,0.3368340809032793
10,6,Evan Lysacek,percentage,27.0,False,0.1990309766046427,0.05426197798956135,0.4870893508281221
10,6,Pamela Anderson,percentage,29.9998,False,0.209253091690617,0.023331826442693188,0.4715957971453544
10,6,Nicole Scherzinger,percentage,35.9999,False,0.11729239443896375,0.012985272617597882,0.3087295912034787
10,6,Erin Andrews,percentage,34.0,False,0.16559882683793112,0.024186204242568662,0.3705740913543324
10,6,Jake Pavelka,percentage,24.9999,True,0.04414338950579159,-0.019386682309974708,0.09847639279079176
10,7,Niecy Nash,percentage,24.5,False,0.2312553324636464,0.04711716526088049,0.5943050030023428
10,7,Chad Ochocinco,percentage,26.0,False,0.16627997494644553,0.039849520586219066,0.44379315237113004
10,7,Evan Lysacek,percentage,27.0,False,0.2556009956658975,0.0392549511736162,0.7383765980736393
10,7,Pamela Anderson,percentage,25.5,True,0.03609696605667394,-0.010917715224452892,0.08491765980247852
10,7,Nicole Scherzinger,percentage,27.0,False,0.16336754207492438,0.03487437212287519,0.3359871127092109
10,7,Erin Andrews,percentage,25.5,False,0.1473991887924132,0.020751261987189823,0.39235072442852975
10,8,Niecy Nash,percentage,21.5,True,0.07130185518769107,0.0015923656141273647,0.14955420139337008
10,8,Chad Ochocinco,percentage,22.5,False,0.35593113961642303,0.0668078655058704,0.7125597348215212
10,8,Evan Lysacek,percentage,26.5,False,0.25394495536195,0.030420104611516965,0.6052864632441652
10,8,Nicole Scherzinger,percentage,29.5,False,0.13123362807944905,0.01605449447493937,0.30836341839151404
10,8,Erin Andrews,percentage,26.5,False,0.18758842175448623,0.03901259436518497,0.3645029644026545
10,9,Chad Ochocinco,percentage,26.0,True,0.08320690734500744,0.008190946417742716,0.19776906579473064
10,9,Evan Lysacek,percentage,29.5,False,0.4074352300772772,0.15502131532052585,0.8302395251679959
10,9,Nicole Scherzinger,percentage,29.5,False,0.2737234903342048,0.028501833839799186,0.5649012557304793
10,9,Erin Andrews,percentage,28.0,False,0.23563437224351091,0.04366475694488375,0.5554983008308866
10,10,Evan Lysacek,percentage,26.8887,False,0.24888740253680078,0.07911626423706263,0.43529289743907146
10,10,Nicole Scherzinger,percentage,28.7777,False,0.6352516427172833,0.37248878201001434,0.8807073509866657
10,10,Erin Andrews,percentage,26.9998,False,0.11586095474591618,0.011746576078011679,0.29093563912195386
11,1,David Hasselhoff,percentage,15.0,True,0.011692702113089037,-0.027756242788365873,0.036562702321668174
11,1,Florence Henderson,percentage,18.0,False,0.10857304259849568,0.015938846059669193,0.27490467896441306
11,1,Kyle Massey,percentage,23.0,False,0.07240774182638891,0.002507643739289722,0.1886372332329267
11,1,Jennifer Grey,percentage,24.0,False,0.09444347216713025,0.0033136147792313247,0.23689653283883277
11,1,Rick Fox,percentage,22.0,False,0.0789194321806125,0.0005315196986833415,0.2148453453628904
11,1,Kurt Warner,percentage,19.0,False,0.08749919627228865,0.006066329693645644,0.28971937659028485
11,1,Margaret Cho,percentage,15.0,False,0.07647463855780666,0.014871263762420123,0.18524150441760884
11,1,Michael Bolton,percentage,16.0,False,0.08562358544728348,0.016192265592667232,0.2686720416116149
11,1,Brandy,percentage,23.0,False,0.13026178512967962,0.0069654817152871975,0.3358044706323908
11,1,The Situation,percentage,15.0,False,0.09646846651970818,0.02250869219857588,0.21908152992439328
11,1,Audrina Patridge,percentage,19.0,False,0.0994831417991821,0.006697921724540387,0.25576363129968976
11,1,Bristol Palin,percentage,18.0,False,0.058152795388336356,0.007975635818481088,0.15938778406689436
11,2,Florence Henderson,percentage,19.0,False,0.12198405119921914,0.017073513744627823,0.2823480714890325
11,2,Kyle Massey,percentage,22.0,False,0.13917370766787376,0.008667156639730493,0.3836374545569257
11,2,Jennifer Grey,percentage,24.0,False,0.06949768737365232,-0.011509211470435168,0.20662570506788758
11,2,Rick Fox,percentage,21.0,False,0.09198064507790579,0.002539669284748072,0.27310977015105775
11,2,Kurt Warner,percentage,21.0,False,0.09520687883833184,0.010211475523603998,0.25457481839180424
11,2,Margaret Cho,percentage,18.0,False,0.08872854067932925,0.015077642973793604,0.18232680712010058
11,2,Michael Bolton,percentage,12.0,True,0.02585482569779172,-0.01529564676747198,0.06375267722441287
11,2,Brandy,percentage,21.0,False,0.08510663881426467,0.0049187345731152715,0.19039277221952908
11,2,The Situation,percentage,18.0,False,0.08324800970347247,0.004892131701272194,0.19069340613917002
11,2,Audrina Patridge,percentage,23.0,False,0.11133261454103859,0.005627594680741698,0.3730957994092538
11,2,Bristol Palin,percentage,22.0,False,0.08788640040711988,-0.007584032289625309,0.283962043912998
11,3,Florence Henderson,percentage,20.0,False,0.17077287238823138,0.025611991282319335,0.40580661301194143
11,3,Kyle Massey,percentage,23.0,False,0.07705376580021996,0.010087408839789772,0.19243336356024174
11,3,Jennifer Grey,percentage,24.0,False,0.0955834075952178,0.013773107453461393,0.2136718639735023
11,3,Rick Fox,percentage,24.0,False,0.0667228185836671,0.007747715376960664,0.15721666193970774
11,3,Kurt Warner,percentage,23.0,False,0.10509131307644631,0.014439101709713579,0.2584522717928886
11,3,Margaret Cho,percentage,18.0,True,0.02178128347366001,-0.018894219262372763,0.05054601773565856
11,3,Brandy,percentage,24.0,False,0.12987583452210286,0.016294852759583676,0.2642918966865995
11,3,The Situation,percentage,20.0,False,0.10613351790875897,0.015491671742604574,0.31649445479647503
11,3,Audrina Patridge,percentage,26.0,False,0.09486504740849552,0.006383160965337725,0.2050896099913841
11,3,Bristol Palin,percentage,19.0,False,0.13212013924319957,0.016733654907449817,0.3700350062061185
11,4,Florence Henderson,percentage,17.5,False,0.12691555346846883,0.01716952919223333,0.38074541207083923
11,4,Kyle Massey,percentage,20.0,False,0.1451040826436363,0.009315236777197628,0.40878399981561137
11,4,Jennifer Grey,percentage,28.0,False,0.08055677235255945,0.0028465411738149357,0.20803821731752745
11,4,Rick Fox,percentage,19.5,False,0.13748174739363245,0.024825691984212486,0.27500408703835943
11,4,Kurt Warner,percentage,17.0,False,0.13658281297189026,0.011807334968983544,0.3220172385301722
11,4,Brandy,percentage,24.0,False,0.1302247797930802,0.01658236691523922,0.31553647570489496
11,4,The Situation,percentage,14.0,True,0.03525467072643543,-0.0019564852051309517,0.08041001145895225
11,4,Audrina Patridge,percentage,23.0,False,0.11495261761152531,0.015089978427276919,0.2663407326714146
11,4,Bristol Palin,percentage,16.0,False,0.0929269630387713,0.020654476023115875,0.21073337705292136
11,5,Florence Henderson,percentage,21.0,True,0.029248453252756258,-0.011229458697058787,0.08484231382685084
11,5,Kyle Massey,percentage,20.0,False,0.13226474544895347,0.033907463429750956,0.270393065368287
11,5,Jennifer Grey,percentage,25.0,False,0.09862853465137518,0.011064957916815645,0.23810587560032684
11,5,Rick Fox,percentage,24.0,False,0.11357196521682351,0.020350489331688662,0.3205632452017903
11,5,Kurt Warner,percentage,24.0,False,0.1342161330562906,0.016272861961041815,0.3641649208152412
11,5,Brandy,percentage,27.0,False,0.11222766779811635,0.012185379660904777,0.3023520586905488
11,5,Audrina Patridge,percentage,23.0,False,0.11709326048742097,0.019579114855054973,0.4674927656693669
11,5,Bristol Palin,percentage,18.0,False,0.26274924008826206,0.07419884211088448,0.477744368827413
11,6,Kyle Massey,percentage,29.9999,False,0.1309962342525902,0.03156581879463201,0.28430761077942185
11,6,Jennifer Grey,percentage,29.0,False,0.16709530366176556,0.05000523980745985,0.36665820323994136
11,6,Rick Fox,percentage,30.0,False,0.2048096632266263,0.04498304622454191,0.3845934157857671
11,6,Kurt Warner,percentage,21.9999,False,0.1814823435523779,0.07246973237360176,0.35056252309038727
11,6,Brandy,percentage,35.9999,False,0.12199755319442304,0.028789358677999796,0.23300343897873957
11,6,Audrina Patridge,percentage,31.9998,True,0.031189199135254204,0.0009261140087519813,0.07434050141218014
11,6,Bristol Palin,percentage,27.9998,False,0.16242970297696208,0.044418918049945445,0.31391124050141245
11,7,Kyle Massey,percentage,33.5,False,0.3216495146946128,0.06628301958072357,0.5813105085698771
11,7,Jennifer Grey,percentage,36.5,False,0.15671636289703259,0.04334793869133294,0.3379269963946507
11,7,Rick Fox,percentage,34.5,True,0.03873335355409253,0.002665346590483073,0.08474622711920633
11,7,Kurt Warner,percentage,35.0,False,0.12448219492420548,0.041742488038164736,0.267307529948572
11,7,Brandy,percentage,36.5,False,0.2110993767717825,0.035762888809232285,0.4417144335920345
11,7,Bristol Palin,percentage,32.5,False,0.14731919715827568,0.04110902573958686,0.3528683264349408
11,8,Kyle Massey,percentage,28.0,False,0.27236722812432235,0.05353476875653819,0.5592366528123789
11,8,Jennifer Grey,percentage,28.5,False,0.22905592634152008,0.0579267922031661,0.5118631681930618
11,8,Kurt Warner,percentage,24.0,True,0.06394525010196107,0.008947393096244535,0.1513446222080238
11,8,Brandy,percentage,28.5,False,0.18587535503859745,0.0256817609359559,0.44267297298114044
11,8,Bristol Palin,percentage,23.5,False,0.24875624039360014,0.060770576056053904,0.657162602167356
11,9,Kyle Massey,percentage,29.0,False,0.42617056181428137,0.12950804033913604,0.7143710744967388
11,9,Jennifer Grey,percentage,30.0,False,0.2386781578480787,0.040079106435036,0.5215953394122863
11,9,Brandy,percentage,28.5,True,0.06884125265290711,0.005018963843759666,0.15344177499330985
11,9,Bristol Palin,percentage,26.5,False,0.26631002768473033,0.08477485296674167,0.6039924060497414
11,10,Kyle Massey,percentage,27.3332,False,0.25903852652010595,0.04216603498362761,0.45576390292961605
11,10,Jennifer Grey,percentage,30.0,False,0.6217186128675642,0.36580960308852173,0.9218829821764455
11,10,Bristol Palin,percentage,25.666600000000003,False,0.11924286061233247,0.008047123853524366,0.28824258136571185
12,2,Ralph Macchio,percentage,21.0,False,0.06469957754032038,0.002853655233826087,0.17617549328885052
12,2,Chelsea Kane,percentage,18.0,False,0.09012075902958194,0.01729983021068679,0.21426408436171304
12,2,Kirstie Alley,percentage,20.0,False,0.08667818198710658,0.0034801258234349527,0.21364313640977742
12,2,Hines Ward,percentage,23.0,False,0.10133522717901583,0.01015389876966868,0.26778096598129913
12,2,Sugar Ray Leonard,percentage,17.0,False,0.07514250004966737,0.010317397150406412,0.22757257463717342
12,2,Chris Jericho,percentage,23.0,False,0.061063309653443504,0.004704245360019647,0.1479470168544081
12,2,Petra Nemcova,percentage,18.0,False,0.10220755802673388,0.02068840469119458,0.3044543136753494
12,2,Mike Catherwood,percentage,17.0,True,0.013818718721012343,-0.049940110473368854,0.05123745729140321
12,2,Romeo,percentage,23.0,False,0.0919111274448218,0.0038510222610293274,0.4267779975566322
12,2,Wendy Williams,percentage,17.0,False,0.13014567039676012,0.019388169742683706,0.3909227479922513
12,2,Kendra Wilkinson,percentage,19.0,False,0.18287736997153733,0.022150717518713704,0.650382287281701
12,3,Ralph Macchio,percentage,21.0,False,0.07616043864478385,0.003718112757815785,0.20816082343947934
12,3,Chelsea Kane,percentage,23.0,False,0.07812971473342634,-0.0019352811815238216,0.2238055818264523
12,3,Kirstie Alley,percentage,21.0,False,0.09166644964122062,0.011028367467201965,0.22007566661914804
12,3,Hines Ward,percentage,25.0,False,0.14086261558532362,0.007558552587359622,0.40997116986107063
12,3,Sugar Ray Leonard,percentage,20.0,False,0.0980642967314484,0.01017102391829681,0.2584710774166937
12,3,Chris Jericho,percentage,21.0,False,0.13420812403737414,0.021497967598273465,0.3014903152358599
12,3,Petra Nemcova,percentage,25.0,False,0.16122621981885069,0.0028608674763434608,0.3601348154852626
12,3,Romeo,percentage,20.0,False,0.09389448718419453,0.011543896359286022,0.20349240389001375
12,3,Wendy Williams,percentage,15.0,True,0.024270108788900107,-0.021156392792234247,0.06040180792486212
12,3,Kendra Wilkinson,percentage,23.0,False,0.10151754483447886,0.01385661994392691,0.2560459116960975
12,4,Ralph Macchio,percentage,25.0,False,0.08213553106931748,0.005897676747576867,0.18612391997826097
12,4,Chelsea Kane,percentage,26.0,False,0.13630518311608603,0.02531184140278156,0.35165289614928774
12,4,Kirstie Alley,percentage,22.0,False,0.10474314599399193,0.025175635035848146,0.2680294202724696
12,4,Hines Ward,percentage,25.0,False,0.14014239235960566,0.015033697202412839,0.44140126622789416
12,4,Sugar Ray Leonard,percentage,21.0,True,0.019862388112197885,-0.023422543138996835,0.056509789308261914
12,4,Chris Jericho,percentage,23.0,False,0.13176235134356518,0.017569144764214728,0.28387094520379036
12,4,Petra Nemcova,percentage,23.0,False,0.13216095240916104,0.016827636381294205,0.40292300492759403
12,4,Romeo,percentage,23.0,False,0.09561270166239462,0.014839438407010372,0.21953185786309828
12,4,Kendra Wilkinson,percentage,18.0,False,0.15727535393368117,0.04285288315517193,0.30820739815576714
12,5,Ralph Macchio,percentage,22.0,False,0.16006718387773877,0.02842112588058411,0.3829129824240231
12,5,Chelsea Kane,percentage,26.0,False,0.13915758568840172,0.02247974802209373,0.3437861729465746
12,5,Kirstie Alley,percentage,23.0,False,0.10323175066844437,0.02063118686266241,0.22458012641321995
12,5,Hines Ward,percentage,27.0,False,0.12924076139391394,0.013765043889557224,0.3954763199890018
12,5,Chris Jericho,percentage,26.0,False,0.1295655911717214,0.007324984868467596,0.3340123057638205
12,5,Petra Nemcova,percentage,22.0,True,0.022332705034887386,-0.018766265883572292,0.06512555840337106
12,5,Romeo,percentage,26.0,False,0.2216684875704113,0.017264650392709417,0.5168994635182517
12,5,Kendra Wilkinson,percentage,22.0,False,0.09473593459448057,0.01317867401015263,0.2661506704180156
12,6,Ralph Macchio,percentage,24.0,False,0.22817187138995312,0.07447269289711929,0.4952602832984428
12,6,Chelsea Kane,percentage,28.0,False,0.19292823202866236,0.06792209450494918,0.3764568792126294
12,6,Kirstie Alley,percentage,26.0,False,0.11237589383139494,0.017074044292822617,0.2272512895508475
12,6,Hines Ward,percentage,27.0,False,0.1873488401287168,0.027413399278997372,0.4422461104502271
12,6,Chris Jericho,percentage,22.0,True,0.04223160665845326,0.0022379957043777675,0.08742430989111655
12,6,Romeo,percentage,28.0,False,0.0962709250953123,0.010792546134132979,0.2241852169630621
12,6,Kendra Wilkinson,percentage,25.0,False,0.14067263086750573,0.02887964241241746,0.33857812440794066
12,7,Ralph Macchio,percentage,33.0,False,0.1421881657977646,0.031465842909811234,0.30009496789579876
12,7,Chelsea Kane,percentage,32.0,False,0.20939996780251685,0.04668933484719914,0.5062926061771356
12,7,Kirstie Alley,percentage,30.0,False,0.25712926460180935,0.07489703662898776,0.4239617930808453
12,7,Hines Ward,percentage,33.0,False,0.17580860004202334,0.03472835633722907,0.3911223738779543
12,7,Romeo,percentage,30.0,False,0.16933027686462473,0.05385224681464756,0.3840710697461482
12,7,Kendra Wilkinson,percentage,30.5,True,0.046143724891260236,0.002067964191964938,0.10389621048682052
12,8,Ralph Macchio,percentage,23.0,False,0.29209704809642306,0.1100191455963298,0.565581782833153
12,8,Chelsea Kane,percentage,27.5,False,0.19643098153493888,0.0408050272046651,0.42340366258699697
12,8,Kirstie Alley,percentage,26.5,False,0.24351483796256482,0.06764963736799084,0.5098334280263122
12,8,Hines Ward,percentage,27.0,False,0.21193088762944126,0.04071477252934537,0.4649878821153203
12,8,Romeo,percentage,26.0,True,0.05602624477662913,0.0016580567335025206,0.13046243775998434
12,9,Ralph Macchio,percentage,24.0,True,0.08952975147511458,0.009181900579419339,0.1908556250283306
12,9,Chelsea Kane,percentage,36.5,False,0.233342932382467,0.020946982504972213,0.6938855295795382
12,9,Kirstie Alley,percentage,27.0,False,0.2747300597850167,0.06563593186964752,0.5622359555637529
12,9,Hines Ward,percentage,30.0,False,0.4023972563574033,0.060882686797085625,0.7633779149806194
12,10,Chelsea Kane,percentage,29.666600000000003,False,0.13156746199278496,0.013147394801339907,0.2905578813895511
12,10,Kirstie Alley,percentage,27.9999,False,0.2904997146541847,0.12537628760876457,0.4400553354588984
12,10,Hines Ward,percentage,29.666600000000003,False,0.5779328233530295,0.3706279948987782,0.8229285087029742
13,1,Elisabetta Canalis,percentage,15.0,False,0.07235530214952884,0.010266888771113876,0.17682097321561835
13,1,David Arquette,percentage,18.0,False,0.07673661621403122,0.005935002275795716,0.19810099280965293
13,1,Ricki Lake,percentage,20.0,False,0.05876289943864282,0.003242408695960368,0.13639142879385163
13,1,J.R. Martinez,percentage,22.0,False,0.1008446380415332,0.006477811563477862,0.24717268807669457
13,1,Metta World Peace (Ron),percentage,14.0,True,0.01127734304117894,-0.057370140241615734,0.04520519480323004
13,1,Hope Solo,percentage,21.0,False,0.11881232733634997,0.0043164547654630635,0.37463061053785546
13,1,Chynna Phillips,percentage,22.0,False,0.07149838592306387,0.002019489404838447,0.2084836528978696
13,1,Kristin Cavallari,percentage,19.0,False,0.09011701563746055,0.006111392628902628,0.24062488405846383
13,1,Carson Kressley,percentage,17.0,False,0.09810793625261242,0.008312415719131154,0.2897928401159731
13,1,Chaz Bono,percentage,17.0,False,0.11074215564426988,0.0036056045827675756,0.33406703652803715
13,1,Nancy Grace,percentage,16.0,False,0.09050886986690017,0.013860793550426439,0.27702458669151114
13,1,Rob Kardashian,percentage,16.0,False,0.10023651045442729,0.011556103069234817,0.2692135147134969
13,2,Elisabetta Canalis,percentage,21.0,True,0.0024327345975926587,-0.04479699595342946,0.031737195284556693
13,2,David Arquette,percentage,18.0,False,0.10653675931730593,0.02795061232359864,0.260653136931129
13,2,Ricki Lake,percentage,23.0,False,0.07233605600965683,0.0012831766457774957,0.21777123415833002
13,2,J.R. Martinez,percentage,22.0,False,0.10076609147915129,0.0001301174751109635,0.24904121112149719
13,2,Hope Solo,percentage,19.0,False,0.10683422787952977,0.012272551336958822,0.28336556170031735
13,2,Chynna Phillips,percentage,21.0,False,0.06172929182381756,0.01100775544363157,0.1526022763901891
13,2,Kristin Cavallari,percentage,22.0,False,0.21470337489211916,0.020540333586517936,0.3951546805936379
13,2,Carson Kressley,percentage,18.0,False,0.0863397705664598,0.01596408391586248,0.19047097004482277
13,2,Chaz Bono,percentage,17.0,False,0.08697678945642538,0.005341148305196296,0.17685536066802685
13,2,Nancy Grace,percentage,21.0,False,0.08795496274765534,0.005030437099275293,0.20435973738134075
13,2,Rob Kardashian,percentage,21.0,False,0.07338994123028614,0.0057446985484669415,0.1907870983996347
13,3,David Arquette,percentage,24.0,False,0.11445246243493062,0.016426378546133318,0.2786527509602972
13,3,Ricki Lake,percentage,27.0,False,0.0975769550996024,0.015343865898944462,0.26132409446781796
13,3,J.R. Martinez,percentage,26.0,False,0.12492807556037042,0.013074944104259696,0.27191592329918296
13,3,Hope Solo,percentage,24.0,False,0.11531474544456385,0.017524335345284824,0.2843687941680416
13,3,Chynna Phillips,percentage,26.0,False,0.10611388399537237,0.004532033271844718,0.3423318638167948
13,3,Kristin Cavallari,percentage,24.0,True,0.01179597507065247,-0.029211518692139886,0.04165660083365309
13,3,Carson Kressley,percentage,23.0,False,0.14247180942164028,0.034945129643622765,0.38978711748018935
13,3,Chaz Bono,percentage,18.0,False,0.11162674517530138,0.039226176503587576,0.24530140999473254
13,3,Nancy Grace,percentage,21.0,False,0.09686935966718976,0.024777237696391903,0.21921748092619042
13,3,Rob Kardashian,percentage,24.0,False,0.07884998813037636,0.01794386643984438,0.16941210882834726
13,4,David Arquette,percentage,23.0,False,0.11163126913361562,0.01213159790943752,0.36938549956400596
13,4,Ricki Lake,percentage,29.0,False,0.10942914552793977,0.011911241989738868,0.3025840283462816
13,4,J.R. Martinez,percentage,26.0,False,0.07849039501830801,0.005343161723576295,0.21814492166631358
13,4,Hope Solo,percentage,24.0,False,0.13857322919337933,0.017867663129150158,0.318270404796403
13,4,Chynna Phillips,percentage,21.0,True,0.023744383535823775,-0.020929579801348505,0.05926661482591404
13,4,Carson Kressley,percentage,20.0,False,0.11819368450235504,0.027450546010728872,0.33018171629311305
13,4,Chaz Bono,percentage,21.0,False,0.15154622230120243,0.0378600403922249,0.34215451594344326
13,4,Nancy Grace,percentage,21.0,False,0.12649381864714743,0.021390272698653748,0.266051506348402
13,4,Rob Kardashian,percentage,24.0,False,0.14189785214022982,0.04080818089067347,0.29206469750835495
13,5,David Arquette,percentage,25.0,False,0.1701978454445786,0.022053511909000748,0.3399502113489566
13,5,Ricki Lake,percentage,24.0,False,0.2197427423835823,0.03118736976424018,0.49041128297160186
13,5,J.R. Martinez,percentage,28.0,False,0.11188292891944795,0.005355401138450937,0.3689788050944496
13,5,Hope Solo,percentage,24.0,False,0.10498958415753976,0.020716988740536797,0.23293377443191088
13,5,Carson Kressley,percentage,19.0,True,0.034212778509806405,-0.011404829546311099,0.08633096835631497
13,5,Chaz Bono,percentage,21.0,False,0.12252077919464811,0.021697842183546888,0.2764531786807716
13,5,Nancy Grace,percentage,22.0,False,0.11056735021874804,0.021595255266030518,0.244452183868087
13,5,Rob Kardashian,percentage,25.0,False,0.12588599117165042,0.019081541382895167,0.2957243820872443
13,6,David Arquette,percentage,23.0,False,0.11890768837041887,0.013763594775930674,0.26337804188769226
13,6,Ricki Lake,percentage,29.0,False,0.17562911612359614,0.01731000277382925,0.49472878418584415
13,6,J.R. Martinez,percentage,29.0,False,0.14984231988390379,0.007336648618458418,0.4180403774948418
13,6,Hope Solo,percentage,20.0,False,0.22336108980244138,0.04542710993238075,0.49961757777844534
13,6,Chaz Bono,percentage,19.0,True,0.037738521954117,-0.010996687625217738,0.09291466085317057
13,6,Nancy Grace,percentage,24.0,False,0.1420180041251377,0.011658712581383512,0.35014619536468633
13,6,Rob Kardashian,percentage,22.0,False,0.1525032597403839,0.013693806386876742,0.3885577708393113
13,7,David Arquette,percentage,23.5,True,0.044154760652475866,0.0014688375588649781,0.0988903773811626
13,7,Ricki Lake,percentage,26.5,False,0.18037852806853363,0.030119328359948138,0.3955098708336488
13,7,J.R. Martinez,percentage,24.0,False,0.16739961915169166,0.048059140126136005,0.30692484643124285
13,7,Hope Solo,percentage,25.0,False,0.23219092073312253,0.05376551125132966,0.47885064499708985
13,7,Nancy Grace,percentage,22.0,False,0.18945102838838584,0.04573985531870138,0.3594903592687556
13,7,Rob Kardashian,percentage,25.5,False,0.18642514300578988,0.04332552209217434,0.37494015307029427
13,8,Ricki Lake,percentage,26.0,False,0.161303658469222,0.02328015227520052,0.4076914781292277
13,8,J.R. Martinez,percentage,30.0,False,0.3356189511398836,0.058853928079794206,0.7835680231532731
13,8,Hope Solo,percentage,26.0,False,0.17736318352649352,0.03165829254576077,0.4769259290712956
13,8,Nancy Grace,percentage,22.0,True,0.05385435523374607,0.001609520197260468,0.1316942574378942
13,8,Rob Kardashian,percentage,25.5,False,0.2718598516306577,0.032156177132720794,0.6232537809515202
13,9,Ricki Lake,percentage,33.4999,False,0.4398113774484614,0.07629697802474773,0.7905508962981734
13,9,J.R. Martinez,percentage,28.0,False,0.28504996768588126,0.0599363124328589,0.6901365878243146
13,9,Hope Solo,percentage,24.4998,True,0.08666496146603708,0.009532344628089476,0.19345419047373613
13,9,Rob Kardashian,percentage,32.4998,False,0.18847369339962175,0.04965034810163995,0.44810956294481363
13,10,Ricki Lake,percentage,27.9999,False,0.11178306328811397,0.007841264123800507,0.283175118075863
13,10,J.R. Martinez,percentage,28.1665,False,0.6324133974902614,0.3866214343010441,0.9291474453248576
13,10,Rob Kardashian,percentage,28.3332,False,0.2558035392216228,0.04466434325349488,0.45357205103153875
14,2,William Levy,percentage,25.0,False,0.11259752888992093,0.010487779366488537,0.2337654625558092
14,2,Jack Wagner,percentage,21.0,False,0.1393157611654637,0.010983739598217912,0.33886962949870436
14,2,Sherri Sheperd,percentage,23.0,False,0.0735772469275692,0.012452651562756697,0.21930883178297905
14,2,Jaleel White,percentage,22.0,False,0.05821277155256763,0.006855328923848153,0.1377268793994217
14,2,Roshon Fegan,percentage,26.0,False,0.09119833840431565,0.002912467390711951,0.23934779175514612
14,2,Melissa Gilbert,percentage,20.0,False,0.11637222538992897,0.014628715849733867,0.30650997546440445
14,2,Martina Navratilova,percentage,17.0,True,0.016001135719904223,-0.02543109204594336,0.05462599179288913
14,2,Donald Driver,percentage,24.0,False,0.07440858284062205,0.002085385930377666,0.16751345872065995
14,2,Gavin DeGraw,percentage,21.0,False,0.08009419958949887,0.010490727292943203,0.25876495343873746
14,2,Gladys Knight,percentage,19.0,False,0.08794448483154037,-0.003125606627714288,0.24491731434443964
14,2,Katherine Jenkins,percentage,26.0,False,0.10237645917357366,0.00355630083271348,0.2683275056489258
14,2,Maria Menounos,percentage,25.0,False,0.04790126551509456,0.001512124272843085,0.14885308513085396
14,3,William Levy,percentage,28.0,False,0.0913787923681902,0.010328996021548735,0.2629718852312121
14,3,Jack Wagner,percentage,24.0,True,0.014783512016186167,-0.0265741412246613,0.0427147520387492
14,3,Sherri Sheperd,percentage,24.0,False,0.10256808996590731,0.011101338377408954,0.20740034639187932
14,3,Jaleel White,percentage,25.0,False,0.08593841947676757,0.011887321015125287,0.18865837731268817
14,3,Roshon Fegan,percentage,25.0,False,0.11489164833864277,0.016872995174617517,0.2895432357440131
14,3,Melissa Gilbert,percentage,24.0,False,0.11272573990096706,0.028777447247068266,0.25240266310097914
14,3,Donald Driver,percentage,26.0,False,0.07344789072400615,0.011591557333134911,0.15516449771036175
14,3,Gavin DeGraw,percentage,24.0,False,0.15341075154615896,0.029109076222345757,0.2886470736728297
14,3,Gladys Knight,percentage,24.0,False,0.09331060502297713,0.016133062611678774,0.20634916615290433
14,3,Katherine Jenkins,percentage,29.0,False,0.0822845885097648,0.015439363816479037,0.19039532799658387
14,3,Maria Menounos,percentage,27.0,False,0.0752599621304312,0.01246381309094852,0.15992611430679934
14,4,William Levy,percentage,22.0,False,0.09827630733633948,0.017714332421837457,0.22344814910526023
14,4,Sherri Sheperd,percentage,21.0,True,0.019116606641837907,-0.008749981847355186,0.046961049266240326
14,4,Jaleel White,percentage,22.0,False,0.13283265296550534,0.027699544366808153,0.30338477053204443
14,4,Roshon Fegan,percentage,26.0,False,0.12994043562618776,0.02161395410392757,0.2916556414286381
14,4,Melissa Gilbert,percentage,22.0,False,0.12959025072208893,0.021314112222492403,0.2990773530053149
14,4,Donald Driver,percentage,27.0,False,0.1003227992670018,0.00407859583154391,0.25456398564740257
14,4,Gavin DeGraw,percentage,23.0,False,0.07734077607144402,0.008018185237983016,0.18627250613039212
14,4,Gladys Knight,percentage,20.0,False,0.09803705807181333,0.008166502485987184,0.23368028714459055
14,4,Katherine Jenkins,percentage,24.0,False,0.13539663949018524,0.012135189440784896,0.34006608310156244
14,4,Maria Menounos,percentage,26.0,False,0.07914647380759508,0.010699779771934974,0.1990842921718291
14,5,William Levy,percentage,29.0,False,0.11041530154391145,0.013547478980387072,0.3989016250057065
14,5,Jaleel White,percentage,24.0,False,0.09883040798322791,0.01397718747152563,0.21844988153164352
14,5,Roshon Fegan,percentage,26.0,False,0.10899844748442869,0.012451363859517766,0.2969611287214154
14,5,Melissa Gilbert,percentage,21.0,False,0.11077723954468183,0.01236557953328029,0.31772591356309643
14,5,Donald Driver,percentage,27.0,False,0.17535522953235205,0.04411933241170902,0.3321727251864264
14,5,Gavin DeGraw,percentage,19.0,True,0.03031299397664488,-0.014647210041323237,0.0727469950544685
14,5,Gladys Knight,percentage,22.0,False,0.11817351413101716,0.01571656491889093,0.30967256955216715
14,5,Katherine Jenkins,percentage,29.0,False,0.09999510768524213,0.007464837482223548,0.23420576993771003
14,5,Maria Menounos,percentage,27.0,False,0.1471417581184941,0.022731532197826414,0.408477428678272
14,6,William Levy,percentage,36.0,False,0.10061243461673437,0.008611167340259476,0.2612188403112715
14,6,Jaleel White,percentage,36.9998,False,0.09375324385917544,0.014074942042369691,0.20167135978562387
14,6,Roshon Fegan,percentage,27.9998,False,0.3107188837760396,0.06517272050638781,0.5644740745576643
14,6,Melissa Gilbert,percentage,30.0,False,0.1378421645111082,0.020698064909871746,0.3402100986998318
14,6,Donald Driver,percentage,33.9999,False,0.0997533926733441,0.004777176010042898,0.2828152434415709
14,6,Gladys Knight,percentage,24.0,True,0.03708243889547373,-0.013924816567446548,0.08148979869401926
14,6,Katherine Jenkins,percentage,38.9999,False,0.09715632833980598,0.005440119393648416,0.261762250127851
14,6,Maria Menounos,percentage,29.9999,False,0.12308111332831832,0.023815260371775667,0.2871531083511029
14,7,William Levy,percentage,26.5,False,0.19986935864264657,0.03693233278993564,0.4899088676524882
14,7,Jaleel White,percentage,25.5,True,0.02721943128842101,-0.007721089523250511,0.07508126942278905
14,7,Roshon Fegan,percentage,26.0,False,0.15176217675614628,0.030117300223156535,0.3843008730803059
14,7,Melissa Gilbert,percentage,23.5,False,0.13737063738978214,0.02940064161516584,0.3098811457931981
14,7,Donald Driver,percentage,26.5,False,0.1966533150194998,0.029975598802367907,0.5493468952050036
14,7,Katherine Jenkins,percentage,27.0,False,0.1343094366087195,0.03565249181653373,0.3471303146776931
14,7,Maria Menounos,percentage,28.5,False,0.1528156442947809,0.015663075034273055,0.47980882591732255
14,8,William Levy,percentage,28.5,False,0.16286876338142034,0.05580071234434317,0.31130820869188747
14,8,Roshon Fegan,percentage,28.0,True,0.05672992087954401,0.005445410995088971,0.12293671292689493
14,8,Melissa Gilbert,percentage,25.5,True,0.053394703525896946,0.0026120302920756636,0.10877500232479949
14,8,Donald Driver,percentage,27.5,False,0.28250133966793173,0.07208812787561969,0.6229840733324951
14,8,Katherine Jenkins,percentage,27.5,False,0.1689789249675064,0.05449132003295649,0.4014689044476285
14,8,Maria Menounos,percentage,26.5,False,0.2755263475777013,0.05721704386471893,0.5690183269070016
14,9,William Levy,percentage,29.0,False,0.24810927307377717,0.08612019944400683,0.42624682778903583
14,9,Donald Driver,percentage,28.5,False,0.28204853171389344,0.08975021071628445,0.5250338255308987
14,9,Katherine Jenkins,percentage,28.0,False,0.392499122906334,0.15593816308633415,0.6844812434180158
14,9,Maria Menounos,percentage,29.5,True,0.07734307230599745,0.008189779012710688,0.1780286255800033
14,10,William Levy,percentage,29.666600000000003,False,0.1094209903907408,0.008803445210748554,0.267274317937019
14,10,Donald Driver,percentage,29.666600000000003,False,0.6355647202846585,0.40268065061387587,0.8792741431347895
14,10,Katherine Jenkins,percentage,30.0,False,0.2550142893246009,0.08773078151893295,0.43947149558574794
15,1,Gilles Marini,percentage,24.0,False,0.09709052512988692,0.0015297096354308197,0.2456028526847193
15,1,Sabrina Bryan,percentage,22.5,False,0.07392375545534345,0.002502690131237754,0.1782928971246342
15,1,Kirstie Alley,percentage,19.0,False,0.07436562603847395,0.008947867629922057,0.16233016069860998
15,1,Kelly Monaco,percentage,21.5,False,0.06101585939612562,0.009039843042790305,0.15898255927395127
15,1,Apolo Anton Ohno,percentage,22.0,False,0.0663911923393043,0.008574663331875395,0.1807235627339615
15,1,Emmitt Smith,percentage,24.5,False,0.09493489685146689,0.00494118114642092,0.2691291499873155
15,1,Shawn Johnson,percentage,22.0,False,0.11699832896267165,0.01926032512303849,0.33485159792137836
15,1,Pamela Anderson,percentage,17.0,True,0.012475919265498788,-0.019606460900198675,0.044937457557933214
15,1,Helio Castroneves,percentage,21.5,False,0.07208002948756476,0.010540088410404255,0.16844082809442823
15,1,Joey Fatone,percentage,20.5,False,0.09798383894460995,0.008001300884470488,0.2283470980783993
15,1,Drew Lachey,percentage,21.5,False,0.07935341659358015,0.004339532425133239,0.2722367642661452
15,1,Bristol Palin,percentage,19.5,False,0.06256554691673204,0.00873399360360177,0.1377868042810801
15,1,Melissa Rycroft,percentage,21.0,False,0.0908210646187425,0.005717318984100814,0.19998115141941517
15,2,Gilles Marini,percentage,25.5,False,0.06871260469439971,0.005524217919723401,0.18087513950170594
15,2,Sabrina Bryan,percentage,26.0,False,0.07977311871328163,0.00476757232123548,0.18746951789295035
15,2,Kirstie Alley,percentage,21.0,False,0.13405974785336705,0.011400675035562944,0.35250348228613454
15,2,Kelly Monaco,percentage,22.0,False,0.09869671262519089,0.009067729593270984,0.26534926799337105
15,2,Apolo Anton Ohno,percentage,24.5,False,0.09938042074702946,0.012396206062915655,0.30089564845466804
15,2,Emmitt Smith,percentage,22.5,False,0.07785928167207781,0.013667267981956993,0.18544513955457437
15,2,Shawn Johnson,percentage,25.0,False,0.07535227721697517,0.005640952445980667,0.17236448826338946
15,2,Helio Castroneves,percentage,23.0,False,0.09079865934672555,0.013626703388921413,0.2330122869066215
15,2,Joey Fatone,percentage,22.5,True,0.007990508241685644,-0.03141722834771527,0.03069703870127907
15,2,Drew Lachey,percentage,22.5,False,0.08670135880069388,0.007008125216588428,0.26531353357458937
15,2,Bristol Palin,percentage,18.0,False,0.0849850311005246,0.025780237607574703,0.1708892562727002
15,2,Melissa Rycroft,percentage,23.5,False,0.09569027898804884,0.012918454078738106,0.2915497093146042
15,3,Gilles Marini,percentage,25.5,False,0.10575679153483386,0.029088474122424893,0.23366209525764306
15,3,Sabrina Bryan,percentage,25.5,False,0.08870575987650595,0.02599968726685581,0.18485080356609365
15,3,Kirstie Alley,percentage,24.0,False,0.09610799720978372,0.03336618495374291,0.2237387611688833
15,3,Kelly Monaco,percentage,27.0,False,0.09878937455448669,0.020191009060822135,0.2488830728152609
15,3,Apolo Anton Ohno,percentage,25.5,False,0.10790791544114209,0.030814664017313177,0.31453686326179964
15,3,Emmitt Smith,percentage,25.0,False,0.10069136694466872,0.03112725335543301,0.22717879090973675
15,3,Shawn Johnson,percentage,26.5,False,0.0792763987933411,0.021128788700592028,0.18105830026483039
15,3,Helio Castroneves,percentage,25.5,True,0.018482225184476467,-0.025889510564855486,0.04280820147459896
15,3,Drew Lachey,percentage,24.0,True,0.022343392861589956,-0.01377809092740323,0.04460332674605579
15,3,Bristol Palin,percentage,22.5,False,0.12475671273203627,0.04307904853066289,0.2635506693618659
15,3,Melissa Rycroft,percentage,27.0,False,0.15718206486713585,0.031025900800383227,0.3412508115902841
15,4,Gilles Marini,percentage,39.5,False,0.13091764876254713,0.01385973675325048,0.38928244151621433
15,4,Sabrina Bryan,percentage,35.5,False,0.1247129559403468,0.025412502134634724,0.278507765837071
15,4,Kirstie Alley,percentage,30.0,False,0.11861496657643941,0.03172982971168231,0.23781699815895666
15,4,Kelly Monaco,percentage,37.5,False,0.13528628533933615,0.016397838729540093,0.39147061655326854
15,4,Apolo Anton Ohno,percentage,34.5,False,0.12445904885091634,0.029175444263382637,0.333414228142165
15,4,Emmitt Smith,percentage,36.0,False,0.18583183062612232,0.02196568123634862,0.3657434057528529
15,4,Shawn Johnson,percentage,39.5,False,0.07694640356423983,0.012453391421166152,0.19892191435829717
15,4,Bristol Palin,percentage,32.0,True,0.02246722510555033,-0.023749207517624035,0.05464154376625138
15,4,Melissa Rycroft,percentage,37.0,False,0.08076363523450183,0.01717580985577235,0.20023958319824536
15,6,Gilles Marini,percentage,27.5,False,0.15901925284267973,0.021098399205785587,0.36717938321020194
15,6,Sabrina Bryan,percentage,30.0,True,0.01877319268728926,-0.0102676610397518,0.05041865288316719
15,6,Kirstie Alley,percentage,27.5,False,0.19973673628399438,0.02910580445271104,0.438270267165345
15,6,Kelly Monaco,percentage,27.0,False,0.12368215274863809,0.03142047416432289,0.32722102705575956
15,6,Apolo Anton Ohno,percentage,30.0,False,0.126795247130493,0.014613574650810864,0.3689844696576655
15,6,Emmitt Smith,percentage,26.5,False,0.1028701056654996,0.034143944222142245,0.2137319669370985
15,6,Shawn Johnson,percentage,28.0,False,0.1030333606158992,0.024595410669222446,0.2386896524457769
15,6,Melissa Rycroft,percentage,29.5,False,0.1660899520255051,0.033225522483046915,0.48464448778075553
15,8,Gilles Marini,percentage,29.2777,True,0.04787545648756886,0.0020213177228138035,0.10832292755007382
15,8,Kirstie Alley,percentage,25.5,True,0.05585448717172909,0.005751188240113012,0.1171561731094888
15,8,Kelly Monaco,percentage,28.3333,False,0.23583848723522827,0.07884748503865886,0.481015957571177
15,8,Apolo Anton Ohno,percentage,29.2777,False,0.16144307871745406,0.055839093851629565,0.34465093589838247
15,8,Emmitt Smith,percentage,29.0554,False,0.15846745927739356,0.05514186525148297,0.32286488495043325
15,8,Shawn Johnson,percentage,27.8333,False,0.1540730320409251,0.05029738717232398,0.36551442506296833
15,8,Melissa Rycroft,percentage,30.0,False,0.18644799906970047,0.058547303015499354,0.3685326090741483
15,9,Kelly Monaco,percentage,27.111,False,0.2803745800370688,0.09706516881622454,0.540000515234426
15,9,Apolo Anton Ohno,percentage,28.611,True,0.07831603574908136,0.0051407711104082265,0.18023707085665766
15,9,Emmitt Smith,percentage,27.0,True,0.08319226035225913,0.009149771962229346,0.1801231048307572
15,9,Shawn Johnson,percentage,29.5,False,0.19442052279784758,0.07997813514540895,0.38738779847458876
15,9,Melissa Rycroft,percentage,28.7777,False,0.3636966010637459,0.12975975227931397,0.6813673637007329
15,10,Kelly Monaco,percentage,29.1109,False,0.12416566314179514,0.013082317408471756,0.25987433892586753
15,10,Shawn Johnson,percentage,28.9443,False,0.3047176803708336,0.16651732143592066,0.450057689445667
15,10,Melissa Rycroft,percentage,29.3331,False,0.5711166564873716,0.39628035486045976,0.7571585497530338
16,3,Ingo Rademacher,percentage,21.0,False,0.07953289183572959,0.01962919928604593,0.1873709090001492
16,3,Zendaya,percentage,25.9998,False,0.06786682513021755,0.004348899026304345,0.19430388368778084
16,3,Victor Ortiz,percentage,23.0,False,0.09114708806262527,0.001994288053293221,0.2814766891702496
16,3,Alexandra Raisman,percentage,23.0,False,0.1335206910697952,0.011844623805823955,0.47538353441703074
16,3,Jacoby Jones,percentage,25.9998,False,0.06141008785787842,0.0002305053625368749,0.16379961194395137
16,3,D. L. Hughley,percentage,16.0,False,0.11055382524327652,0.02388162175134754,0.25043258170173416
16,3,Andy Dick,percentage,18.0,False,0.14738578461169513,0.022777055853101417,0.3694679737159179
16,3,Wynonna Judd,percentage,15.0,True,0.024623867149948405,-0.026701472759972963,0.062392046445083116
16,3,Kellie Pickler,percentage,25.0,False,0.07226614031496759,0.006699519803100356,0.16496132444347877
16,3,Lisa Vanderpump,percentage,21.0,False,0.1025926259077627,0.014912446311844844,0.2574108489869759
16,3,Sean Lowe,percentage,21.0,False,0.10910017281610232,0.01457991370869148,0.3473128666372735
16,4,Ingo Rademacher,percentage,23.0,False,0.10214035750500369,0.012546134951484808,0.2725611577810475
16,4,Zendaya,percentage,26.0,False,0.15201690885097147,0.013115341908441656,0.39834368446398244
16,4,Victor Ortiz,percentage,18.0,False,0.1049175999935163,0.015671050939048813,0.35298606711923436
16,4,Alexandra Raisman,percentage,27.0,False,0.1148841771699148,0.006888286800162818,0.24450681487097636
16,4,Jacoby Jones,percentage,24.0,False,0.11048428983286243,0.006487664495064138,0.25171251130663563
16,4,D. L. Hughley,percentage,21.0,False,0.1082255102097997,0.014287778295662164,0.24584181160413282
16,4,Andy Dick,percentage,21.0,False,0.10398199179000057,0.011455002479062538,0.24554224768438496
16,4,Kellie Pickler,percentage,26.0,False,0.08520070346503249,-0.0018414909080679241,0.2811990860429222
16,4,Lisa Vanderpump,percentage,18.0,True,0.020898224575406493,-0.02827705949056826,0.060625322601249865
16,4,Sean Lowe,percentage,20.0,False,0.09725023660749184,0.02516890589662389,0.23594854409704027
16,5,Ingo Rademacher,percentage,21.0,False,0.1465315348668414,0.02581788003027982,0.3394505471713727
16,5,Zendaya,percentage,29.0,False,0.12454432151367487,0.010691805019902592,0.2882705780022142
16,5,Victor Ortiz,percentage,21.0,False,0.07766712443742416,0.01622819822172336,0.17375585939957028
16,5,Alexandra Raisman,percentage,25.0,False,0.12223488834930617,0.014677982819173943,0.277768138490111
16,5,Jacoby Jones,percentage,26.0,False,0.1018972098400883,0.004901214303310621,0.24782232275912497
16,5,D. L. Hughley,percentage,18.0,True,0.028541104837231213,-0.029151661692126234,0.06369651731796043
16,5,Andy Dick,percentage,18.0,False,0.14822239811002116,0.02074787836936651,0.39412865654726803
16,5,Kellie Pickler,percentage,27.0,False,0.13059913939913925,0.00884017949319906,0.30820154294539615
16,5,Sean Lowe,percentage,24.0,False,0.11976227864627242,0.011517196540311341,0.2905234147925977
16,6,Ingo Rademacher,percentage,23.0,False,0.10886756043218049,0.017467278216238266,0.23987542931952124
16,6,Zendaya,percentage,25.5,False,0.17521153643412643,0.015833080357022238,0.5256458209944762
16,6,Victor Ortiz,percentage,20.0,True,0.02972189513218117,-0.0016569547195835945,0.06979184953091402
16,6,Alexandra Raisman,percentage,26.0,False,0.11697258429006974,0.010743033833234389,0.29585101548276
16,6,Jacoby Jones,percentage,22.5,False,0.11505681408758744,0.021194699962615415,0.330484283997304
16,6,Andy Dick,percentage,21.5,False,0.20928645333011622,0.03058708068293981,0.42568628568644873
16,6,Kellie Pickler,percentage,27.0,False,0.12241920464920497,0.012726680910320538,0.3559782939323839
16,6,Sean Lowe,percentage,23.0,False,0.12246395164453347,0.01968942081915681,0.2947594132229872
16,7,Ingo Rademacher,percentage,25.0,False,0.23808002845242004,0.035800527558163944,0.4144493038116195
16,7,Zendaya,percentage,30.0,False,0.1347658258588048,0.01050517528381277,0.35430805984509145
16,7,Alexandra Raisman,percentage,32.0,False,0.09815382545198795,0.011526163401579241,0.22845928227908452
16,7,Jacoby Jones,percentage,27.0,False,0.2131029979191701,0.022319661484244475,0.4670201906869617
16,7,Andy Dick,percentage,17.0,True,0.04643014698790553,0.003059199114394371,0.09813872782377167
16,7,Kellie Pickler,percentage,29.0,False,0.1631487392228228,0.008004578984959397,0.4302648953134239
16,7,Sean Lowe,percentage,24.0,False,0.10631843610689073,0.020689523215817098,0.2688886629341187
16,8,Ingo Rademacher,percentage,24.0,False,0.19305039546005026,0.03386243828804947,0.5258151360649493
16,8,Zendaya,percentage,29.0,False,0.10796936668701451,0.015441043781248526,0.2719843033672214
16,8,Alexandra Raisman,percentage,28.0,False,0.3018528467375791,0.044655902525864336,0.6439204143149101
16,8,Jacoby Jones,percentage,26.0,False,0.17879712159611455,0.03004716334629626,0.41039879462491907
16,8,Kellie Pickler,percentage,27.5,False,0.16814792462583358,0.020300060599591455,0.3912992287317308
16,8,Sean Lowe,percentage,21.0,True,0.0501823448934102,0.0001270370907014151,0.10570108108658537
16,9,Ingo Rademacher,percentage,25.5,True,0.05580154459025946,0.002458177561537537,0.12383948119696897
16,9,Zendaya,percentage,27.5,False,0.19049992393275822,0.03901792813570045,0.4014386888117895
16,9,Alexandra Raisman,percentage,29.5,False,0.20056239200307463,0.035030030404703115,0.46289465474885083
16,9,Jacoby Jones,percentage,29.5,False,0.279183137518148,0.05598833037505956,0.5129607778660836
16,9,Kellie Pickler,percentage,29.0,False,0.2739530019557611,0.037594482240789984,0.5016671628069882
16,10,Zendaya,percentage,30.0,False,0.22488838623082338,0.05466200789789205,0.44982023244781666
16,10,Alexandra Raisman,percentage,29.0,True,0.06348561661165894,0.006591549635997319,0.14058601017849076
16,10,Jacoby Jones,percentage,27.9999,False,0.45863611159487233,0.14741494808235084,0.6958803645919384
16,10,Kellie Pickler,percentage,30.0,False,0.2529898855626437,0.060273906576411435,0.5115584436483347
17,2,Valerie Harper,percentage,19.0,False,0.12720099842117574,0.016705500687939204,0.2962756188574619
17,2,Brant Daugherty,percentage,23.0,False,0.06934253891354387,0.0025313152418081804,0.20280253781424112
17,2,Elizabeth Berkley Lauren,percentage,25.0,False,0.1914481315991872,0.0211918653927712,0.5383867638004997
17,2,Leah Remini,percentage,24.0,False,0.06724797663165598,0.006074071941491481,0.13787057224609744
17,2,Corbin Bleu,percentage,26.0,False,0.05584567979437304,-0.0074553608325795585,0.20013275755860913
17,2,Amber Riley,percentage,24.0,False,0.05976028863587759,0.001368658069617397,0.15156241439761614
17,2,Keyshawn Johnson,percentage,18.0,True,0.010078863115177767,-0.03648410540555908,0.0438456824892859
17,2,Bill Engvall,percentage,21.0,False,0.0831923032962541,0.0032605179433769643,0.21203142229577962
17,2,Christina Milian,percentage,25.0,False,0.071422749066976,0.006108591279081782,0.17846245584630083
17,2,"Nicole ""Snooki"" Polizzi",percentage,20.0,False,0.09123094501863815,0.017571012301189487,0.2438470946081741
17,2,Jack Osbourne,percentage,24.0,False,0.06878038164987484,-0.0013799069898600795,0.16394111287420302
17,2,Bill Nye,percentage,17.0,False,0.10444914385726416,0.026061635072356586,0.21047525159291497
17,3,Valerie Harper,percentage,16.0,False,0.174950192830127,0.04538644220049154,0.313388379263921
17,3,Brant Daugherty,percentage,27.0,False,0.08129222266700512,0.0014325040928046054,0.2200998480652358
17,3,Elizabeth Berkley Lauren,percentage,25.0,False,0.1670681648177466,0.03098423462813464,0.30449069703705955
17,3,Leah Remini,percentage,24.0,False,0.07415331507261134,0.005843198143738584,0.17246207880512893
17,3,Corbin Bleu,percentage,26.0,False,0.062324526974024276,0.0052511312728217826,0.14774604314223283
17,3,Amber Riley,percentage,24.0,False,0.09163776393293299,0.005831880335505024,0.2416028099181422
17,3,Bill Engvall,percentage,24.0,False,0.06122182922008519,-0.001393139994922325,0.14168952892072884
17,3,Christina Milian,percentage,26.0,False,0.0762212656981831,0.005338183483383742,0.21045064049004383
17,3,"Nicole ""Snooki"" Polizzi",percentage,25.0,False,0.08719975073200738,0.009201052929104989,0.2235599969608936
17,3,Jack Osbourne,percentage,22.0,False,0.10233427971171583,0.004462872942217631,0.29316810598017534
17,3,Bill Nye,percentage,16.0,True,0.021596688343562917,-0.027405515978088095,0.05084944649933138
17,4,Valerie Harper,percentage,18.0,True,0.018748129870590883,-0.017983579519768624,0.05008771459084092
17,4,Brant Daugherty,percentage,21.0,False,0.11329455181631165,0.012784441364987485,0.314293267350517
17,4,Elizabeth Berkley Lauren,percentage,27.0,False,0.11449047084128455,0.006379107037949043,0.293501070971935
17,4,Leah Remini,percentage,24.0,False,0.1070037132098188,0.012012150297018409,0.23299987431465394
17,4,Corbin Bleu,percentage,27.0,False,0.07194587859297244,0.0004777866824457232,0.16255370429036864
17,4,Amber Riley,percentage,27.0,False,0.09785560670716852,0.006611756802860417,0.2657365573917273
17,4,Bill Engvall,percentage,21.0,False,0.13928726452654866,0.018179766581180354,0.42514132833017393
17,4,Christina Milian,percentage,24.0,False,0.1519944880517823,0.009702716000298648,0.3399672573848286
17,4,"Nicole ""Snooki"" Polizzi",percentage,24.0,False,0.08879096563196547,0.006208942393621516,0.30626701017191194
17,4,Jack Osbourne,percentage,24.0,False,0.09658893075155556,0.007870004653060238,0.38459632075084
17,5,Brant Daugherty,percentage,27.0,False,0.10105328914943185,0.02320832994317315,0.24295732953714874
17,5,Elizabeth Berkley Lauren,percentage,26.0,False,0.09748297008625478,0.022849690594310988,0.28339792120137824
17,5,Leah Remini,percentage,22.0,False,0.14582865200509512,0.04483888275178869,0.31896642428904265
17,5,Corbin Bleu,percentage,28.0,False,0.08841723828080011,0.015333574193897699,0.19044702050343587
17,5,Amber Riley,percentage,26.0,False,0.1028342311276512,0.02417308164051494,0.24730660891376313
17,5,Bill Engvall,percentage,24.0,False,0.16447285312190582,0.039726650931744795,0.4292569997167803
17,5,Christina Milian,percentage,28.0,True,0.014322310729838209,-0.02462646960254137,0.03814752678897261
17,5,"Nicole ""Snooki"" Polizzi",percentage,27.0,False,0.0883899540112361,0.022486683660359233,0.20449926578919797
17,5,Jack Osbourne,percentage,27.0,False,0.19719850148778692,0.02192812076953505,0.5887073477860539
17,7,Brant Daugherty,percentage,28.5,False,0.25367304533301593,0.034187302790693104,0.6098110235067699
17,7,Elizabeth Berkley Lauren,percentage,27.0,False,0.15606519648131134,0.022337232339097554,0.39108258290888176
17,7,Leah Remini,percentage,26.5,False,0.15792945550442952,0.04055502682079704,0.3065688695727038
17,7,Corbin Bleu,percentage,29.5,False,0.11437807244807671,0.015624851665356586,0.24316779120942994
17,7,Amber Riley,percentage,29.5,False,0.0894197039321608,0.023172868709623796,0.22648444471256457
17,7,Bill Engvall,percentage,25.0,False,0.12187229620905245,0.0319827908609166,0.27309134287503833
17,7,"Nicole ""Snooki"" Polizzi",percentage,27.0,True,0.023783489526629918,-0.01661672237721412,0.06352190823053314
17,7,Jack Osbourne,percentage,28.5,False,0.08287874056532211,0.016042641005478413,0.18506956594842633
17,8,Brant Daugherty,percentage,27.0,True,0.025235954721669784,-0.025003488086512718,0.06319223533398317
17,8,Elizabeth Berkley Lauren,percentage,25.0,False,0.2912515227536272,0.08454232904377165,0.5832937346617415
17,8,Leah Remini,percentage,28.0,False,0.1765218449002427,0.030030998656726447,0.41394842297435797
17,8,Corbin Bleu,percentage,30.0,False,0.12912382277507062,0.01769087331292807,0.31112177534687313
17,8,Amber Riley,percentage,28.0,False,0.11746965146651615,0.018593318153074818,0.28354427505315183
17,8,Bill Engvall,percentage,24.0,False,0.10730400274021017,0.027943889294014687,0.23261508640072945
17,8,Jack Osbourne,percentage,30.0,False,0.15309320064266252,0.02234904960012486,0.39819653566574165
17,9,Elizabeth Berkley Lauren,percentage,28.0,True,0.03576947844990683,0.0011064553714579747,0.08389268252810819
17,9,Leah Remini,percentage,27.0,False,0.16820430033528352,0.03407781354023304,0.4257941086011834
17,9,Corbin Bleu,percentage,29.0,False,0.14921267176935854,0.03040044341341337,0.3977085757314982
17,9,Amber Riley,percentage,25.5,False,0.14401745584468342,0.04726948663949812,0.2921624392909407
17,9,Bill Engvall,percentage,21.0,False,0.23423496373800762,0.08540544130521963,0.5548557959997987
17,9,Jack Osbourne,percentage,27.0,False,0.2685611298627579,0.0586419938529045,0.4760903517887885
17,10,Leah Remini,percentage,32.5,True,0.05684265979984054,0.004791962710468833,0.12353324495631218
17,10,Corbin Bleu,percentage,37.5,False,0.3050679213421388,0.03738131838101843,0.7144250081342942
17,10,Amber Riley,percentage,39.5,False,0.1450502552823001,0.02780942702583246,0.33003690346888276
17,10,Bill Engvall,percentage,30.0,False,0.21048072756443356,0.05075438773838751,0.5050037298009749
17,10,Jack Osbourne,percentage,35.5,False,0.28255843601128605,0.046964411532521254,0.6545549483026875
17,11,Corbin Bleu,percentage,29.6664,False,0.426014343084421,0.09594529864084432,0.755802151609512
17,11,Amber Riley,percentage,31.3332,False,0.22773245654318275,0.03112539007490049,0.5449630589457236
17,11,Bill Engvall,percentage,25.4999,True,0.08478822425536933,0.0071526168082638045,0.19215295961305742
17,11,Jack Osbourne,percentage,27.9999,False,0.26146497611702635,0.09259350391199449,0.5237203144599639
18,2,Billy Dee Williams,percentage,15.0,False,0.09764810718217772,0.034697807385026175,0.21221057266997498
18,2,Danica McKellar,percentage,24.0,False,0.10700551915878788,0.01062332883702101,0.28224830516719407
18,2,James Maslow,percentage,25.0,False,0.09519255314137139,0.008782807299181995,0.26828328743058605
18,2,Candace Cameron Bure,percentage,21.0,False,0.09338908306818834,0.011997758978909326,0.28567904167500957
18,2,Sean Avery,percentage,21.0,True,0.012752114417100861,-0.03892187092636647,0.039577672524035636
18,2,Charlie White,percentage,25.0,False,0.0837273005858026,0.008494323155762974,0.36950257918813006
18,2,Amy Purdy,percentage,24.0,False,0.07189116127580737,0.013712447304164814,0.19059946069750172
18,2,Meryl Davis,percentage,25.0,False,0.12408424259253374,0.012189359709600403,0.36933257573471595
18,2,Drew Carey,percentage,21.0,False,0.10657462256411457,0.021591012771997348,0.24196676557499258
18,2,Cody Simpson,percentage,22.0,False,0.12291986796725013,0.012093918012279084,0.3965023452786456
18,2,NeNe Leakes,percentage,21.0,False,0.08481542804686501,0.01968544763431527,0.26773999777632973
18,5,Danica McKellar,percentage,39.0,False,0.11935756696878397,0.015022188289074876,0.3433237571648786
18,5,James Maslow,percentage,40.0,False,0.10887379328081843,0.009254670589969836,0.25090214218014484
18,5,Candace Cameron Bure,percentage,35.0,False,0.111053909131473,0.02442058269162635,0.3017837048470406
18,5,Charlie White,percentage,37.0,False,0.1771904966325821,0.031128839090563937,0.34673594591242196
18,5,Amy Purdy,percentage,37.0,False,0.09785788750431901,0.01945122850864378,0.1938880574413234
18,5,Meryl Davis,percentage,36.0,False,0.14125982985555488,0.02543480025386778,0.34822375245005555
18,5,Drew Carey,percentage,28.0,False,0.12309240882579053,0.045273089054375534,0.24359529039359207
18,5,Cody Simpson,percentage,34.0,True,0.022216185958079945,-0.001460507321775082,0.04930521111413974
18,5,NeNe Leakes,percentage,36.0,False,0.09909792184259633,0.020469253976142,0.2741847575113881
18,6,Danica McKellar,percentage,36.0,False,0.10889146241682346,0.012473546645239739,0.24354015031598067
18,6,James Maslow,percentage,35.0,False,0.19307658631659022,0.028282780304032185,0.46071678907772107
18,6,Candace Cameron Bure,percentage,32.0,False,0.17706228995435488,0.027961449422111546,0.36096311582431334
18,6,Charlie White,percentage,36.0,False,0.12555653027706795,0.025867315996419366,0.3505688251083729
18,6,Amy Purdy,percentage,38.0,False,0.11821122859477037,0.017687768104257737,0.42507204831310563
18,6,Meryl Davis,percentage,40.0,False,0.12577850283359213,0.016468611164300213,0.3433665598594507
18,6,Drew Carey,percentage,32.0,True,0.029175480026185245,-0.011923856100717438,0.07048738986966549
18,6,NeNe Leakes,percentage,33.0,False,0.12224791958061726,0.029260743401463812,0.28110010553073966
18,7,Danica McKellar,percentage,36.0,False,0.2689873656169055,0.02411443830024613,0.586336756312887
18,7,James Maslow,percentage,35.0,False,0.16129255034755657,0.02856758956643246,0.5521511391900287
18,7,Candace Cameron Bure,percentage,37.0,False,0.14999782667756956,0.010474561751383824,0.4376603383288243
18,7,Charlie White,percentage,35.5,False,0.1259856378321405,0.02252204124417316,0.29640259218100695
18,7,Amy Purdy,percentage,37.5,False,0.11726926879310977,0.025502056008803294,0.2710805255818306
18,7,Meryl Davis,percentage,39.0,False,0.14427581252196936,0.018363252032651264,0.3879090024788653
18,7,NeNe Leakes,percentage,33.0,True,0.03219153821074958,-0.020619928241375592,0.08637661263317048
18,8,Danica McKellar,percentage,38.0,True,0.043496103582447175,0.0030045825555835015,0.09900653921788477
18,8,James Maslow,percentage,36.0,False,0.17888910934085542,0.05079744456619513,0.3625879229424428
18,8,Candace Cameron Bure,percentage,36.0,False,0.20969931550056678,0.0563480664093992,0.4199785649530947
18,8,Charlie White,percentage,40.0,False,0.14113346602247384,0.03536655076752071,0.327767433915098
18,8,Amy Purdy,percentage,40.0,False,0.22802140854278097,0.041923328314334284,0.4541235556258415
18,8,Meryl Davis,percentage,36.0,False,0.1987605970108769,0.050406052221791564,0.43186659816416706
18,9,James Maslow,percentage,38.0,False,0.29494342986773475,0.06737949109475919,0.5161382006225005
18,9,Candace Cameron Bure,percentage,36.0,False,0.21348057296636988,0.053529775368671095,0.4718014306802391
18,9,Charlie White,percentage,38.0,True,0.05139586328366999,0.005128203629912058,0.11585769318865785
18,9,Amy Purdy,percentage,39.0,False,0.23604069131049354,0.057191914483761506,0.4478071117856961
18,9,Meryl Davis,percentage,40.0,False,0.20413944257173264,0.03206124740165158,0.4767878486350274
18,10,James Maslow,percentage,29.0,True,0.08077667932251724,0.006540854942613486,0.18687468090119905
18,10,Candace Cameron Bure,percentage,25.9998,False,0.3299334035505833,0.11487745760062389,0.6867151987775506
18,10,Amy Purdy,percentage,29.666600000000003,False,0.31804250234836967,0.07179980411987985,0.6686988977021646
18,10,Meryl Davis,percentage,30.0,False,0.2712474147785299,0.04807502417365907,0.5257892690719701
19,1,Antonio Sabato Jr.,percentage,25.0,False,0.06032179638860545,0.002522285009117081,0.15482520266858402
19,1,Jonathan Bennett,percentage,30.0,False,0.08088726408080131,-0.004598452906200583,0.3236262234012609
19,1,Lea Thompson,percentage,32.0,False,0.10179227973316331,0.002829979342468496,0.2461364656397243
19,1,Janel Parrish,percentage,29.0,False,0.07437333288122243,0.003009859765622912,0.18155784293580468
19,1,Alfonso Ribeiro,percentage,36.0,False,0.10489673051688916,-0.019883087428223603,0.3843019505723375
19,1,Lolo Jones,percentage,22.0,True,-0.007193671668360962,-0.10951685094198367,0.029663038134086363
19,1,Randy Couture,percentage,31.0,False,0.1258059630287561,0.0011804386531835583,0.30473000680072804
19,1,Tommy Chong,percentage,27.0,False,0.07919658727260753,0.005366425622843236,0.18050911761517466
19,1,Betsey Johnson,percentage,20.0,False,0.07379581168238093,0.012437884197930455,0.16971922084530358
19,1,Michael Waltrip,percentage,25.0,False,0.07186067265385768,0.0029018221100033867,0.22527235192657769
19,1,Tavis Smiley,percentage,29.0,False,0.07492937115378662,0.002652164939074711,0.22896927814912316
19,1,Bethany Mota,percentage,32.0,False,0.06901377939671192,-0.01849305927662248,0.24072304021514607
19,1,Sadie Robertson,percentage,34.0,False,0.09032008287957952,-0.004273277993488422,0.22077254794304849
19,2,Antonio Sabato Jr.,percentage,31.0,False,0.11588874605148544,0.01292437762135399,0.3192109884041509
19,2,Jonathan Bennett,percentage,30.0,False,0.11773048786417938,0.011280857634741967,0.32601947040688706
19,2,Lea Thompson,percentage,35.0,False,0.0674705956002693,8.093037047420676e-05,0.1633479976302018
19,2,Janel Parrish,percentage,34.0,False,0.07593017325683216,0.00238378674591735,0.17596028642955605
19,2,Alfonso Ribeiro,percentage,32.0,False,0.06523672952120081,0.005748291659653494,0.1597276720872634
19,2,Randy Couture,percentage,28.0,False,0.13895524559168942,0.004778300042318492,0.34308930110479446
19,2,Tommy Chong,percentage,28.0,False,0.08081732356090571,0.006637533226757968,0.257974827019843
19,2,Betsey Johnson,percentage,28.0,False,0.084210572554493,0.011854245260591048,0.20381365796811332
19,2,Michael Waltrip,percentage,24.0,False,0.12068229734467038,0.0005924351950744675,0.35415933040632197
19,2,Tavis Smiley,percentage,28.0,True,-0.0001374128365450003,-0.08469232292453002,0.03043170582553142
19,2,Bethany Mota,percentage,33.0,False,0.06911827480941532,0.004500776695868739,0.15843360817659938
19,2,Sadie Robertson,percentage,31.0,False,0.06409696668140652,0.009414234924822138,0.16244930237101818
19,3,Antonio Sabato Jr.,percentage,29.0,False,0.08123549468051457,0.006161180355850731,0.21891790445266693
19,3,Jonathan Bennett,percentage,32.0,False,0.11519555672160757,0.020608623305953776,0.29285003482917343
19,3,Lea Thompson,percentage,31.0,False,0.07237240499037735,0.01020753186696522,0.15230635171394563
19,3,Janel Parrish,percentage,40.0,False,0.0942270781920692,0.0048995620093539765,0.318123039849254
19,3,Alfonso Ribeiro,percentage,32.0,False,0.09655333848752427,0.010996396482426691,0.2209708262259335
19,3,Randy Couture,percentage,26.0,True,0.014522424707869613,-0.033023795555194746,0.05023077934494556
19,3,Tommy Chong,percentage,34.0,False,0.11270577708353957,0.007767278744990773,0.3452042752925425
19,3,Betsey Johnson,percentage,29.0,False,0.12017963332424837,0.008490847012704885,0.3192227826474379
19,3,Michael Waltrip,percentage,28.0,False,0.06772392759618073,0.00952421952114306,0.14681765608519962
19,3,Bethany Mota,percentage,40.0,False,0.09238031678601866,0.009760914888225891,0.19692692616277682
19,3,Sadie Robertson,percentage,32.0,False,0.13290404743005002,0.007714109227215325,0.45491171501674743
19,4,Antonio Sabato Jr.,percentage,29.0,False,0.08329586775446289,0.020187268122462194,0.1845218269524932
19,4,Jonathan Bennett,percentage,24.0,False,0.13692369125278622,0.030044216952785974,0.2867018311802598
19,4,Lea Thompson,percentage,39.0,False,0.1357046891931775,0.018361342914131922,0.28564602454661375
19,4,Janel Parrish,percentage,36.0,False,0.09640867870413625,0.010638126588349069,0.20662409760098685
19,4,Alfonso Ribeiro,percentage,40.0,False,0.09194143148434313,0.007475828005974877,0.24096582537193853
19,4,Tommy Chong,percentage,28.0,False,0.10507449118541365,0.02429950521036202,0.2213107863714007
19,4,Betsey Johnson,percentage,29.0,True,0.018638336967626026,-0.022951724486690202,0.050526310092986054
19,4,Michael Waltrip,percentage,25.0,False,0.10489746443268393,0.025600909745225678,0.21316394344266024
19,4,Bethany Mota,percentage,33.0,False,0.08872031732005416,0.010815477850236626,0.3101459650747241
19,4,Sadie Robertson,percentage,37.0,False,0.13839503170531792,0.02151226279116118,0.27942562749815847
19,6,Antonio Sabato Jr.,percentage,28.0,False,0.16959362470634165,0.04463925416658891,0.39317614338617884
19,6,Jonathan Bennett,percentage,32.0,True,0.02035106603660108,-0.019684790562835185,0.04860457836737887
19,6,Lea Thompson,percentage,32.0,False,0.12493193052812517,0.02169309829941847,0.31802247854325116
19,6,Janel Parrish,percentage,33.0,False,0.1124410859703641,0.02923241034351405,0.2538032527098413
19,6,Alfonso Ribeiro,percentage,39.0,False,0.12465350356608819,0.013497137151446533,0.2793786833390276
19,6,Tommy Chong,percentage,28.0,False,0.1253112621234744,0.03348854911991142,0.2784047042158629
19,6,Michael Waltrip,percentage,30.0,False,0.10029760736027861,0.02235456870330029,0.19957121368834654
19,6,Bethany Mota,percentage,36.0,False,0.11601451983485177,0.021621898774715806,0.3370801869972573
19,6,Sadie Robertson,percentage,35.0,False,0.10640539987387349,0.018565580201355084,0.2591889467463916
19,7,Antonio Sabato Jr.,percentage,29.5,True,0.020665260803102794,-0.0352621752630628,0.06407650394325445
19,7,Lea Thompson,percentage,35.0,False,0.1503943942448969,0.04090474425318718,0.3422980914205297
19,7,Janel Parrish,percentage,33.5,False,0.16039175012319837,0.02457227676610089,0.4465147572235496
19,7,Alfonso Ribeiro,percentage,34.0,False,0.09658221548138722,0.00834384672560428,0.3021794177482357
19,7,Tommy Chong,percentage,30.0,False,0.1423278660149296,0.01268102854311761,0.49967759646436083
19,7,Michael Waltrip,percentage,28.0,False,0.10523017110568626,0.01705898875720687,0.3408798144909505
19,7,Bethany Mota,percentage,37.5,False,0.1580152863687169,0.010459676435689104,0.39313993097899913
19,7,Sadie Robertson,percentage,31.0,False,0.166393055858082,0.027952257696585124,0.4160521200148503
19,8,Lea Thompson,percentage,32.0,False,0.15374494561396326,0.010851409305379443,0.3827576941722374
19,8,Janel Parrish,percentage,43.0,False,0.13746321476648976,0.011342226204323999,0.3609189870424968
19,8,Alfonso Ribeiro,percentage,41.0,False,0.20642802521479608,0.01411127049595896,0.5580121224069056
19,8,Tommy Chong,percentage,29.0,False,0.1690761563328374,0.016071880490982605,0.4034482235794282
19,8,Michael Waltrip,percentage,25.0,True,0.04465061258518778,0.0001710986852681267,0.10181611049055768
19,8,Bethany Mota,percentage,40.0,False,0.16055651784130526,0.03945809541110201,0.3283114456912936
19,8,Sadie Robertson,percentage,38.0,False,0.1280805276454187,0.006300605546660176,0.36505594765235205
19,9,Lea Thompson,percentage,35.0,True,0.03363289393889433,0.0010737984816941784,0.07729489084058068
19,9,Janel Parrish,percentage,38.5,False,0.15096409677816588,0.017826479836080468,0.47018419142440016
19,9,Alfonso Ribeiro,percentage,38.5,False,0.3019933382443129,0.04475662570267991,0.60597599910158
19,9,Tommy Chong,percentage,28.5,False,0.1608797073792042,0.05688461191605949,0.2839765509554836
19,9,Bethany Mota,percentage,37.0,False,0.1788678721443123,0.02847971638194684,0.45046252696782346
19,9,Sadie Robertson,percentage,36.5,False,0.173662091515109,0.02302032168767191,0.42468768925221123
19,10,Janel Parrish,percentage,39.0,False,0.15555971893850096,0.015235043106778524,0.38135809053749
19,10,Alfonso Ribeiro,percentage,37.5,False,0.24587641671294966,0.04834833713710512,0.5763297543277767
19,10,Tommy Chong,percentage,31.0,True,0.058950880362569395,0.0008517323412260414,0.14850570898750787
19,10,Bethany Mota,percentage,38.0,False,0.36516936085930973,0.03991770620198579,0.7375113394655224
19,10,Sadie Robertson,percentage,37.0,False,0.1744436231266682,0.019620204440853918,0.5589430102241774
19,11,Janel Parrish,percentage,38.99980000000001,False,0.29617770003906907,0.049439770383506935,0.7128237702663801
19,11,Alfonso Ribeiro,percentage,40.0,False,0.1690216842763007,0.038720428191276975,0.41847281532314345
19,11,Bethany Mota,percentage,38.0,True,0.07327306031733744,0.005684463738999147,0.18461102720282838
19,11,Sadie Robertson,percentage,39.333200000000005,False,0.4615275553672911,0.0916105043556123,0.8551285552740543
20,2,Suzanne Somers,percentage,28.0,False,0.07187481933802245,0.011422914905341681,0.27043023278372275
20,2,Willow Shields,percentage,32.0,False,0.06573484339160084,0.0015998261874358918,0.2635114905046332
20,2,Riker Lynch,percentage,32.0,False,0.07023244933169144,0.004529695138449724,0.15831212450748514
20,2,Rumer Willis,percentage,32.0,False,0.1004157483790076,0.012402292953877254,0.23544654202031357
20,2,Nastia Liukin,percentage,34.0,False,0.08495087177979327,0.007234966860879579,0.26283883293845184
20,2,Michael Sam,percentage,28.0,False,0.09619604508565271,0.013325720830496992,0.20145565804620008
20,2,Robert Herjavec,percentage,28.0,False,0.102209348667338,0.020054904536392408,0.23812953662425118
20,2,Charlotte McKinney,percentage,26.0,False,0.09554958643562406,0.01438809879267301,0.2809074192073935
20,2,Noah Galloway,percentage,27.0,False,0.0903653409906105,0.01702487196262479,0.20602443209217713
20,2,Redfoo,percentage,31.0,True,0.002226334420332038,-0.03906478335824225,0.026377325441323755
20,2,Patti LaBelle,percentage,28.0,False,0.0956809421768888,0.02058201819905066,0.20959583281245825
20,2,Chris Soules,percentage,21.0,False,0.12456367000343727,0.0445781949077521,0.21748745825842597
20,3,Suzanne Somers,percentage,25.0,False,0.1533947126984027,0.007494479224956158,0.3850532778337722
20,3,Willow Shields,percentage,32.0,False,0.14217065659245837,0.00797714117079999,0.3595863108050476
20,3,Riker Lynch,percentage,34.0,False,0.058459155918377914,0.004171621508532904,0.15627754056008153
20,3,Rumer Willis,percentage,33.0,False,0.10171457957813725,0.007840724736704809,0.25816950122253624
20,3,Nastia Liukin,percentage,34.0,False,0.07084909063777646,0.0011612248392218194,0.22995200097094198
20,3,Michael Sam,percentage,24.0,False,0.09540749055001055,0.012680490308546339,0.2663219965333208
20,3,Robert Herjavec,percentage,29.0,False,0.07123044607048196,0.007421025880838192,0.20053875269255486
20,3,Charlotte McKinney,percentage,22.0,True,0.016289769294096264,-0.03467456910368697,0.049383540128699936
20,3,Noah Galloway,percentage,30.0,False,0.06930733243686116,0.005666911290281056,0.14202428215452953
20,3,Patti LaBelle,percentage,22.0,False,0.14099296732360522,0.023611248591668597,0.3235048227611909
20,3,Chris Soules,percentage,28.0,False,0.08018379889979166,0.004344468232250019,0.2195517951385467
20,4,Suzanne Somers,percentage,28.0,False,0.09862484046859507,0.024907853168508347,0.1987085175836555
20,4,Willow Shields,percentage,39.0,False,0.07765831899917346,0.0038462373567443807,0.17580675436021106
20,4,Riker Lynch,percentage,34.0,False,0.08705422427047534,0.013233639416264441,0.1872451664415294
20,4,Rumer Willis,percentage,35.0,False,0.1188347882090932,0.016378346078486147,0.41861738723841835
20,4,Nastia Liukin,percentage,36.0,False,0.11039176523370138,0.010917581957612846,0.24636514091119915
20,4,Michael Sam,percentage,30.0,True,0.01892163781407516,-0.017093507105000127,0.04842496354219169
20,4,Robert Herjavec,percentage,34.0,False,0.14664978489269484,0.011117990428520831,0.3590220881200304
20,4,Noah Galloway,percentage,32.0,False,0.09739386431127413,0.01660102519867269,0.20543312647289952
20,4,Patti LaBelle,percentage,30.0,False,0.1335426716981773,0.03216473258856967,0.32741371497048755
20,4,Chris Soules,percentage,27.0,False,0.11092810410274011,0.03639879340657886,0.26357916894039607
20,5,Suzanne Somers,percentage,28.0,True,0.027004962986374014,0.0004106453276793362,0.06894619592201974
20,5,Willow Shields,percentage,34.0,False,0.10916344761705463,0.006050195366158299,0.31451506207293456
20,5,Riker Lynch,percentage,38.0,False,0.11489769197791577,0.011552121692303853,0.2856128003519728
20,5,Rumer Willis,percentage,39.0,False,0.11429773770877878,0.0242588118920667,0.2831103041645511
20,5,Nastia Liukin,percentage,38.0,False,0.13868119183786787,0.019172056964597714,0.30350720999929937
20,5,Robert Herjavec,percentage,24.0,False,0.10655965703903966,0.03037407554882761,0.21597012711026894
20,5,Noah Galloway,percentage,28.0,False,0.15799169205544303,0.03593082701462559,0.30847787935293797
20,5,Patti LaBelle,percentage,27.0,False,0.11988681083879466,0.035509905166043826,0.2915421941534169
20,5,Chris Soules,percentage,27.0,False,0.11151680793873085,0.033652326088133774,0.23092054120764335
20,6,Willow Shields,percentage,36.5,False,0.11730592029923949,0.02207221739953466,0.3227920833101787
20,6,Riker Lynch,percentage,38.0,False,0.09427736546776337,0.015597127596431806,0.23001758198306835
20,6,Rumer Willis,percentage,35.5,False,0.17944808164389325,0.02332614127307434,0.4442658641724343
20,6,Nastia Liukin,percentage,36.5,False,0.11402302081300736,0.023154753227623465,0.25510484565362107
20,6,Robert Herjavec,percentage,33.5,False,0.1442286396841879,0.027212178639613633,0.3612215800786433
20,6,Noah Galloway,percentage,34.0,False,0.18771415429239235,0.04754492373761549,0.35367400379987446
20,6,Patti LaBelle,percentage,34.0,True,0.027948729124273847,-0.006687373274028824,0.0699289308255588
20,6,Chris Soules,percentage,35.0,False,0.13505408867524432,0.035944495327830873,0.27711917523104934
20,7,Willow Shields,percentage,39.0,True,0.0274115860830796,-0.0023111330309469706,0.07168501040321264
20,7,Riker Lynch,percentage,37.0,False,0.20327562436287558,0.04554073812529167,0.4492736611381861
20,7,Rumer Willis,percentage,37.0,False,0.15518003283883666,0.035352727215722524,0.531606565974216
20,7,Nastia Liukin,percentage,41.0,False,0.14492947559156147,0.026572908561057172,0.4544622232679493
20,7,Robert Herjavec,percentage,31.0,False,0.16674540084045905,0.06342225599151621,0.36697490664217075
20,7,Noah Galloway,percentage,38.0,False,0.15542959305290582,0.031361177176119734,0.3241032221358294
20,7,Chris Soules,percentage,31.0,False,0.14702828723028116,0.041796184884465536,0.3021504575677224
20,8,Riker Lynch,percentage,39.0,False,0.2835330138889353,0.04997736762397051,0.5098173403061296
20,8,Rumer Willis,percentage,40.0,False,0.129534021130659,0.023843239626017816,0.3050481131274888
20,8,Nastia Liukin,percentage,38.0,False,0.3103632975620968,0.08952953262876275,0.5507521010643934
20,8,Robert Herjavec,percentage,31.0,True,0.05598036519784919,0.004289671759332946,0.138264875507473
20,8,Noah Galloway,percentage,31.5,False,0.16819870162565398,0.04485128351326852,0.2929490861748528
20,8,Chris Soules,percentage,32.0,True,0.05239060059480811,0.0003510414206601568,0.1376868403804274
20,9,Riker Lynch,percentage,40.0,False,0.3342791964906006,0.13443963113183324,0.5635995648917351
20,9,Rumer Willis,percentage,39.0,False,0.3319700340154931,0.08866962489424082,0.6118591635441866
20,9,Nastia Liukin,percentage,40.0,True,0.08392862696569289,0.008683662982853457,0.1848044532571773
20,9,Noah Galloway,percentage,38.0,False,0.2498221425282119,0.10565630318350532,0.44910385186068125
20,10,Riker Lynch,percentage,40.0,False,0.27039344156453166,0.07874485537741495,0.40955446261301576
20,10,Rumer Willis,percentage,40.0,False,0.5683209090246799,0.3688941648356502,0.8649696295541175
20,10,Noah Galloway,percentage,36.0,False,0.16128564941079032,0.02313177161596171,0.3079013594254584
21,2,Gary Busey,percentage,16.5,False,0.13311716692724124,0.028296155249506245,0.3810148370371382
21,2,Alexa PenaVega,percentage,23.0,False,0.0642904562057871,0.0015214510796359758,0.16088301194952978
21,2,Carlos PenaVega,percentage,22.5,False,0.13062753125114704,0.015264504606438646,0.3226130111779272
21,2,Victor Espinoza,percentage,18.5,True,0.011672708055389685,-0.02628250248216174,0.04220920266032048
21,2,Alek Skarlatos,percentage,22.5,False,0.058939475424322194,0.010058960751644516,0.13307859003020286
21,2,Chaka Khan,percentage,15.0,True,0.021557570911792945,-0.009471159418212851,0.053120398021349685
21,2,Andy Grammer,percentage,22.0,False,0.08153830531870217,0.009496014363344716,0.267710185037512
21,2,Tamar Braxton,percentage,24.5,False,0.10976129771099065,0.010849321096570143,0.27857402576145196
21,2,Nick Carter,percentage,22.5,False,0.07350550897165474,0.0067913616725317,0.1958734572220743
21,2,Hayes Grier,percentage,22.5,False,0.07297469318824115,0.012188389164797716,0.17007938052007704
21,2,Bindi Irwin,percentage,24.0,False,0.05778058317940999,0.007342177834770251,0.1880512805652386
21,2,Kim Zolciak-Biermann,percentage,18.5,False,0.08109827808745952,0.01924682856973584,0.2154088558961299
21,2,Paula Deen,percentage,18.5,False,0.10313642476785927,0.02300578958737,0.2618468512127837
21,4,Gary Busey,percentage,16.0,True,0.028362607903861237,-0.030177997778090986,0.07233201082516955
21,4,Alexa PenaVega,percentage,21.0,False,0.18369002777376203,0.008443819686146836,0.38444382957604795
21,4,Carlos PenaVega,percentage,25.0,False,0.08029750616395945,0.006893894372565786,0.2112414559011411
21,4,Alek Skarlatos,percentage,24.0,False,0.12820459324214284,0.012429603727667056,0.2815967003220635
21,4,Andy Grammer,percentage,23.0,False,0.11493366371257956,0.011047051170331602,0.2880287736696616
21,4,Tamar Braxton,percentage,27.0,False,0.07260720720336938,0.006829755484900791,0.17009539573569726
21,4,Nick Carter,percentage,27.0,False,0.0926177926793706,0.005232962262883209,0.19841894249711964
21,4,Hayes Grier,percentage,27.0,False,0.11233178724957071,0.01270071618306629,0.2717849449304401
21,4,Bindi Irwin,percentage,28.0,False,0.09018142321897274,0.014746066916109312,0.2152377037971747
21,4,Paula Deen,percentage,18.0,False,0.09677339085240992,0.022274981275900742,0.2053788916696395
21,6,Alexa PenaVega,percentage,30.0,False,0.08631663245167182,0.015761443418750968,0.20921791161643674
21,6,Carlos PenaVega,percentage,38.0,False,0.10892284354709475,0.01604458674060305,0.29294552576731964
21,6,Alek Skarlatos,percentage,30.0,False,0.14984051329955436,0.003271823785874192,0.39073437290409746
21,6,Andy Grammer,percentage,40.0,False,0.13559334660076447,0.0056892565525269966,0.34093770105005683
21,6,Tamar Braxton,percentage,40.0,False,0.1582672519543874,0.004188050697423399,0.42268515510273663
21,6,Nick Carter,percentage,39.0,False,0.11885452486452633,0.0041093667997772546,0.42321441294427803
21,6,Hayes Grier,percentage,32.0,False,0.13036494343432642,0.027844701776991526,0.31963017994805154
21,6,Bindi Irwin,percentage,40.0,False,0.08419127681144174,0.006013331077004153,0.21932724972654874
21,6,Paula Deen,percentage,24.0,True,0.027648667036230822,-0.025483382807513468,0.07182092277940394
21,7,Alexa PenaVega,percentage,27.5,False,0.09947671108683569,0.030467625334723407,0.18930791046344148
21,7,Carlos PenaVega,percentage,28.0,False,0.09402311753082743,0.028371892756425293,0.21306476592375218
21,7,Alek Skarlatos,percentage,26.5,False,0.11902482983141395,0.027489733528450022,0.24433249200208315
21,7,Andy Grammer,percentage,28.0,False,0.10806719088932791,0.02860795864840927,0.28756260725721955
21,7,Tamar Braxton,percentage,27.0,False,0.1560767068031796,0.035549806858513985,0.32724143608212597
21,7,Nick Carter,percentage,27.0,False,0.28298133273146214,0.052179364558288255,0.5641655050006844
21,7,Hayes Grier,percentage,28.0,True,0.02029640236376665,-0.012101299454834537,0.04977702286162547
21,7,Bindi Irwin,percentage,29.0,False,0.12005370876318705,0.01676554771407772,0.35494885614812466
21,8,Alexa PenaVega,percentage,26.9998,False,0.11343945668919618,0.026444236862148113,0.2471003116699145
21,8,Carlos PenaVega,percentage,28.9998,False,0.2541424297230347,0.04359693531824049,0.5242258495346165
21,8,Alek Skarlatos,percentage,25.0,False,0.13493432931552607,0.029646190630088325,0.29184359572552565
21,8,Andy Grammer,percentage,23.9998,True,0.04157977909702355,0.0010333184739604838,0.09352371052178449
21,8,Tamar Braxton,percentage,28.0,False,0.1504919387562549,0.0114639555154256,0.312404440132847
21,8,Nick Carter,percentage,33.0,False,0.12366958388302769,0.016804039934792042,0.2758144665783119
21,8,Bindi Irwin,percentage,28.0,False,0.18174248253593636,0.035771731166875015,0.3682351962540842
21,9,Alexa PenaVega,percentage,30.0,True,0.03193721492012825,0.0008219242557875872,0.08354934687276756
21,9,Carlos PenaVega,percentage,27.0,False,0.18196575325824846,0.047616314748882345,0.3809825510177095
21,9,Alek Skarlatos,percentage,25.5,False,0.17408447040719147,0.04192466403010024,0.3874157535257399
21,9,Tamar Braxton,percentage,24.5,False,0.22613094393894126,0.07416906517543255,0.408797133974685
21,9,Nick Carter,percentage,27.5,False,0.14053836417629517,0.038704724870520166,0.3229236818824188
21,9,Bindi Irwin,percentage,30.0,False,0.24534325329919535,0.06847929907771189,0.5042176703198569
21,10,Carlos PenaVega,percentage,31.5,False,0.0754533047797353,0.005464588585908337,0.18527269433449328
21,10,Alek Skarlatos,percentage,28.5,False,0.16641636461221448,0.051801226711144635,0.2750938718469715
21,10,Nick Carter,percentage,27.0,False,0.2735533284800868,0.11453246619381459,0.40236878691492417
21,10,Bindi Irwin,percentage,31.5,False,0.4845770021279626,0.2878343358667005,0.7885449952703673
21,11,Carlos PenaVega,percentage,30.0,True,0.08338038873036262,0.011094373108397906,0.19142126181251728
21,11,Alek Skarlatos,percentage,27.9999,False,0.37173188261976714,0.13055696356140048,0.7787456841910134
21,11,Nick Carter,percentage,30.0,False,0.2515456462195291,0.06366281902638157,0.5153622376721493
21,11,Bindi Irwin,percentage,30.0,False,0.2933420824303415,0.09004082491069872,0.5290139486164895
22,2,Mischa Barton,percentage,15.0,False,0.09069428055934473,0.0067897161463021105,0.24575111023772028
22,2,Kim Fields,percentage,19.0,False,0.07159993505971396,0.004073972556614229,0.18474250373378162
22,2,Jodie Sweetin,percentage,21.0,False,0.11890004117765024,0.013674712445645908,0.2877378781844254
22,2,Doug Flutie,percentage,20.0,False,0.0810217154652703,0.010621981992577625,0.1945734079844785
22,2,Von Miller,percentage,20.0,False,0.07774496381093274,0.004517272739898541,0.21719068617619364
22,2,Antonio Brown,percentage,19.0,False,0.13058265136915428,0.021006062774476933,0.260289299346007
22,2,Paige VanZant,percentage,24.0,False,0.08599939787962638,9.706633640527151e-06,0.16882135004125193
22,2,Geraldo Rivera,percentage,13.0,True,0.017297403056409248,-0.03964038657285156,0.058050882159063344
22,2,Nyle DiMarco,percentage,20.0,False,0.06654117108380331,8.997463636329674e-05,0.1558196010843179
22,2,Ginger Zee,percentage,21.0,False,0.08539817703171051,0.0030540727943459134,0.22583153718415203
22,2,Wanya Morris,percentage,24.0,False,0.06005102236123642,-0.0007381576241132344,0.13581504376387113
22,2,Marla Maples,percentage,20.0,False,0.11416924114514648,0.005912751296102962,0.31622816137202464
22,3,Mischa Barton,percentage,18.0,True,0.016443016890266712,-0.033115889175040936,0.052732174953930844
22,3,Kim Fields,percentage,22.0,False,0.13365656594436862,0.013692045320839693,0.32868002850204503
22,3,Jodie Sweetin,percentage,23.0,False,0.08217037465203161,0.005223377153632032,0.2183968595942679
22,3,Doug Flutie,percentage,20.0,False,0.1022181194056972,0.01864460666640926,0.2712584386836092
22,3,Von Miller,percentage,20.0,False,0.09064797436483515,0.01468465270997912,0.19682715895118877
22,3,Antonio Brown,percentage,20.0,False,0.11269612591686437,0.017438684686818633,0.23227372507722782
22,3,Paige VanZant,percentage,23.0,False,0.11122382136350038,0.01970601558038649,0.4138301530762907
22,3,Nyle DiMarco,percentage,25.0,False,0.07842579526288405,0.006654977406951472,0.20730490957243317
22,3,Ginger Zee,percentage,21.0,False,0.09968592494558362,0.013389092162710997,0.2278892124680786
22,3,Wanya Morris,percentage,24.0,False,0.08854323811200417,0.005663001123427446,0.277394010874129
22,3,Marla Maples,percentage,21.0,False,0.08428904314196409,0.008814193661550333,0.18626962610377729
22,4,Kim Fields,percentage,32.0,False,0.1578365457110224,0.02232988222872794,0.4308024368720504
22,4,Jodie Sweetin,percentage,27.0,False,0.09105512749977179,0.005372643379741539,0.23661430672126968
22,4,Doug Flutie,percentage,24.0,False,0.10584519971163484,0.029965463094774294,0.21682678336737737
22,4,Von Miller,percentage,32.0,False,0.08784473312172059,0.022761616849680977,0.19963011774039485
22,4,Antonio Brown,percentage,35.0,False,0.08684361178704517,0.008347039132254394,0.20665462141346183
22,4,Paige VanZant,percentage,36.0,False,0.09184315311552264,0.005265843535308415,0.31011628462949503
22,4,Nyle DiMarco,percentage,34.0,False,0.11827957237387372,0.020496165905554975,0.32556237773592306
22,4,Ginger Zee,percentage,36.0,False,0.09227854903095567,0.0072692626198705285,0.2664274975031976
22,4,Wanya Morris,percentage,35.0,False,0.14902922062967275,0.008857838066134865,0.4260610808656888
22,4,Marla Maples,percentage,28.0,True,0.019144287018778773,-0.03784586395733194,0.05680069928056154
22,6,Kim Fields,percentage,24.0,False,0.1569197520113393,0.02045038260100174,0.46997526259135075
22,6,Jodie Sweetin,percentage,25.0,False,0.13544798934294452,0.018134075779018405,0.39929647881656566
22,6,Doug Flutie,percentage,21.0,True,0.02701587814342376,-0.012460184229760918,0.058581472730608396
22,6,Von Miller,percentage,24.0,False,0.1355229826164423,0.019963750204325406,0.402777807337956
22,6,Antonio Brown,percentage,27.0,False,0.1462542008453483,0.02054360274111615,0.3972319632225422
22,6,Paige VanZant,percentage,28.0,False,0.08588079475011877,0.0068359213816234195,0.1942958304162439
22,6,Nyle DiMarco,percentage,25.0,False,0.10827642704634156,0.02638334055454346,0.23643108783989714
22,6,Ginger Zee,percentage,24.0,False,0.09029632169514672,0.012650492922307795,0.29280170706537784
22,6,Wanya Morris,percentage,29.0,False,0.11438565354889532,0.007431073457643905,0.2996039560802952
22,7,Kim Fields,percentage,26.0,True,0.03345260300259935,-0.0009487886295022376,0.08343874666377912
22,7,Jodie Sweetin,percentage,25.5,False,0.1378560099414542,0.042441029966943065,0.2927538864516214
22,7,Von Miller,percentage,26.0,True,0.03611029835823089,0.003518602170791309,0.07607621354591595
22,7,Antonio Brown,percentage,26.0,False,0.21255684416771542,0.05902349391224732,0.3907505501125536
22,7,Paige VanZant,percentage,27.5,False,0.13572756018287307,0.03682274845544408,0.2931541732939009
22,7,Nyle DiMarco,percentage,28.0,False,0.12387442205284006,0.04358833308326455,0.2456293246753486
22,7,Ginger Zee,percentage,27.5,False,0.17881482477978974,0.041582595049940746,0.41616343288401025
22,7,Wanya Morris,percentage,27.5,False,0.14160743751449648,0.0334219366397948,0.2806737042028015
22,8,Jodie Sweetin,percentage,30.0,True,0.03502261962300352,-0.014012733717361813,0.11166445462171132
22,8,Antonio Brown,percentage,27.0,False,0.19903009179494377,0.0496457501641081,0.4219889099947257
22,8,Paige VanZant,percentage,28.0,False,0.17733515614258868,0.04540351652672786,0.48584439826177056
22,8,Nyle DiMarco,percentage,29.0,False,0.2691835984893479,0.04317334791847807,0.6728842501941334
22,8,Ginger Zee,percentage,30.0,False,0.1260744088366143,0.026241314872778303,0.34518095659573783
22,8,Wanya Morris,percentage,25.0,False,0.19335412511350258,0.043097283784784786,0.3811817124980329
22,9,Antonio Brown,percentage,27.5,True,0.0855464235482113,0.006483832967123293,0.19836287157642404
22,9,Paige VanZant,percentage,29.5,False,0.2886012724823292,0.12873333078625251,0.5307801420300045
22,9,Nyle DiMarco,percentage,28.5,False,0.2420302843503686,0.11888748207550898,0.4565695555011066
22,9,Ginger Zee,percentage,28.0,False,0.30183395268067986,0.13443053963459978,0.5033284417060074
22,9,Wanya Morris,percentage,30.0,True,0.08198806693841147,0.006654685394334568,0.17897548618685913
22,10,Paige VanZant,percentage,29.666600000000003,False,0.28858383483694827,0.04229888258908732,0.458291037479447
22,10,Nyle DiMarco,percentage,28.9998,False,0.5946613908094766,0.3939283463023343,0.9411297175746847
22,10,Ginger Zee,percentage,28.3332,False,0.11675477435357462,0.007776712818340237,0.28490781912685115
23,2,Jake T. Austin,percentage,24.0,True,-0.003959894374336582,-0.1135670891877083,0.03449327414616412
23,2,Maureen McCormick,percentage,26.0,False,0.06423223676100148,0.008716552541444426,0.1427112815007191
23,2,Marilu Henner,percentage,27.0,False,0.12168309483717446,0.006472178244558594,0.4700141057407626
23,2,Ryan Lochte,percentage,24.0,False,0.08242306543637652,0.015899983697216256,0.19530647397491774
23,2,Calvin Johnson Jr.,percentage,28.0,False,0.06382157692559554,0.008604043443680771,0.15981415753072548
23,2,Laurie Hernandez,percentage,32.0,False,0.08652649668879904,0.009359834732795079,0.20053109591160706
23,2,Amber Rose,percentage,24.0,False,0.10681226588124455,0.0006603231933674167,0.2632108212413587
23,2,Rick Perry,percentage,22.0,False,0.12196550804258371,0.01277094772337085,0.3833630793433335
23,2,James Hinchcliffe,percentage,29.0,False,0.062268545278954396,0.0019937186584545533,0.14501694454169287
23,2,Babyface,percentage,30.0,False,0.08421326830961084,-0.005689927485052967,0.23600141739168656
23,2,Vanilla Ice,percentage,26.0,False,0.05956423943487359,0.0029132934427989012,0.16819384139821394
23,2,Jana Kramer,percentage,29.0,False,0.07129109386916019,0.005282232313752182,0.2183740821248442
23,2,Terra Jole,percentage,31.0,False,0.07915850290896465,0.008808763066369574,0.2390483870242965
23,3,Maureen McCormick,percentage,28.0,False,0.106127277876364,0.02030771856967185,0.2690585928054154
23,3,Marilu Henner,percentage,28.0,False,0.15475170054499654,0.021894598286839394,0.41556378353301315
23,3,Ryan Lochte,percentage,25.0,False,0.0830329484785024,0.005300365733304904,0.21619054147873318
23,3,Calvin Johnson Jr.,percentage,32.0,False,0.06457307331547804,0.0009654218518206983,0.15623860208596135
23,3,Laurie Hernandez,percentage,31.0,False,0.06238729748900389,0.004764590251963332,0.17172048863341596
23,3,Amber Rose,percentage,25.0,False,0.07519654598775172,0.0059150035349586705,0.19112152885503297
23,3,Rick Perry,percentage,23.0,True,0.013612019726962419,-0.032167281645229126,0.043928741805898674
23,3,James Hinchcliffe,percentage,29.0,False,0.06524992691267113,0.003125991000672547,0.19106647890046857
23,3,Babyface,percentage,25.0,False,0.11897139555995015,0.021868255556235484,0.2972585430715607
23,3,Vanilla Ice,percentage,23.0,False,0.09883615055984346,0.018028267270904952,0.26222567670845004
23,3,Jana Kramer,percentage,26.0,False,0.08241993943996306,0.01353414619310158,0.2688054135979175
23,3,Terra Jole,percentage,30.0,False,0.0748417241085134,0.003960522692472893,0.21978056936204457
23,4,Maureen McCormick,percentage,24.0,False,0.11633440212919036,0.020898793582402552,0.2601497135440111
23,4,Marilu Henner,percentage,21.0,False,0.11855791390710933,0.02810633070142076,0.32090943257206983
23,4,Ryan Lochte,percentage,22.0,False,0.08935501779559116,0.021035666862516452,0.23350825275183779
23,4,Calvin Johnson Jr.,percentage,23.0,False,0.13637262137901146,0.048306369256040746,0.24758634813530242
23,4,Laurie Hernandez,percentage,30.0,False,0.07354367416131252,0.012728869330019703,0.18496336279695005
23,4,Amber Rose,percentage,24.0,False,0.09666699155254746,0.016699790241132096,0.22144568070622556
23,4,James Hinchcliffe,percentage,28.0,False,0.10694458649476503,0.014989147925590925,0.26291975844705184
23,4,Babyface,percentage,18.0,True,0.026964791631095244,-0.016694656232691743,0.0652773099271205
23,4,Vanilla Ice,percentage,23.0,True,0.018061461794150684,-0.02149020944357663,0.04296097358719617
23,4,Jana Kramer,percentage,23.0,False,0.08363006867957609,0.02388120654003718,0.19191835434056748
23,4,Terra Jole,percentage,25.0,False,0.13356847047564885,0.03227588378380846,0.29950886156204204
23,6,Maureen McCormick,percentage,31.0,False,0.1165297576017145,0.013696403678476535,0.26618267239717686
23,6,Marilu Henner,percentage,34.0,False,0.074527675436395,0.007070061861542557,0.1766545603716064
23,6,Ryan Lochte,percentage,30.0,False,0.21805328984595965,0.035216129566102095,0.5245439550302837
23,6,Calvin Johnson Jr.,percentage,37.0,False,0.09341106659046901,0.006475339315234837,0.25081532475723217
23,6,Laurie Hernandez,percentage,37.0,False,0.1314913946240809,0.00827292689500548,0.27643371444951614
23,6,Amber Rose,percentage,28.0,True,0.027575458988009106,-0.006573555652957038,0.07173322209603769
23,6,James Hinchcliffe,percentage,38.0,False,0.18810419284979235,0.02352176146435448,0.3937396586943875
23,6,Jana Kramer,percentage,40.0,False,0.06349248171618109,0.0007741631805688737,0.17018241108197713
23,6,Terra Jole,percentage,30.0,False,0.08681468234739785,0.020227549514439013,0.22325810949592673
23,7,Maureen McCormick,percentage,33.0,True,0.02339783034406578,-0.0007737247368202957,0.05823885171835836
23,7,Marilu Henner,percentage,32.0,False,0.12370612478727348,0.02820213215953644,0.32748209271200746
23,7,Ryan Lochte,percentage,33.0,False,0.13436550504933084,0.018872977094327382,0.36902455375531545
23,7,Calvin Johnson Jr.,percentage,37.0,False,0.1262988107039874,0.023194768302931726,0.31384907058293726
23,7,Laurie Hernandez,percentage,34.5,False,0.1066581013926288,0.011831862486608183,0.28035001680990695
23,7,James Hinchcliffe,percentage,37.0,False,0.16387206971134874,0.018316795621013616,0.5167115852236258
23,7,Jana Kramer,percentage,34.5,False,0.20843864774767865,0.026523326133219935,0.40689925807429866
23,7,Terra Jole,percentage,34.5,False,0.11326291026368585,0.02333893257867603,0.2394991803082572
23,8,Marilu Henner,percentage,23.0,False,0.17399840270265177,0.036587263246568476,0.34477552732208977
23,8,Ryan Lochte,percentage,26.0,True,0.04056820469055809,-0.005102610593570072,0.09198146286140123
23,8,Calvin Johnson Jr.,percentage,30.0,False,0.11371784093395129,0.012009015458304552,0.24380758588068324
23,8,Laurie Hernandez,percentage,33.0,False,0.1795598238971325,0.027062361608492024,0.44327155335930746
23,8,James Hinchcliffe,percentage,34.9998,False,0.1692500807239293,0.029101749252756243,0.31950171908500796
23,8,Jana Kramer,percentage,30.0,False,0.13196058014211556,0.0360843953573082,0.28891142445911594
23,8,Terra Jole,percentage,24.0,False,0.19094506690966018,0.051728632525562306,0.4097687983960308
23,9,Marilu Henner,percentage,36.0,True,0.04726062753549662,0.0018042608038477195,0.11620883037089809
23,9,Calvin Johnson Jr.,percentage,37.0,False,0.19908354949147897,0.046638467996865884,0.501446615828357
23,9,Laurie Hernandez,percentage,40.0,False,0.17534406041264233,0.03326608303313402,0.35876155833960116
23,9,James Hinchcliffe,percentage,36.0,False,0.2266889689485137,0.05197218514032516,0.48672522014914643
23,9,Jana Kramer,percentage,40.0,False,0.21067538989967832,0.03912477811232477,0.4235547956649675
23,9,Terra Jole,percentage,38.0,False,0.14094740371218842,0.033816723645006826,0.3435042076040278
23,10,Calvin Johnson Jr.,percentage,28.0,False,0.3247524199476884,0.13308539411030826,0.5040761412570073
23,10,Laurie Hernandez,percentage,30.0,False,0.17687766680749709,0.04683963034500145,0.32890798788323333
23,10,James Hinchcliffe,percentage,29.5,False,0.1976494154820285,0.04439249476867339,0.40792818579246926
23,10,Jana Kramer,percentage,29.0,False,0.24889915662874448,0.07177894110923118,0.44832112427997234
23,10,Terra Jole,percentage,30.0,True,0.05182134113404209,0.004481809118940676,0.11602013278721685
23,11,Calvin Johnson Jr.,percentage,38.3331,False,0.4444249150384886,0.12653951531709903,0.7828725481511979
23,11,Laurie Hernandez,percentage,39.333200000000005,False,0.25760521556275595,0.06884646864060735,0.534258016699128
23,11,James Hinchcliffe,percentage,38.9998,False,0.21906148405988676,0.039610549670175736,0.5613028532449296
23,11,Jana Kramer,percentage,35.5,True,0.07890838533886627,0.00710915220277079,0.1948812935138645
24,2,Charo,percentage,25.0,False,0.0720006505140312,0.007628462970571833,0.16326856925621863
24,2,Mr. T,percentage,22.0,False,0.12793624994132508,0.026959470396041275,0.31282517197603665
24,2,Heather Morris,percentage,30.0,False,0.06575783206263866,0.0027236913851236694,0.1694247108665762
24,2,Nancy Kerrigan,percentage,28.0,False,0.07153676105685287,0.002802976554539559,0.1945752393315346
24,2,Bonner Bolton,percentage,28.0,False,0.09412201019714218,0.006182805105501857,0.21374395567927879
24,2,Simone Biles,percentage,29.0,False,0.0803674212788918,0.005960154649328024,0.1881266551328072
24,2,David Ross,percentage,27.0,False,0.09761904390716171,0.008068863043016978,0.2540402936995519
24,2,Rashad Jennings,percentage,32.0,False,0.08804363181050608,-0.00780455265108421,0.19765722714316789
24,2,Chris Kattan,percentage,22.0,True,0.008331081333192762,-0.05042234392834461,0.04631778342507823
24,2,Erika Jayne,percentage,28.0,False,0.1425835224701365,0.014810537637917946,0.29889378260482546
24,2,Normani,percentage,32.0,False,0.07321774486667333,0.0035153223940886866,0.27861989688006233
24,2,Nick Viall,percentage,25.0,False,0.07848405056144704,0.0072135567551346175,0.22370034489469945
24,3,Charo,percentage,24.0,True,0.016342805593680104,-0.030490311437855983,0.05119915244740731
24,3,Mr. T,percentage,24.0,False,0.11223981608438871,0.019470638621248187,0.2636163327927336
24,3,Heather Morris,percentage,33.0,False,0.11356627748805931,0.013883206359657707,0.2180604053614158
24,3,Nancy Kerrigan,percentage,33.0,False,0.0981419979038553,0.009964262396845622,0.2904784649367569
24,3,Bonner Bolton,percentage,24.0,False,0.09776239735802504,0.010315700079473033,0.22764454209692253
24,3,Simone Biles,percentage,32.0,False,0.09026236373374305,0.003917262258591424,0.2056966690129258
24,3,David Ross,percentage,31.0,False,0.07443891905129757,0.00917181742703049,0.20924530272517491
24,3,Rashad Jennings,percentage,28.0,False,0.07704030185797839,0.008831529997506617,0.18656559996308356
24,3,Erika Jayne,percentage,26.0,False,0.09247204620124122,0.01802734047169936,0.19658141345943378
24,3,Normani,percentage,34.0,False,0.10787639997519304,0.008067636967797814,0.3274606651641694
24,3,Nick Viall,percentage,26.0,False,0.11985667475253924,0.01871951154014198,0.2699475038317042
24,4,Mr. T,percentage,28.0,True,0.022946429678318014,-0.019703247173478676,0.05812560807622161
24,4,Heather Morris,percentage,35.0,False,0.08859766584515608,0.01728735062048531,0.1935773961587673
24,4,Nancy Kerrigan,percentage,33.0,False,0.09548829802904148,0.014021844725606948,0.23330194383667435
24,4,Bonner Bolton,percentage,32.0,False,0.14633846733970102,0.01647304829861138,0.4066991741197521
24,4,Simone Biles,percentage,36.0,False,0.09816452553870858,0.013569050388700085,0.25805566783147943
24,4,David Ross,percentage,31.0,False,0.10026643844436418,0.0070455177181241516,0.2193696652168654
24,4,Rashad Jennings,percentage,39.0,False,0.10781658937526853,0.004103203155863742,0.39703143150727943
24,4,Erika Jayne,percentage,30.0,False,0.117694131502232,0.01334213090802966,0.27404783861621457
24,4,Normani,percentage,32.0,False,0.09206937080961547,0.01170172414955629,0.22509037744963717
24,4,Nick Viall,percentage,30.0,False,0.130618083437593,0.03577014849208264,0.2873208346158187
24,5,Heather Morris,percentage,34.0,False,0.1241992722127532,0.02881229127065913,0.29549684415139604
24,5,Nancy Kerrigan,percentage,36.0,False,0.10774459063154625,0.009417688164178248,0.3646508964766405
24,5,Bonner Bolton,percentage,30.0,False,0.14176448844238207,0.043196300774680126,0.36637757065953813
24,5,Simone Biles,percentage,38.0,False,0.13524210060289743,0.010316476364699633,0.32620901534742414
24,5,David Ross,percentage,29.0,False,0.10497941176665743,0.03189822222473912,0.25693342297054494
24,5,Rashad Jennings,percentage,32.0,False,0.10182243941291322,0.02642552170236851,0.22205004556051677
24,5,Erika Jayne,percentage,32.0,True,0.021733315694862938,-0.016468054282293306,0.050817783969226656
24,5,Normani,percentage,39.0,False,0.13867620759302698,0.021577755910018516,0.284590695828161
24,5,Nick Viall,percentage,34.0,False,0.12383817364296122,0.013912669586175867,0.3660425766898774
24,6,Heather Morris,percentage,37.0,True,0.019178861284127165,0.0022287026431168323,0.050065464646058724
24,6,Nancy Kerrigan,percentage,33.5,False,0.10862216003861531,0.03545555470442237,0.21837466106568204
24,6,Bonner Bolton,percentage,31.5,False,0.15147377523296246,0.04237916498310224,0.28983027403708056
24,6,Simone Biles,percentage,34.5,False,0.14254642752736874,0.028174206378794663,0.3863369448770121
24,6,David Ross,percentage,31.0,False,0.12442625412868236,0.03854971224348294,0.2679103215968572
24,6,Rashad Jennings,percentage,35.0,False,0.10543498593117619,0.026922558223890454,0.22895573373380196
24,6,Normani,percentage,36.0,False,0.13270785763044768,0.02073790976437151,0.29206626886089754
24,6,Nick Viall,percentage,30.5,False,0.2156096782266215,0.07194123285273844,0.42823780858659144
24,7,Nancy Kerrigan,percentage,36.0,True,0.039577685312210564,0.0009803545022196416,0.0961905450434302
24,7,Bonner Bolton,percentage,31.0,False,0.196692752450759,0.0673769281189814,0.4826611832312621
24,7,Simone Biles,percentage,39.0,False,0.1845154077180651,0.04476046845371729,0.35952036355241007
24,7,David Ross,percentage,32.0,False,0.19180219291498812,0.07316654243988628,0.426919588980536
24,7,Rashad Jennings,percentage,39.0,False,0.13493711762081587,0.04632431961929865,0.25822495958688646
24,7,Normani,percentage,42.0,False,0.20581737672309905,0.03336087235914463,0.44137906612138955
24,7,Nick Viall,percentage,34.0,True,0.046657467260061654,0.0029693696591840493,0.0918991580536303
24,8,Bonner Bolton,percentage,29.0,True,0.06448363392809746,0.006208451457276783,0.13849705668284223
24,8,Simone Biles,percentage,36.0,False,0.3401300812678744,0.04980104226595483,0.6228477347465002
24,8,David Ross,percentage,32.5,False,0.2412766280206549,0.05676345909440844,0.4811131809341817
24,8,Rashad Jennings,percentage,37.5,False,0.16410800239017245,0.02735379553664894,0.43946294082153103
24,8,Normani,percentage,39.5,False,0.19000165439320177,0.04132495110504025,0.5057084915191792
24,9,Simone Biles,percentage,40.0,True,0.08201280401215165,0.007903708471328316,0.18454482083060333
24,9,David Ross,percentage,35.0,False,0.25952885750295707,0.10365845711574864,0.444535824696707
24,9,Rashad Jennings,percentage,38.5,False,0.3596377274507069,0.12706502293721625,0.6641858312769234
24,9,Normani,percentage,38.0,False,0.2988206110341835,0.09668894027200506,0.5549301522680851
24,10,David Ross,percentage,36.3333,False,0.2910603681472215,0.13618109113361943,0.42877065381256535
24,10,Rashad Jennings,percentage,39.6666,False,0.5715022851732249,0.3557151548937624,0.7991069793331623
24,10,Normani,percentage,39.333200000000005,False,0.1374373466795512,0.018427837809552903,0.28717931472889746
25,2,Sasha Pieterse,percentage,22.5,False,0.11450096923351129,0.010189189146904032,0.2763709529114656
25,2,Frankie Muniz,percentage,24.0,False,0.0657565453084254,0.012661168249219607,0.16366941500859772
25,2,Jordan Fisher,percentage,24.0,False,0.09518501499191329,0.007217990036311402,0.22241340084467026
25,2,Derek Fisher,percentage,19.0,False,0.08957966370767168,0.02675252362706126,0.1828027224230106
25,2,Nikki Bella,percentage,19.5,False,0.10881839994153011,0.02759290238188329,0.2961473000282991
25,2,Terrell Owens,percentage,19.5,False,0.08722926598073037,0.017101946348220515,0.20906224108869953
25,2,Victoria Arlen,percentage,22.0,False,0.09082831646119002,0.010359143643758846,0.21513725617360657
25,2,Barbara Corcoran,percentage,17.0,True,0.014124629668432965,-0.034756202835549956,0.04712267758642467
25,2,Lindsey Stirling,percentage,22.5,False,0.10497294672996059,0.01747307074701261,0.2780591068966839
25,2,Debbie Gibson,percentage,20.5,True,0.00410523615721872,-0.09280089910849026,0.034987140931687415
25,2,Nick Lachey,percentage,19.0,False,0.07658886144390364,0.01409961363540093,0.16424833598016203
25,2,Drew Scott,percentage,20.5,False,0.07573214771386448,0.013411258292074912,0.22165699631427704
25,2,Vanessa Lachey,percentage,23.5,False,0.0725780026616462,0.012391606627686291,0.15811371447352418
25,4,Sasha Pieterse,percentage,24.0,False,0.14436168394321125,0.023704604499546596,0.3182449295371719
25,4,Frankie Muniz,percentage,24.0,False,0.10022403245298542,0.018741032000899608,0.27223475310296136
25,4,Jordan Fisher,percentage,29.0,False,0.06507540661381415,0.006512486201329763,0.1929326209930108
25,4,Derek Fisher,percentage,23.0,True,0.01655388251546077,-0.013525139746093096,0.03864930330293083
25,4,Nikki Bella,percentage,24.0,False,0.13304332462443108,0.032142432888453115,0.3206188958961053
25,4,Terrell Owens,percentage,24.0,False,0.09729981163562802,0.01813272063572234,0.21005570800086285
25,4,Victoria Arlen,percentage,27.0,False,0.06886177462576318,0.011435164795220075,0.16452930774221206
25,4,Lindsey Stirling,percentage,26.0,False,0.0882090031855051,0.014879642020947565,0.20365144847986028
25,4,Nick Lachey,percentage,22.0,False,0.08773206120494693,0.02003069116955232,0.2096846800168106
25,4,Drew Scott,percentage,24.0,False,0.09897587511045414,0.011425111829916889,0.33047913548106467
25,4,Vanessa Lachey,percentage,24.0,False,0.09966314408779808,0.017297305185619845,0.24619859943308672
25,5,Sasha Pieterse,percentage,24.0,True,0.012293067366047615,-0.036995826164806345,0.044580393968225045
25,5,Frankie Muniz,percentage,29.0,False,0.10146896738823172,0.009587320821687992,0.2405903937932462
25,5,Jordan Fisher,percentage,30.0,False,0.09485461755384844,0.001978300279769687,0.2505807997136017
25,5,Nikki Bella,percentage,27.0,False,0.08885674178703051,0.008798179553543305,0.23477703907324632
25,5,Terrell Owens,percentage,25.0,False,0.205432464304471,0.019781681077936895,0.4586063065248938
25,5,Victoria Arlen,percentage,27.0,False,0.082737070795012,0.00974103070089437,0.21773407428741046
25,5,Lindsey Stirling,percentage,28.0,False,0.09223921822898822,0.007735539871926572,0.261225380793151
25,5,Nick Lachey,percentage,22.0,False,0.13991381410355067,0.014376339685009572,0.446529357965734
25,5,Drew Scott,percentage,25.0,False,0.11375601419308452,0.019520352903704796,0.30630468788407644
25,5,Vanessa Lachey,percentage,24.0,False,0.0684480242797336,0.013655738516625313,0.14415116355828897
25,6,Frankie Muniz,percentage,31.0,False,0.12692440378854297,0.012225785555495102,0.30549087328824975
25,6,Jordan Fisher,percentage,39.0,False,0.12119376665312152,0.018358838255511677,0.32825938028150736
25,6,Nikki Bella,percentage,36.0,False,0.12931095149031782,0.015778590277685724,0.49369498869569906
25,6,Terrell Owens,percentage,37.0,False,0.13653787286881344,0.01988977574408139,0.4144260384559147
25,6,Victoria Arlen,percentage,31.0,False,0.1469640172236545,0.04434447168144718,0.3539894916610283
25,6,Lindsey Stirling,percentage,40.0,False,0.09360053059763693,0.005488379353171147,0.2604637235270422
25,6,Nick Lachey,percentage,26.0,True,0.030419021022617756,-0.005000981918097724,0.06717291436333761
25,6,Drew Scott,percentage,30.0,False,0.11252153145373127,0.01696718578103905,0.2621138949479888
25,6,Vanessa Lachey,percentage,36.0,False,0.10252790490156374,0.01540425199553028,0.2772269404428742
25,7,Frankie Muniz,percentage,30.0,False,0.16382610611326592,0.04271841452366637,0.31897719273470987
25,7,Jordan Fisher,percentage,27.0,False,0.16374590259151026,0.05989117501713706,0.33468702759943736
25,7,Nikki Bella,percentage,24.0,True,0.03833765394287833,0.0022621249433370863,0.07868672996449819
25,7,Terrell Owens,percentage,24.5,False,0.14270104298729458,0.06683162399876333,0.2836299258833149
25,7,Victoria Arlen,percentage,28.5,False,0.16603218032629152,0.03530772768188099,0.43185171665425315
25,7,Lindsey Stirling,percentage,25.5,False,0.13489801522233366,0.04390315216711062,0.36660210348955174
25,7,Drew Scott,percentage,28.5,False,0.1553151341938407,0.03400833637623807,0.32338176115464295
25,7,Vanessa Lachey,percentage,27.0,True,0.035143964622586565,0.0007899688996929069,0.07309237280521286
25,8,Frankie Muniz,percentage,26.5,False,0.1717706176186526,0.03215226795548397,0.4060173238657162
25,8,Jordan Fisher,percentage,30.0,False,0.1694175969661479,0.03221046990396355,0.3303454980049566
25,8,Terrell Owens,percentage,25.5,True,0.04005581513297544,0.0014280801889654743,0.10514288489190522
25,8,Victoria Arlen,percentage,24.0,False,0.31906148612031704,0.08370187607300997,0.6125883848255458
25,8,Lindsey Stirling,percentage,27.0,False,0.12137967652757188,0.022350674199048612,0.28453186761108423
25,8,Drew Scott,percentage,23.5,False,0.17831480763433347,0.0384129071515991,0.36605908195195963
25,9,Frankie Muniz,percentage,25.5,False,0.20730292409887327,0.047659273411473954,0.4948226085920553
25,9,Jordan Fisher,percentage,29.0,False,0.3068963457879393,0.07136851779908082,0.6110623290140864
25,9,Victoria Arlen,percentage,28.0,True,0.050375075405867935,0.0026429570128955124,0.13101184441672234
25,9,Lindsey Stirling,percentage,28.5,False,0.19285797618268663,0.04769795725544902,0.4425711638861353
25,9,Drew Scott,percentage,24.0,False,0.2425676785246301,0.09016587091977801,0.49343590889462113
25,10,Frankie Muniz,percentage,38.8887,False,0.29318252520185395,0.1237856836459739,0.5680783575215149
25,10,Jordan Fisher,percentage,40.0,False,0.3297698033215346,0.13135536323549438,0.5694788336655738
25,10,Lindsey Stirling,percentage,40.0,False,0.28156823407072595,0.06218958413679932,0.524740156782657
25,10,Drew Scott,percentage,37.5,True,0.09547943740588682,0.015042002405163549,0.19245551163600536
26,1,Jamie Anderson,percentage,19.0,True,0.027947521521686246,-0.010018289066671113,0.06229976287171135
26,1,Johnny Damon,percentage,18.0,True,0.02530042160981249,-0.020089676194297496,0.06625285647146137
26,1,Kareem Abdul-Jabbar,percentage,17.0,False,0.14993663125773504,0.05437501932477202,0.3213384742367377
26,1,Arike Ogunbowale,percentage,20.0,False,0.09967322748983004,0.026465140485017996,0.2812812022303083
26,1,Jennie Finch Daigle,percentage,21.0,False,0.15909015623650016,0.013838352463327097,0.36589876829556045
26,1,Chris Mazdzer,percentage,21.0,False,0.09895031204533573,0.027835012950445465,0.23652867727101506
26,1,Mirai Nagasu,percentage,23.0,False,0.11149203354539837,0.027640402901835975,0.26450701276946026
26,1,Tonya Harding,percentage,23.0,False,0.09382847635020569,0.024025301078044167,0.259740923817606
26,1,Josh Norman,percentage,24.0,False,0.14260944360692576,0.02741431358629535,0.28838981757123866
26,1,Adam Rippon,percentage,24.0,False,0.09117177633657032,0.01680754973290507,0.20282917827232222
26,2,Kareem Abdul-Jabbar,percentage,29.5,True,0.0458046184921989,0.0017783719140294432,0.10398879769146611
26,2,Arike Ogunbowale,percentage,35.0,True,0.03352554062730084,0.0012201336959590159,0.0786882325288588
26,2,Jennie Finch Daigle,percentage,31.5,False,0.16895446561711921,0.051698663308639176,0.2904291574389932
26,2,Chris Mazdzer,percentage,33.0,False,0.14354009296651066,0.057513153196660664,0.3210467055313808
26,2,Mirai Nagasu,percentage,37.0,False,0.14586950731528878,0.03777770835378826,0.2996174791517955
26,2,Tonya Harding,percentage,33.0,False,0.16770939569037718,0.058213466151080494,0.3612137471666269
26,2,Josh Norman,percentage,31.5,False,0.13063726150308055,0.043508142106628796,0.31221661377990756
26,2,Adam Rippon,percentage,37.0,False,0.16395911778812225,0.04173609398815582,0.3660997812297326
26,3,Jennie Finch Daigle,percentage,29.0,True,0.05790683313966202,0.003049099171028512,0.12412963604644263
26,3,Chris Mazdzer,percentage,33.0,True,0.056517979913223576,0.004206715140427031,0.1279996785046138
26,3,Mirai Nagasu,percentage,35.0,True,0.048389394868885084,-0.0003240839636211232,0.10937097559863299
26,3,Tonya Harding,percentage,35.0,False,0.17758140528264924,0.05506192900256152,0.5503425668026964
26,3,Josh Norman,percentage,38.0,False,0.5654900453787527,0.24584575869054476,0.7825833650135002
26,3,Adam Rippon,percentage,41.0,False,0.09411434141682759,0.028206922502385694,0.21284074345698178
26,4,Tonya Harding,percentage,28.0,False,0.13053592475059828,0.013128389015134126,0.2979817683782788
26,4,Josh Norman,percentage,28.5,False,0.30937054989067425,0.10757311261490535,0.4587892100206163
26,4,Adam Rippon,percentage,29.0,False,0.5600935253587291,0.37256474758062214,0.8260176019210325
27,1,Juan Pablo Di Pace,percentage,22.0,False,0.09595709960791907,0.0062809917736188076,0.21548740629178048
27,1,Evanna Lynch,percentage,18.0,False,0.06408082733664834,0.0057285855544882535,0.13651110074808914
27,1,Nancy McKeon,percentage,19.5,False,0.08313386191945732,0.018193864807943702,0.17193579933601083
27,1,John Schneider,percentage,18.0,False,0.0869838849601234,0.023799882966854154,0.15825975235152243
27,1,Milo Manheim,percentage,20.0,False,0.09261355226532886,0.005725898885747059,0.19075455832353816
27,1,Danelle Umstead,percentage,18.0,False,0.07839811400769402,0.01649538085239531,0.1611163008047915
27,1,Mary Lou Retton,percentage,20.0,False,0.09092765421869775,0.009751183768945907,0.2227787871885264
27,1,DeMarcus Ware,percentage,23.0,False,0.07727780826734551,0.008508584672767716,0.19778328578506355
27,1,Nikki Glaser,percentage,17.5,True,0.010892496068421034,-0.03330914643871463,0.032880092712143
27,1,Bobby Bones,percentage,20.0,False,0.07196408613023299,0.011960664261052766,0.16663384376386642
27,1,Tinashe,percentage,23.0,False,0.055095398679933565,0.005039634913099412,0.12189405240099299
27,1,Alexis Ren,percentage,22.0,False,0.11429284940280578,0.007713909286587273,0.26997278843046213
27,1,Joe Amabile,percentage,14.0,False,0.07838236713539157,0.026270300647592337,0.1695774936839935
27,2,Juan Pablo Di Pace,percentage,26.0,False,0.1068017604153581,0.013474617733399105,0.2563306015304394
27,2,Evanna Lynch,percentage,24.0,False,0.07260361401243415,0.007624092498563155,0.16966429262285151
27,2,Nancy McKeon,percentage,20.5,False,0.08933595910307732,0.009484057335185238,0.20181649269107227
27,2,John Schneider,percentage,21.5,False,0.08111491371134504,0.01269511275717413,0.1795239601433642
27,2,Milo Manheim,percentage,26.0,False,0.07223953538641324,0.006001646180664361,0.24913937867076572
27,2,Danelle Umstead,percentage,18.5,True,0.012319029272257292,-0.03425923267510987,0.04623825686563441
27,2,Mary Lou Retton,percentage,23.0,False,0.0806268150640401,0.013049972072013229,0.19219038223936513
27,2,DeMarcus Ware,percentage,23.5,False,0.0906346919055889,0.005021716640702667,0.21513317843072208
27,2,Bobby Bones,percentage,19.5,False,0.13302990094911024,0.01364070103575023,0.3548080528624544
27,2,Tinashe,percentage,26.0,False,0.0987385930636024,0.0061969431315444835,0.27257931168740934
27,2,Alexis Ren,percentage,24.5,False,0.07604020105742552,0.011586847273076458,0.1616157047955851
27,2,Joe Amabile,percentage,17.5,False,0.08651498605934563,0.017834946849024536,0.22585808232394924
27,3,Juan Pablo Di Pace,percentage,30.0,False,0.10728138000246225,0.02405716118095457,0.2347132098808747
27,3,Evanna Lynch,percentage,27.0,False,0.11250036747423474,0.016172709003414464,0.2723616861087937
27,3,Nancy McKeon,percentage,22.0,True,0.02041936963327734,-0.009332807373179694,0.04351367340566088
27,3,John Schneider,percentage,21.0,False,0.1273642628545069,0.035379756386583916,0.25481071054241394
27,3,Milo Manheim,percentage,27.0,False,0.11555701588000795,0.01181326215891681,0.3195503753607707
27,3,Mary Lou Retton,percentage,24.0,False,0.08062622540878427,0.019316097009902958,0.17240414748298657
27,3,DeMarcus Ware,percentage,26.0,False,0.08141583712488272,0.006370463295387256,0.20483483924116255
27,3,Bobby Bones,percentage,23.0,False,0.09465810690837739,0.02362026785394091,0.2215455479304638
27,3,Tinashe,percentage,27.0,False,0.09605788706773812,0.012474426645937078,0.27862883414406114
27,3,Alexis Ren,percentage,26.0,False,0.08405998069300266,0.01940857144004607,0.18648642734295418
27,3,Joe Amabile,percentage,18.0,False,0.08005956695272654,0.02565907570593342,0.13835314033815338
27,4,Juan Pablo Di Pace,percentage,24.0,False,0.08020468267541607,0.027497226582503295,0.17203698421768215
27,4,Evanna Lynch,percentage,24.0,False,0.08508355131147577,0.02621806780343195,0.18674670636677654
27,4,John Schneider,percentage,21.0,False,0.14175489178719305,0.04053951684563976,0.29051737022719637
27,4,Milo Manheim,percentage,29.0,False,0.08822755641835384,0.0164681052265733,0.2169317711273651
27,4,Mary Lou Retton,percentage,26.0,False,0.08088963541798992,0.01896017527612858,0.1821208695416715
27,4,DeMarcus Ware,percentage,22.0,False,0.15038772145237897,0.03453221186353547,0.5527393995791984
27,4,Bobby Bones,percentage,20.0,False,0.10417606438920345,0.03726220829208517,0.23901890033454018
27,4,Tinashe,percentage,26.0,True,0.013140578611079918,-0.04004984799966768,0.03823443549732351
27,4,Alexis Ren,percentage,25.0,False,0.08972002603425439,0.01818251240490578,0.2971845715020596
27,4,Joe Amabile,percentage,15.0,False,0.16641529190265442,0.04870971437558269,0.32091513893317036
27,6,Juan Pablo Di Pace,percentage,30.0,False,0.07465303818201421,0.004518170551491479,0.23365565393682533
27,6,Evanna Lynch,percentage,29.0,False,0.19306242671515383,0.016224731289876435,0.5309894279038561
27,6,John Schneider,percentage,19.0,False,0.17396491816130136,0.03873840941242399,0.3798954379295367
27,6,Milo Manheim,percentage,30.0,False,0.12678676270606498,0.014881708910999384,0.34323100444595767
27,6,Mary Lou Retton,percentage,24.0,True,0.016498545387169525,-0.031483359447707644,0.05668948472670658
27,6,DeMarcus Ware,percentage,26.0,False,0.10872523697593812,0.016887405638877893,0.310254554219456
27,6,Bobby Bones,percentage,22.0,False,0.09294749458849466,0.025413963768800802,0.23325803467602774
27,6,Alexis Ren,percentage,27.0,False,0.10947249261495487,0.006855520893610911,0.2599903668142358
27,6,Joe Amabile,percentage,22.0,False,0.10388908466890863,0.031246145391475348,0.24861262269842802
27,7,Juan Pablo Di Pace,percentage,28.0,False,0.12191009947152295,0.031970601902307494,0.2856798509362267
27,7,Evanna Lynch,percentage,29.5,False,0.1624141189227065,0.0381545955883329,0.35028785995567935
27,7,John Schneider,percentage,27.0,True,0.035840172541295824,5.883719109880947e-06,0.07566440999822133
27,7,Milo Manheim,percentage,29.0,False,0.12692920334762978,0.033984015201889234,0.26110787684676223
27,7,DeMarcus Ware,percentage,26.5,True,0.03419862141340582,0.00043319338438869634,0.07635649170540681
27,7,Bobby Bones,percentage,26.5,False,0.14986798108598887,0.041773581962289204,0.31564126965778705
27,7,Alexis Ren,percentage,27.5,False,0.17836672366948594,0.05311915989216211,0.33937649181984686
27,7,Joe Amabile,percentage,23.5,False,0.1904730795479679,0.05116943504325479,0.46780808998544665
27,8,Juan Pablo Di Pace,percentage,30.0,True,0.046796534218412844,0.0037346852121988294,0.1056862319177514
27,8,Evanna Lynch,percentage,29.0,False,0.20408869593123677,0.07259347067662747,0.4508268972872607
27,8,Milo Manheim,percentage,27.5,False,0.2593507934120977,0.06680053099359831,0.5499555637751372
27,8,Bobby Bones,percentage,22.5,False,0.2212598431756247,0.08940235146954353,0.3907405163113849
27,8,Alexis Ren,percentage,29.0,False,0.2055403215774589,0.05243641034474422,0.5302380749040538
27,8,Joe Amabile,percentage,23.0,True,0.06296381168516747,0.004854241197784517,0.13405600608810114
27,9,Evanna Lynch,percentage,30.0,False,0.13153079190562786,0.03352373708395894,0.2504016479438069
27,9,Milo Manheim,percentage,30.0,False,0.284522599988136,0.14095271266126688,0.4340663955981371
27,9,Bobby Bones,percentage,27.0,False,0.5197846467451923,0.3733956267881837,0.6894896390833918
27,9,Alexis Ren,percentage,28.5,False,0.06416196136104503,0.004308752439351095,0.1513176033565443
28,2,Kate Flannery,rank,21.0,False,0.08614303827387396,0.005967115273736889,0.2052641772462793
28,2,James Van Der Beek,rank,20.0,False,0.0779230691153714,0.006354151779492476,0.18627664184236142
28,2,Kel Mitchell,rank,20.0,False,0.09990586446281681,0.005790326231293379,0.22483240428211676
28,2,Ray Lewis,rank,15.0,False,0.08620180885630355,0.016938191369600765,0.1889762571927389
28,2,Lamar Odom,rank,12.0,False,0.08661687375740654,0.02475643016209962,0.18757583816423726
28,2,Sailor Brinkley-Cook,rank,18.0,False,0.07375388375287226,0.0016642940752360086,0.17889029488350308
28,2,Sean Spicer,rank,16.0,False,0.11796766985086354,0.0193016004806459,0.2798196325233312
28,2,Mary Wilson,rank,15.0,True,0.022104259396102204,-0.030084506947514293,0.06116696138468357
28,2,Lauren Alaina,rank,19.0,False,0.09797359914287228,0.00020470959524256788,0.218694377661484
28,2,Ally Brooke,rank,20.0,False,0.05748697506648236,0.0032150986090300343,0.12540033772032647
28,2,Karamo Brown,rank,19.0,False,0.143969915046261,0.017159970760128304,0.3376252783277107
28,2,Hannah Brown,rank,24.0,False,0.04995304327877486,-0.01915639144763422,0.11589986375369188
28,4,Kate Flannery,rank,26.0,False,0.13361973692336698,0.014664136669982893,0.35981323945952065
28,4,James Van Der Beek,rank,28.0,False,0.09213116708243597,0.002895669622189192,0.2570404033080279
28,4,Kel Mitchell,rank,32.0,False,0.10864573378911274,0.011358638242492771,0.25776435370941125
28,4,Lamar Odom,rank,20.0,True,0.029905760909118926,-0.023440133433594183,0.08591949229868624
28,4,Sailor Brinkley-Cook,rank,31.0,False,0.10401712806321847,-0.003594192459086161,0.24588465597314726
28,4,Sean Spicer,rank,21.0,False,0.10089847912575754,0.024987574008996503,0.2417411790566265
28,4,Lauren Alaina,rank,32.0,False,0.0994855727875355,0.008048756899374853,0.2498464170997687
28,4,Ally Brooke,rank,32.0,False,0.06887407540757103,0.003993136168829618,0.22615434844225046
28,4,Karamo Brown,rank,28.0,False,0.09923056216152665,0.0076214156061060155,0.22454334302331866
28,4,Hannah Brown,rank,32.0,False,0.1631917837503568,0.009435269453421206,0.37870135380760456
28,6,Kate Flannery,rank,27.0,False,0.05862493581492614,0.00723304313087594,0.1721003626455904
28,6,James Van Der Beek,rank,27.0,False,0.05597936495844778,0.008903423007293576,0.12386352758830287
28,6,Kel Mitchell,rank,26.0,False,0.08644668649204335,0.019279009271348648,0.21147556525163846
28,6,Sailor Brinkley-Cook,rank,27.0,True,0.01645751449215076,-0.029576969829817855,0.05029213348628193
28,6,Sean Spicer,rank,21.0,False,0.19679279187608717,0.11238786244818363,0.2970335369415107
28,6,Lauren Alaina,rank,26.0,False,0.07251197128148285,0.026285588125681193,0.14040135494268569
28,6,Ally Brooke,rank,25.0,False,0.22100064481084986,0.0763074633232253,0.5221740290931325
28,6,Karamo Brown,rank,25.0,False,0.1292987761649437,0.03713276358131813,0.26836571270203446
28,6,Hannah Brown,rank,24.0,False,0.1628873141090703,0.07884567795573941,0.3526595604325474
28,7,Kate Flannery,rank,24.0,False,0.11499907062337904,0.028439941778733702,0.2521732162800932
28,7,James Van Der Beek,rank,27.0,False,0.06155758573617486,0.0038245034322516337,0.15556413040423608
28,7,Kel Mitchell,rank,25.5,False,0.13587693063932668,0.03314432562835865,0.3336674974293922
28,7,Sean Spicer,rank,21.0,False,0.11371027953519504,0.0475699617029449,0.20505520991324852
28,7,Lauren Alaina,rank,27.0,False,0.12214666594892604,0.003260036284591074,0.3216982855457636
28,7,Ally Brooke,rank,27.0,False,0.16907858509703674,0.022717235343656605,0.369962948554671
28,7,Karamo Brown,rank,24.5,True,0.037113714929141874,0.0002577856769877207,0.08431904332543236
28,7,Hannah Brown,rank,26.0,False,0.24551716749082,0.06073105358406118,0.4339042463217927
28,8,Kate Flannery,rank,25.9998,True,0.04701229335701286,0.0011444063591866463,0.1287652866722063
28,8,James Van Der Beek,rank,31.9998,False,0.0895060212930792,0.0038945524461513935,0.22650421594766285
28,8,Kel Mitchell,rank,29.9998,False,0.18590642994198658,0.03962286583925491,0.46283351084148566
28,8,Sean Spicer,rank,20.0,False,0.26084398310477097,0.05976256854117154,0.6130335670532768
28,8,Lauren Alaina,rank,24.0,False,0.15557401393527223,0.0428422342562936,0.37864290978302473
28,8,Ally Brooke,rank,30.0,False,0.11296544829944254,0.006106944351301283,0.2978598376443346
28,8,Hannah Brown,rank,30.9998,False,0.14819181006843402,0.009337531353322909,0.3823763882051425
28,9,James Van Der Beek,rank,36.0,False,0.12881205876610416,0.003779065759161551,0.31103980517555235
28,9,Kel Mitchell,rank,37.0,False,0.20386304934464128,0.02145355328903805,0.4923666312121758
28,9,Sean Spicer,rank,25.0,True,0.06724848883685601,0.0016030199866848768,0.18151892851183735
28,9,Lauren Alaina,rank,35.0,False,0.25009654136985054,0.04466425875670181,0.6032867222761069
28,9,Ally Brooke,rank,40.0,False,0.1854232349022464,0.008486026757844142,0.42781263779358397
28,9,Hannah Brown,rank,35.5,False,0.16455662678030109,0.00982145875635003,0.5333095932215268
28,10,James Van Der Beek,rank,25.5,True,0.08593808743847929,0.005247156033326759,0.22677669604572104
28,10,Kel Mitchell,rank,28.5,False,0.23609231421864033,0.011975510640368415,0.590763902700277
28,10,Lauren Alaina,rank,27.0,False,0.1850064998300866,0.03828798101847101,0.39203808583487254
28,10,Ally Brooke,rank,29.5,False,0.1911667975138464,0.006909421729950538,0.4521448036719449
28,10,Hannah Brown,rank,27.0,False,0.3017963009989477,0.10738277070827319,0.5235829858096525
28,11,Kel Mitchell,rank,29.5,False,0.23902018511838632,0.05412942074826274,0.3917752721695289
28,11,Lauren Alaina,rank,28.5,False,0.16176611587097864,0.016185907116512886,0.34233081963559925
28,11,Ally Brooke,rank,30.0,False,0.10910262423813435,0.010433467077678366,0.2279408260609136
28,11,Hannah Brown,rank,29.0,False,0.4901110747725008,0.29871341153470987,0.7645519098405407
29,2,Anne Heche,rank,18.0,False,0.0826090502745314,-0.007946779150254123,0.2078476390262476
29,2,Jesse Metcalfe,rank,20.0,False,0.05990587040207979,-0.02831482344394121,0.20560640302919334
29,2,Chrishell Stause,rank,18.0,False,0.06121822889110228,0.0019628264947223507,0.13655149269418201
29,2,Skai Jackson,rank,15.0,False,0.062194424385883955,0.013264813362932802,0.12480135712883036
29,2,Justina Machado,rank,21.0,False,0.06824625158751892,-0.044778589383608805,0.21013107203169595
29,2,Charles Oakley,rank,15.0,True,0.013431601398161392,-0.04079800630742854,0.04703558924466458
29,2,Veron Davis,rank,18.0,False,0.055289199755046765,0.0013638607100450563,0.1563963826917023
29,2,Johnny Weir,rank,18.0,False,0.06539674144633478,0.009082597081297973,0.16852254157032853
29,2,Nev Schulman,rank,21.0,False,0.046666991740867025,-0.01902461998966283,0.13454898604839455
29,2,AJ McLean,rank,19.0,False,0.08623165474928846,-0.00353216866784873,0.2663915423428612
29,2,Nelly,rank,18.0,False,0.07569642941129132,-0.006040166867752013,0.19819590275322144
29,2,Kaitlyn Bristowe,rank,22.0,False,0.06186048187867641,-0.02742112267550052,0.16143680975578273
29,2,Carole Baskin,rank,16.0,False,0.0919289394810514,0.0220972021819913,0.18310888477228626
29,2,Monica Aldama,rank,16.0,False,0.08441588910821206,0.012543147196509768,0.18532215306231342
29,2,Jeannie Mai,rank,18.0,False,0.08490824548995234,0.0024747478493052726,0.19870438908636395
29,3,Anne Heche,rank,15.0,False,0.08047502830672397,0.01014177369917893,0.1947256584590262
29,3,Jesse Metcalfe,rank,20.0,False,0.06617526524021931,-0.0237638745879631,0.19419620157389184
29,3,Chrishell Stause,rank,22.0,False,0.07113580407494187,-0.030074922408957747,0.3606616199125672
29,3,Skai Jackson,rank,18.0,False,0.06764687006719709,0.006254568104556868,0.1553398285043943
29,3,Justina Machado,rank,19.0,False,0.08325134996684265,-0.0030847811174580814,0.25025230670460663
29,3,Veron Davis,rank,22.0,False,0.07096934460021298,-0.022922027367311415,0.22885237073570652
29,3,Johnny Weir,rank,24.0,False,0.07343979346221634,-0.010585462578035006,0.18945559073313994
29,3,Nev Schulman,rank,24.0,False,0.052546102213606026,-0.006572187066357093,0.14911039688692823
29,3,AJ McLean,rank,21.0,False,0.07817281475372505,0.004567219338578146,0.21585303769115133
29,3,Nelly,rank,18.0,False,0.08831465936944231,0.012177472820570625,0.21095397311196235
29,3,Kaitlyn Bristowe,rank,23.0,False,0.07462328887249156,-0.0014892363526714536,0.17508721377178554
29,3,Carole Baskin,rank,12.0,True,0.015983053841405324,-0.04384244407704467,0.05946475337531451
29,3,Monica Aldama,rank,21.0,False,0.07420832176485688,-0.0010309150804984069,0.22496838382253267
29,3,Jeannie Mai,rank,22.0,False,0.10305830346611802,5.444739355902478e-05,0.31235064487369124
29,4,Anne Heche,rank,21.0,True,0.01612374413485174,-0.03554250822418562,0.06155074089704526
29,4,Jesse Metcalfe,rank,21.0,False,0.09494794270748967,0.006066357333580019,0.2423156609855685
29,4,Chrishell Stause,rank,22.0,False,0.07041683447837851,-0.04338038303766313,0.20421142081277166
29,4,Skai Jackson,rank,28.0,False,0.07343332951316153,-0.005568487805550033,0.1697207341861962
29,4,Justina Machado,rank,24.0,False,0.06066617335814623,7.130683877645122e-05,0.1473182649669228
29,4,Veron Davis,rank,22.0,False,0.053583043115204086,-0.02714570301070748,0.14146506305780138
29,4,Johnny Weir,rank,24.0,False,0.07353693496005323,0.0018937482279495627,0.16538588078194558
29,4,Nev Schulman,rank,24.0,False,0.058446694817810216,-0.007135103549067049,0.13322399470209642
29,4,AJ McLean,rank,24.0,False,0.09448538680044893,0.009180273604125258,0.22506164748362695
29,4,Nelly,rank,21.0,False,0.14671957085823373,0.023867025911828717,0.3707655389632544
29,4,Kaitlyn Bristowe,rank,25.0,False,0.07235562563327433,0.0038114249928727847,0.211826046947067
29,4,Monica Aldama,rank,24.0,False,0.08376277596168297,-0.016793123666620197,0.2236530564857654
29,4,Jeannie Mai,rank,21.0,False,0.10152194366126581,0.0231656212464368,0.23774793134612612
29,5,Jesse Metcalfe,rank,19.0,True,0.018854841912268955,-0.02042095366630338,0.05745536465719321
29,5,Chrishell Stause,rank,19.0,False,0.07538403281107912,0.011226239821568989,0.15576290864151116
29,5,Skai Jackson,rank,24.0,False,0.10543457636613995,0.012531092099628827,0.21146143214095633
29,5,Justina Machado,rank,24.0,False,0.0694488683890578,-0.008347220290558802,0.2902534231769073
29,5,Veron Davis,rank,21.0,False,0.08097741831351532,0.0019220145049152755,0.22968899328303327
29,5,Johnny Weir,rank,29.0,False,0.0925291834555851,-0.013227999070332406,0.21494309336567935
29,5,Nev Schulman,rank,26.0,False,0.04971228908793017,-0.009407352574940313,0.13462196922337225
29,5,AJ McLean,rank,24.0,False,0.12603659998585218,0.005035972494816764,0.3772109873152326
29,5,Nelly,rank,24.0,False,0.06498518736777852,0.002892424214431852,0.17524112793046048
29,5,Kaitlyn Bristowe,rank,27.0,False,0.0864018616907618,-0.0011372547479258262,0.2332126604650086
29,5,Monica Aldama,rank,26.0,False,0.0936305689963015,0.0007092152521144205,0.2728037831415977
29,5,Jeannie Mai,rank,24.0,False,0.13660457162372894,0.010870208861549095,0.30238649018770297
29,6,Chrishell Stause,rank,24.0,False,0.07104158358682668,0.007617757248522095,0.16353058775380103
29,6,Skai Jackson,rank,18.0,False,0.11022487943529748,0.016461566790563653,0.38765583203451304
29,6,Justina Machado,rank,27.0,False,0.12046833933611382,0.0029609987145927247,0.31006848642413715
29,6,Veron Davis,rank,21.0,True,0.020992791643722898,-0.02532592314645564,0.05408591921163509
29,6,Johnny Weir,rank,22.0,False,0.11846649420793912,0.022396090221049443,0.346212503238476
29,6,Nev Schulman,rank,26.0,False,0.13813359551190632,-0.005468003681675496,0.37138033526455067
29,6,AJ McLean,rank,27.0,False,0.083304710369528,-0.04513945596982431,0.2514830435588881
29,6,Nelly,rank,24.0,False,0.0699880094855736,0.007890300966061109,0.1528086926073893
29,6,Kaitlyn Bristowe,rank,27.0,False,0.1149131503009215,0.0027251819808018773,0.3541702312914622
29,6,Monica Aldama,rank,27.0,False,0.07553279200999498,0.00046258044043485935,0.20772231573083158
29,6,Jeannie Mai,rank,25.0,False,0.07693365411217608,0.0029748847052710817,0.16906142277325584
29,7,Chrishell Stause,rank,26.0,False,0.09989079725356072,0.00589088732195985,0.34503356276151026
29,7,Skai Jackson,rank,27.0,False,0.08134238219587976,0.0020846589608200187,0.21207993349111554
29,7,Justina Machado,rank,26.0,False,0.10688220396422621,-0.009374880543311478,0.31616752642155205
29,7,Johnny Weir,rank,27.0,False,0.0897341777714773,-0.005843479036955784,0.2613513746823719
29,7,Nev Schulman,rank,30.0,False,0.07606472807601136,-0.0020937948816674595,0.276101160205257
29,7,AJ McLean,rank,26.0,False,0.1618356811658083,0.026880657602909103,0.3416746015377572
29,7,Nelly,rank,27.0,False,0.1054495340463565,-0.0030746760171149624,0.26961706980758965
29,7,Kaitlyn Bristowe,rank,24.0,False,0.13530807035379014,0.024650688451532926,0.32635658112836424
29,7,Monica Aldama,rank,22.0,True,0.029235738447297308,-0.0042575689591668325,0.06832222123464696
29,7,Jeannie Mai,rank,25.0,False,0.11425668672559379,0.011041453254764778,0.27711072856194935
29,8,Chrishell Stause,rank,27.0,True,0.033872822981584116,0.0004595770414950343,0.08032215249520545
29,8,Skai Jackson,rank,26.9998,False,0.19961540233718386,0.048169191100562836,0.3777500802552211
29,8,Justina Machado,rank,28.9998,False,0.0860312353566664,0.005078069499958045,0.2255777759445882
29,8,Johnny Weir,rank,30.0,False,0.1235620669940492,0.012417941191677315,0.27048565188190893
29,8,Nev Schulman,rank,30.0,False,0.15739741928659245,0.004716084768699655,0.35740096560414836
29,8,AJ McLean,rank,27.0,False,0.11169445513598923,0.03419701644089412,0.21662092247034978
29,8,Nelly,rank,24.0,False,0.17927139377417226,0.03480199750948331,0.372648616062067
29,8,Kaitlyn Bristowe,rank,28.0,False,0.1085552041337616,0.013543176901373,0.3140084386726991
29,9,Skai Jackson,rank,28.9998,False,0.2338220838840267,0.011891101150108828,0.5158689082392774
29,9,Justina Machado,rank,25.9998,False,0.14578194007692505,0.036278402334668475,0.3509292784288428
29,9,Johnny Weir,rank,30.0,False,0.09009529683761255,0.010159885032043889,0.20360300389387503
29,9,Nev Schulman,rank,28.9998,False,0.2134534067938815,0.02331667453807728,0.4786343225703493
29,9,AJ McLean,rank,24.9998,True,0.04846041804077661,0.00269382319320104,0.11661187976925388
29,9,Nelly,rank,24.0,False,0.14500943046043216,0.027966483333703624,0.32328521168665136
29,9,Kaitlyn Bristowe,rank,30.0,False,0.12337742390634854,0.009434348545890201,0.31357353535759447
29,10,Skai Jackson,rank,28.5,True,0.0606873281630927,0.00405391998639254,0.14939602716663528
29,10,Justina Machado,rank,29.0,False,0.24050518462155182,0.041831412848318386,0.43409658707053767
29,10,Johnny Weir,rank,28.5,True,0.08047815718118263,0.003954691280280536,0.20564287077616883
29,10,Nev Schulman,rank,30.0,False,0.1901031605718597,0.039302898226573485,0.3615041832340888
29,10,Nelly,rank,28.0,False,0.21920144653332008,0.04558064035663537,0.44358146401991766
29,10,Kaitlyn Bristowe,rank,30.0,False,0.20902472292899482,0.015754800318247622,0.5725105939743281
29,11,Justina Machado,rank,30.0,False,0.07659912430811365,0.006294206434313866,0.17337919572169888
29,11,Nev Schulman,rank,30.0,False,0.27399060401076314,0.11935253285745245,0.41375080404981257
29,11,Nelly,rank,28.5,False,0.14353026588251036,0.04728898651240345,0.25643057384258167
29,11,Kaitlyn Bristowe,rank,30.0,False,0.5058800057986164,0.31176856142405807,0.8024343694162108
30,2,Martin Kove,rank,15.0,True,0.013166945455431086,-0.03334786041578553,0.04244500501404359
30,2,Brian Austin Green,rank,23.0,False,0.10020312805349813,-0.050564881542112944,0.22160150301497747
30,2,Melora Hardin,rank,27.0,False,0.08158201827240631,0.004814800909705198,0.2784392994811049
30,2,Matt James,rank,22.0,False,0.07604777710042866,0.021587864199118546,0.16733188318468845
30,2,"Mike ""The Miz"" Mizanin",rank,26.0,False,0.08061328061363679,-0.03920789496585321,0.27730160952925453
30,2,Suni Lee,rank,28.0,False,0.053997639275713154,0.0006095237841748369,0.12779866209598986
30,2,Iman Shumpert,rank,25.0,False,0.06355823485251037,-0.025787543736331926,0.16256448460483847
30,2,Cody Rigsby,rank,24.0,False,0.04592428011030833,-0.00439532762208468,0.11174257034443161
30,2,Melanie C,rank,30.0,False,0.05698366464843866,-0.006334441057638331,0.1304315237021383
30,2,Jimmie Allen,rank,27.0,False,0.09780178289685007,-0.011397080662766346,0.24843630073123593
30,2,Olivia Jade,rank,27.0,False,0.09405798945904602,0.011044392889996561,0.2152413366132382
30,2,JoJo Siwa,rank,31.0,False,0.050854599056944366,-0.007786555802366944,0.13948164976621935
30,2,Christine Chiu,rank,24.0,False,0.0583819152181445,0.00013606968847925185,0.18268178421418454
30,2,Kenya Moore,rank,24.0,False,0.05427361849671071,-0.021585598445871216,0.14514567697110306
30,2,Amanda Kloots,rank,32.0,False,0.07255312648993187,-0.006597254311923369,0.21997929850572953
30,3,Brian Austin Green,rank,19.0,False,0.08033380798827096,0.03654899434697881,0.18251065211519968
30,3,Melora Hardin,rank,23.0,False,0.0669413765557669,0.0015610870630427542,0.15845602792690675
30,3,Matt James,rank,20.0,False,0.10416419147274168,0.02760891327529568,0.2925296581220857
30,3,"Mike ""The Miz"" Mizanin",rank,22.0,False,0.06009058356362234,0.001960915167178022,0.20958442067720737
30,3,Suni Lee,rank,21.0,False,0.061574528365553605,0.005945015574040001,0.15201658373436475
30,3,Iman Shumpert,rank,19.0,False,0.11573152360514635,0.030407947538583176,0.23212848202131584
30,3,Cody Rigsby,rank,18.0,False,0.09965159457346506,0.04370125790846308,0.20528372200642386
30,3,Melanie C,rank,22.0,False,0.1009038847442418,-0.0023829180071976985,0.25712699500883024
30,3,Jimmie Allen,rank,20.0,False,0.0948085676710478,0.025717426953593345,0.20805154976850634
30,3,Olivia Jade,rank,24.0,False,0.050246251832742894,-0.0012025509533296272,0.15486998319671127
30,3,JoJo Siwa,rank,24.0,False,0.057262104255321945,-0.014276140793842765,0.16444324257380838
30,3,Christine Chiu,rank,21.0,True,0.003836998339780043,-0.09692665893115576,0.02873512512055775
30,3,Kenya Moore,rank,21.0,False,0.05449155666076531,0.011042017512163257,0.13197043834392344
30,3,Amanda Kloots,rank,24.0,False,0.049963030371531846,-0.030838151618874647,0.150857124528895
30,4,Brian Austin Green,rank,26.0,True,0.028085140313085746,-0.029128973037348963,0.07662232659940499
30,4,Melora Hardin,rank,36.5,False,0.0781644353526794,0.004180043175020073,0.17270521478032616
30,4,Matt James,rank,28.5,True,0.027527645554352272,-0.015939180266603688,0.06794840156077679
30,4,"Mike ""The Miz"" Mizanin",rank,32.5,False,0.06594411880739263,0.0008624082601415076,0.15007224737816618
30,4,Suni Lee,rank,34.0,False,0.08988474666196558,0.005058037387906211,0.2163134861499842
30,4,Iman Shumpert,rank,31.5,False,0.09805036291965252,0.009426738371410004,0.24292745204749028
30,4,Cody Rigsby,rank,29.0,False,0.09863140374638074,0.02564274294626774,0.2554020676823591
30,4,Melanie C,rank,33.0,False,0.07769517815711964,0.00189589444473073,0.20428377817837157
30,4,Jimmie Allen,rank,32.5,False,0.08532889803707967,0.011173701999941135,0.20930475497289255
30,4,Olivia Jade,rank,35.0,False,0.09395144108628391,0.006553042511986552,0.23812648492818606
30,4,JoJo Siwa,rank,35.0,False,0.07337659166376988,0.0009410889530510503,0.18658299381017307
30,4,Kenya Moore,rank,29.5,False,0.09037831891530383,0.02116610691310617,0.23022714386404847
30,4,Amanda Kloots,rank,34.0,False,0.09298171878493265,0.008000133841819537,0.2429391521356861
30,5,Melora Hardin,rank,36.0,False,0.12102076240992424,0.02011824802534641,0.25356866716934073
30,5,"Mike ""The Miz"" Mizanin",rank,32.0,False,0.09824357547192362,0.04140767438376328,0.1876147382843325
30,5,Suni Lee,rank,36.0,False,0.09342791674488922,0.029754927080454838,0.17681671104473878
30,5,Iman Shumpert,rank,28.0,False,0.1508204734901088,0.05550957124625573,0.3592515207134666
30,5,Cody Rigsby,rank,32.0,False,0.12408951479781458,0.036333146106512226,0.2662720780615048
30,5,Melanie C,rank,36.0,True,0.01475989098063453,-0.027398031903848548,0.04629299911886742
30,5,Jimmie Allen,rank,34.0,False,0.10620377566493364,0.01515884566705918,0.233523420436714
30,5,Olivia Jade,rank,36.0,False,0.07079151683121816,0.013666492669682619,0.16728107661839467
30,5,JoJo Siwa,rank,40.0,False,0.07888759515312399,0.0028920911120054113,0.24840537956265474
30,5,Kenya Moore,rank,36.0,False,0.08771346447951295,0.013096253244995743,0.182021822100671
30,5,Amanda Kloots,rank,39.0,False,0.05404151397591541,0.0038865332046761764,0.1657642253938754
30,6,Melora Hardin,rank,34.0,False,0.09837388344727022,0.02907022348099013,0.26665110994664665
30,6,"Mike ""The Miz"" Mizanin",rank,34.0,False,0.12960856946910831,0.006419498636020425,0.3369526259755725
30,6,Suni Lee,rank,36.0,False,0.1506989983797842,0.01212579055184809,0.5005670231154473
30,6,Iman Shumpert,rank,40.0,False,0.1047484803486497,0.0001601434543240174,0.2616203287382446
30,6,Cody Rigsby,rank,36.0,False,0.08877223381506627,0.0033623598931669203,0.2501929935808407
30,6,Jimmie Allen,rank,38.0,False,0.12229018998298692,0.00016281658385263603,0.331507572964522
30,6,Olivia Jade,rank,36.0,False,0.09059830511838114,0.0020710036213346427,0.2482978463280953
30,6,JoJo Siwa,rank,40.0,False,0.08984778056393852,0.007680134164711708,0.22895693009178145
30,6,Kenya Moore,rank,32.0,True,0.030270121054753428,-0.01738576849846855,0.07208465018383922
30,6,Amanda Kloots,rank,38.0,False,0.09479143782005842,-0.0022167606773594584,0.22101515020173151
30,7,Melora Hardin,rank,38.0,False,0.10483559004034099,0.005733974418815856,0.2916257035284787
30,7,"Mike ""The Miz"" Mizanin",rank,32.0,True,0.031229355034667682,-0.026307577413501027,0.08744095182329222
30,7,Suni Lee,rank,34.0,False,0.13158181158267765,0.027145551115844976,0.2929558847251384
30,7,Iman Shumpert,rank,34.0,False,0.15290743425645067,0.04020628734302721,0.4116240645282235
30,7,Cody Rigsby,rank,36.0,False,0.1939844833178435,0.013517191035715942,0.5237834027577917
30,7,Jimmie Allen,rank,38.0,False,0.0929619291045397,0.0066972134850490335,0.23977049885851956
30,7,Olivia Jade,rank,42.0,False,0.11696484745056605,0.007676821341190365,0.2795882232270862
30,7,JoJo Siwa,rank,39.0,False,0.07997475071220753,0.003565244830901558,0.240021097739284
30,7,Amanda Kloots,rank,34.0,False,0.09555979850070478,0.018580468446889563,0.1950231387669046
30,8,Melora Hardin,rank,42.0,False,0.14217678001861347,0.00281811415621689,0.3374711884093515
30,8,Suni Lee,rank,42.0,False,0.1546811052926147,0.016723268656001246,0.3256731502437532
30,8,Iman Shumpert,rank,35.0,False,0.13917787639090257,0.05802185379356459,0.28497705366796244
30,8,Cody Rigsby,rank,38.0,False,0.173579890223813,0.04737198444657534,0.3717506444086591
30,8,Jimmie Allen,rank,32.0,True,0.05845280980513125,0.0002529973670164082,0.12151810895449291
30,8,Olivia Jade,rank,36.0,True,0.044057602264899645,0.0012562070739519787,0.097581660903223
30,8,JoJo Siwa,rank,41.0,False,0.10795482259216854,0.021449920678975554,0.32094859508629625
30,8,Amanda Kloots,rank,42.0,False,0.17991911341185476,0.006869707093903919,0.4010790782032178
30,9,Melora Hardin,rank,36.0,True,0.08737527944712417,0.010340505555284762,0.18473955093200045
30,9,Suni Lee,rank,37.5,True,0.06593912129842648,0.0023210917059092026,0.16596137895050772
30,9,Iman Shumpert,rank,37.5,False,0.2935215921883642,0.1046377003042476,0.5334215116873158
30,9,Cody Rigsby,rank,35.5,False,0.253035542871723,0.12070878930393047,0.4235635843802557
30,9,JoJo Siwa,rank,40.0,False,0.14557474309955307,0.003444183922320619,0.3905936924692011
30,9,Amanda Kloots,rank,39.5,False,0.15455372109480803,0.02828704610277273,0.33154525636770615
30,10,Iman Shumpert,rank,40.0,False,0.5278432526017222,0.34400281653387804,0.7613419118217148
30,10,Cody Rigsby,rank,38.0,False,0.22414129865130877,0.07533084702825844,0.39165822781886395
30,10,JoJo Siwa,rank,40.0,False,0.1785083979361633,0.062163018648584804,0.3240090628629034
30,10,Amanda Kloots,rank,39.0,False,0.06950705081080581,0.006575551631934089,0.16153916138170618
31,1,Jason Lewis,rank,18.0,True,0.011285622889034463,-0.05111082531424707,0.03954983132101969
31,1,Cheryl Ladd,rank,21.0,False,0.07623709088145468,0.0014479219780468046,0.18139406015072437
31,1,Selma Blair,rank,28.0,False,0.05144703898231847,-0.019827597854967342,0.1730344292032561
31,1,Joseph Baena,rank,23.0,False,0.03072330885934349,-0.04980761631536905,0.09733063841874565
31,1,Trevor Donovan,rank,21.0,False,0.07719713254602704,0.00044774512957952706,0.22230136814753088
31,1,Daniel Durant,rank,27.0,False,0.061579744564435435,0.003990115437287507,0.1732372934312427
31,1,Wayne Brady,rank,29.0,False,0.052201376305658964,-0.010703422857602632,0.12949906835775227
31,1,Sam Champion,rank,20.0,False,0.07465740703122506,0.019039821206940803,0.16479503089392583
31,1,Jessie James Decker,rank,20.0,False,0.08004605390871423,0.010694252003561201,0.2144518120778458
31,1,Jordin Sparks,rank,26.0,False,0.06894186527878648,-0.0034293560563897047,0.17876733061951275
31,1,Heidi D'Amelio,rank,24.0,False,0.06733584969656141,-0.03218918897776304,0.2255572651011068
31,1,Charli D'Amelio,rank,32.0,False,0.09210730847037955,0.0005373646996627811,0.26456288119380184
31,1,Teresa Giudice,rank,20.0,False,0.056699242774016445,0.010619161557367598,0.10576125512745561
31,1,Vinny Guadagnino,rank,17.0,False,0.0663013957223677,0.013141836576294648,0.16343047152609666
31,1,Shangela,rank,28.0,False,0.0666361186479866,-0.028382597409442975,0.21236720452825744
31,1,Gabby Windey,rank,28.0,False,0.06660344344168972,0.0015445709102051425,0.16882635349352068
31,2,Cheryl Ladd,rank,21.0,False,0.07475567266518265,0.01879457030534521,0.1506693201544253
31,2,Selma Blair,rank,28.0,False,0.05416085786040506,-0.03265606026195138,0.14027840768689143
31,2,Joseph Baena,rank,24.0,False,0.09169308615074806,0.016941251200203775,0.2641241516700739
31,2,Trevor Donovan,rank,30.0,False,0.06348885078882978,-0.016800314223054343,0.16547302933470553
31,2,Daniel Durant,rank,29.0,False,0.12442007985556705,0.012314734917364845,0.2790646304985518
31,2,Wayne Brady,rank,32.0,False,0.07302353101006451,0.0003184982193685723,0.21053968238577292
31,2,Sam Champion,rank,26.0,False,0.06960350599142917,0.004970141992827674,0.16632386413575956
31,2,Jessie James Decker,rank,25.0,False,0.08099453867389916,0.010012433612961096,0.20080751876708097
31,2,Jordin Sparks,rank,27.0,False,0.060604726263667655,-0.012049893800337788,0.18060055988206794
31,2,Heidi D'Amelio,rank,28.0,False,0.06694935325702223,-0.0027326180279871777,0.17771017619707857
31,2,Charli D'Amelio,rank,32.0,False,0.041080024073941235,-0.04510329484869195,0.1256701163850662
31,2,Teresa Giudice,rank,23.0,True,0.016907021060781947,-0.03367143045721468,0.050743165731569236
31,2,Vinny Guadagnino,rank,27.0,False,0.06441417591475986,-0.006753020764326566,0.17346754768017736
31,2,Shangela,rank,28.0,False,0.06375191566198354,-0.005726179103713973,0.16809928838478644
31,2,Gabby Windey,rank,32.0,False,0.05415266077171998,-0.01915214815809364,0.17248780443469672
31,3,Cheryl Ladd,rank,24.0,True,0.011262490808405369,-0.04891249892846095,0.04374332575634238
31,3,Selma Blair,rank,28.0,False,0.05517267747732087,-0.03492031157407326,0.15521052267762914
31,3,Joseph Baena,rank,29.0,False,0.09542688071553013,0.001388486731293887,0.3102251803123237
31,3,Trevor Donovan,rank,27.0,False,0.08446930581036158,-0.01691084509450243,0.2404265630887882
31,3,Daniel Durant,rank,31.0,False,0.09146620857660039,-0.010211518016623261,0.2551755236347142
31,3,Wayne Brady,rank,33.0,False,0.061624639774881446,0.0004398412663675858,0.14454244969802021
31,3,Sam Champion,rank,25.0,False,0.08026490630824547,0.01598524062902958,0.18057702848336224
31,3,Jessie James Decker,rank,26.0,False,0.09857687749934028,0.007366375033194851,0.27100804891172314
31,3,Jordin Sparks,rank,29.0,False,0.07637841384228487,0.0029621023459433654,0.2657010317678219
31,3,Heidi D'Amelio,rank,32.0,False,0.06203890906340962,-0.02085397891358803,0.15593960111303756
31,3,Charli D'Amelio,rank,33.0,False,0.0785127347724086,0.0020788029909208257,0.21807552509104644
31,3,Vinny Guadagnino,rank,23.0,False,0.06594299062486664,0.010641406249702105,0.1616271682386012
31,3,Shangela,rank,30.0,False,0.08447759875512571,0.007012304361915987,0.22622304439056687
31,3,Gabby Windey,rank,33.0,False,0.054385365971217646,-0.013236808254497252,0.15106250025443052
31,4,Selma Blair,rank,32.0,False,0.10583976786391831,0.0030541383629165315,0.2386505242005285
31,4,Joseph Baena,rank,28.0,False,0.08551382903966596,0.021533015976051145,0.21257372868026184
31,4,Trevor Donovan,rank,28.0,False,0.08152897685015989,0.012611037732208919,0.1993515014353524
31,4,Daniel Durant,rank,29.0,False,0.07859868722930019,0.0019713492054272627,0.24842752899703646
31,4,Wayne Brady,rank,36.0,False,0.11851256329808765,0.013240000965800327,0.28757014473023235
31,4,Sam Champion,rank,25.0,True,0.020101000153806923,-0.03225198509177521,0.057518781471960545
31,4,Jessie James Decker,rank,31.0,False,0.07024858126604602,0.0033355024673153745,0.16145216961302405
31,4,Jordin Sparks,rank,34.0,False,0.07109560395647364,0.005489679593743205,0.17020159474540766
31,4,Heidi D'Amelio,rank,34.0,False,0.08782038695057452,-0.0021665989568225574,0.25069364621504453
31,4,Charli D'Amelio,rank,36.0,False,0.06969362995681883,-0.004851857138236285,0.1721542517792742
31,4,Vinny Guadagnino,rank,29.0,False,0.07604437293920557,0.0050073380456227435,0.1674455109399041
31,4,Shangela,rank,32.0,False,0.07464864029296624,-0.00550621740909968,0.23890389761752598
31,4,Gabby Windey,rank,36.0,False,0.06035396020297654,-0.01721584496731872,0.1862197539175382
31,5,Selma Blair,rank,40.0,False,0.06577669091030348,0.00020824505878912214,0.16320985045520633
31,5,Joseph Baena,rank,35.0,True,0.017994069009928657,-0.015465687920073443,0.042655551085632334
31,5,Trevor Donovan,rank,36.0,False,0.06613689701214771,0.0052357822459682575,0.14985263703502918
31,5,Daniel Durant,rank,33.5,False,0.09535950574164485,0.01599042535488597,0.2808102508235577
31,5,Wayne Brady,rank,41.0,False,0.1415148960433236,0.010134438176991703,0.3064393898914651
31,5,Jessie James Decker,rank,36.0,False,0.09047840525419994,0.012012708377050423,0.2760976994723707
31,5,Jordin Sparks,rank,35.5,False,0.062053606818998505,0.015571046103988096,0.14013956951075746
31,5,Heidi D'Amelio,rank,39.0,False,0.09910926517693307,0.0050603161845142255,0.2660064602428951
31,5,Charli D'Amelio,rank,42.0,False,0.08085513670135923,0.00890411692554511,0.16291292136882815
31,5,Vinny Guadagnino,rank,31.0,False,0.10140896191827892,0.028569842777025522,0.1923624493084835
31,5,Shangela,rank,38.5,False,0.08501903341716473,0.005870870846385879,0.18698816293776724
31,5,Gabby Windey,rank,41.0,False,0.09429353199571358,0.003073675825856031,0.2309805803162988
31,6,Trevor Donovan,rank,34.0,False,0.13393483341495463,0.04154439780940582,0.2248617657885526
31,6,Daniel Durant,rank,34.0,False,0.10102046302767126,0.023364019238338887,0.25457593745043755
31,6,Wayne Brady,rank,34.0,False,0.10476127015131757,0.021464725872737858,0.22796780503026892
31,6,Jessie James Decker,rank,32.0,True,0.02780118411668117,0.001506758118546692,0.07050065953352855
31,6,Jordin Sparks,rank,34.0,False,0.09701494574098495,0.014335942414562992,0.20896146936297705
31,6,Heidi D'Amelio,rank,36.0,False,0.12991870524821827,0.0009160274475983644,0.3695136077140013
31,6,Charli D'Amelio,rank,40.0,False,0.12880947554331595,0.006914329048532675,0.36552370059722517
31,6,Vinny Guadagnino,rank,28.0,False,0.09696401080922126,0.02762752816003517,0.19982587158150916
31,6,Shangela,rank,36.0,False,0.11000677403034571,0.010458179783212534,0.24620009839537468
31,6,Gabby Windey,rank,37.0,False,0.06976833791728838,0.0038712265541092777,0.15232382456279428
31,7,Trevor Donovan,rank,39.0,False,0.09894506840127006,-0.0032895739692386447,0.2753405691137162
31,7,Daniel Durant,rank,36.5,False,0.08937921372967218,-0.000866766589708844,0.2343034884882086
31,7,Wayne Brady,rank,38.0,False,0.10403615811338039,0.00010979525318076042,0.2666824059850253
31,7,Jordin Sparks,rank,34.5,True,0.04061080183419636,-0.0067370897448235795,0.10830768655432889
31,7,Heidi D'Amelio,rank,35.0,False,0.13920764203994107,0.043506510659212586,0.3176817869026408
31,7,Charli D'Amelio,rank,39.0,False,0.06909122995094773,0.005202454652837633,0.1767378598418201
31,7,Vinny Guadagnino,rank,31.5,False,0.13151367581236587,0.02135401784204153,0.3157396387452578
31,7,Shangela,rank,36.5,False,0.1561320819393817,0.014333295746461663,0.3765228834620856
31,7,Gabby Windey,rank,35.5,False,0.17108412817884494,0.019232173048694623,0.3171668909665604
31,8,Trevor Donovan,rank,39.0,False,0.20231552210445725,0.05010351670383112,0.43086777649358843
31,8,Daniel Durant,rank,39.0,False,0.17511536007071224,0.05006567237912289,0.3784114086317952
31,8,Wayne Brady,rank,45.0,False,0.10704911510359705,0.005943005377510961,0.2639629547957634
31,8,Heidi D'Amelio,rank,35.0,True,0.053233814751090125,0.0021034504344850102,0.13585072217880426
31,8,Charli D'Amelio,rank,45.0,False,0.1278514940576634,0.00269879711329845,0.4220241069194117
31,8,Vinny Guadagnino,rank,29.0,True,0.07021386719108445,0.004848578234352231,0.16661102083743096
31,8,Shangela,rank,42.0,False,0.1298009094566691,0.011942217048963302,0.31993880844184136
31,8,Gabby Windey,rank,40.0,False,0.13441991726472566,0.008354178188201812,0.3418918650861594
31,9,Trevor Donovan,rank,32.5,True,0.08891998120452674,0.008873177141253887,0.22024492549208852
31,9,Daniel Durant,rank,34.5,True,0.06318018530276649,0.004909287429634001,0.1710912770491118
31,9,Wayne Brady,rank,36.5,False,0.28311567353784145,0.0588262881551773,0.5612234669079638
31,9,Charli D'Amelio,rank,40.0,False,0.17448151601036135,0.007938442571616723,0.3970905581126515
31,9,Shangela,rank,36.5,False,0.19514893577276285,0.05566414604007809,0.3996993037103263
31,9,Gabby Windey,rank,40.0,False,0.19515370817174227,0.0268111751588044,0.44556593884800016
31,10,Wayne Brady,rank,38.0,False,0.21512694101748173,0.06411642631679049,0.40685319035808787
31,10,Charli D'Amelio,rank,40.0,False,0.49184345580966987,0.33953861709175376,0.6885866188861527
31,10,Shangela,rank,38.0,False,0.07572584656267325,0.006095816639637242,0.1554514445821343
31,10,Gabby Windey,rank,40.0,False,0.21730375661017295,0.06458365851113992,0.379219303067584
32,1,Jamie Lynn Spears,rank,15.0,False,0.057105287687113496,-0.006779089628047685,0.14244723429119108
32,1,Mira Sorvino,rank,17.0,False,0.08000449280970759,0.005601459951143431,0.18022936318906352
32,1,Barry Williams,rank,16.0,False,0.07462663907753062,0.0014167130714455509,0.1613969872052903
32,1,Alyson Hannigan,rank,13.0,False,0.07546581937907536,-0.01154129864274115,0.1732971896734373
32,1,Xochitl Gomez,rank,18.0,False,0.07067499274889673,-0.017179155339357204,0.19080381601620047
32,1,Adrian Peterson,rank,18.0,False,0.06781254310749318,0.0027481180682477555,0.13919215743438945
32,1,Matt Walsh,rank,12.0,True,0.020031061348366325,-0.029554510847222902,0.05023816801599314
32,1,Tyson Beckford,rank,12.0,False,0.10000704047170672,0.024127556938509192,0.21989452897888087
32,1,Jason Mraz,rank,21.0,False,0.0598912251609828,0.002106491872768835,0.13862710826605712
32,1,Lele Pons,rank,19.0,False,0.07362114211815482,0.002650244314986668,0.15926430102328998
32,1,Harry Jowsey,rank,12.0,False,0.07818167703620825,0.012947798049949534,0.16815473111151422
32,1,Mauricio Umansky,rank,15.0,False,0.08833165806222153,0.010082455261425611,0.20903889312101337
32,1,Charity Lawson,rank,22.0,False,0.08853250301739567,-0.005521392655032112,0.23179993551387984
32,1,Ariana Madix,rank,21.0,False,0.06571391797514976,0.0009745294368697886,0.15469152771116637
32,2,Jamie Lynn Spears,rank,16.0,True,0.01332572534488057,-0.03569288518764425,0.047038070532475246
32,2,Mira Sorvino,rank,18.0,False,0.08026356640809737,0.013888438993046618,0.23685570393598765
32,2,Barry Williams,rank,15.0,False,0.10020318978766626,0.03561744362568142,0.19661847919163372
32,2,Alyson Hannigan,rank,19.0,False,0.04437301407959054,-0.029217850995165426,0.13518332279344009
32,2,Xochitl Gomez,rank,24.0,False,0.05602427848171945,-0.031643023688763254,0.18650161011361355
32,2,Adrian Peterson,rank,15.0,False,0.09348891987775845,0.02507623766896882,0.18746689498767605
32,2,Tyson Beckford,rank,18.0,False,0.11211460421093278,0.025225474739512706,0.23035226031859138
32,2,Jason Mraz,rank,24.0,False,0.07882497584512962,0.013303020883837573,0.1952133326627856
32,2,Lele Pons,rank,21.0,False,0.08625876494208662,0.0036602805625703125,0.21780331739175604
32,2,Harry Jowsey,rank,15.0,False,0.09038605199932093,0.0289344216017437,0.2034826681714628
32,2,Mauricio Umansky,rank,12.0,False,0.13590263814606182,0.03769176306697511,0.2512088058015152
32,2,Charity Lawson,rank,21.0,False,0.044885040987245994,-0.01953390772828149,0.13002524879854757
32,2,Ariana Madix,rank,20.0,False,0.0639492298895103,0.004898145239774627,0.14623696232368763
32,3,Mira Sorvino,rank,26.0,False,0.07051561431457529,-0.009459793188052727,0.19466144549540232
32,3,Barry Williams,rank,25.0,False,0.0800102215179397,0.00427955472683271,0.19143896764679652
32,3,Alyson Hannigan,rank,24.0,False,0.09381665669956005,0.01096655598900101,0.25763189711834256
32,3,Xochitl Gomez,rank,32.0,False,0.10315469650990818,0.006015897132249042,0.2215271003497803
32,3,Adrian Peterson,rank,22.0,False,0.1328730635247925,0.011608962941960392,0.34940075588896696
32,3,Tyson Beckford,rank,20.0,True,0.028991007681277277,-0.018203721018763032,0.06696651330103257
32,3,Jason Mraz,rank,34.0,False,0.09800125882253943,-0.043139779717530816,0.26979955593522953
32,3,Lele Pons,rank,27.0,False,0.052196371182798004,-0.006617427101921987,0.12275763880139191
32,3,Harry Jowsey,rank,24.0,False,0.07455783436981166,-0.000961827737640095,0.24362145117680145
32,3,Mauricio Umansky,rank,23.0,False,0.08416174244512285,0.009776809978385322,0.1670579620267298
32,3,Charity Lawson,rank,32.0,False,0.09160495919265046,0.007840121611542732,0.19313188402502704
32,3,Ariana Madix,rank,34.0,False,0.09011657373902295,0.006367542320708814,0.22717788889006238
32,4,Mira Sorvino,rank,21.0,False,0.10859712405615146,0.025566539508653847,0.2301192364585583
32,4,Barry Williams,rank,18.0,False,0.11098874038206696,0.04942184014749275,0.24075893608316615
32,4,Alyson Hannigan,rank,18.0,False,0.1425603008430452,0.05855754873751255,0.25688185618732495
32,4,Xochitl Gomez,rank,27.0,False,0.0873109279889047,0.007812661563640369,0.27896350149554483
32,4,Adrian Peterson,rank,21.0,True,0.022518627890154626,-0.01768467409987457,0.052741082460664404
32,4,Jason Mraz,rank,24.0,False,0.0713664111898903,0.0022158347609753486,0.18120657399467935
32,4,Lele Pons,rank,22.0,False,0.08989019460946152,0.010745630323568275,0.22738348830286562
32,4,Harry Jowsey,rank,21.0,False,0.09019765257413168,0.02127861438468511,0.17717908306275354
32,4,Mauricio Umansky,rank,19.0,False,0.10978627711095058,0.019675473388195537,0.24107991665130687
32,4,Charity Lawson,rank,24.0,False,0.07265241801696501,0.009335730344115556,0.20507314833598797
32,4,Ariana Madix,rank,25.0,False,0.09413132533827907,0.004403640132005414,0.226974131335355
32,5,Mira Sorvino,rank,22.0,True,0.021797170296739922,-0.016250551467311455,0.06216565367301467
32,5,Barry Williams,rank,24.0,False,0.11231481193582882,0.029317121157338553,0.25418703479578886
32,5,Alyson Hannigan,rank,21.0,False,0.07646104951303338,0.013224613304722972,0.1900516573601406
32,5,Xochitl Gomez,rank,28.0,False,0.0930761822625509,0.005696569204247957,0.22973715281029536
32,5,Jason Mraz,rank,27.0,False,0.13295315760713333,0.0030338044223839414,0.35006746848239106
32,5,Lele Pons,rank,24.0,False,0.1429394487581747,0.033476715346968694,0.40668468171200356
32,5,Harry Jowsey,rank,18.0,False,0.10088016085372674,0.0343002457685144,0.22502082368238915
32,5,Mauricio Umansky,rank,24.0,False,0.11951051748028514,0.02639610028951663,0.2683717695553917
32,5,Charity Lawson,rank,28.0,False,0.10760108672303072,0.0005400354842565059,0.24333300824716503
32,5,Ariana Madix,rank,24.0,False,0.09246641456949324,0.018510998403599654,0.20320233733600832
32,6,Barry Williams,rank,32.0,False,0.10843593446700876,0.019570922728477165,0.2790601419257332
32,6,Alyson Hannigan,rank,31.0,False,0.18154652328044216,0.04542842774306985,0.42020226500842206
32,6,Xochitl Gomez,rank,42.0,False,0.10229151770424125,0.008013895879306884,0.29706267929997854
32,6,Jason Mraz,rank,39.0,False,0.08931029786627526,0.006896767332612203,0.2767496673654721
32,6,Lele Pons,rank,37.0,False,0.10542585022434743,0.02259216673303678,0.23809868127237768
32,6,Harry Jowsey,rank,29.0,False,0.1358797499949807,0.05200614095615167,0.290815369939614
32,6,Mauricio Umansky,rank,33.0,True,0.027452600731102426,0.00045893372018841055,0.07560486426638979
32,6,Charity Lawson,rank,38.0,False,0.15463201033005894,0.015869546799260652,0.3908263293108155
32,6,Ariana Madix,rank,41.0,False,0.09502551540154308,0.007956175669475443,0.2457751425213745
32,7,Barry Williams,rank,32.5,False,0.1784779975432073,0.08045160721908858,0.37036118127709955
32,7,Alyson Hannigan,rank,35.0,False,0.1440732865758803,0.05504736769732479,0.28696066487874106
32,7,Xochitl Gomez,rank,37.0,False,0.059653787356377386,0.011584466940090937,0.13347621929174838
32,7,Jason Mraz,rank,36.0,False,0.1712373476783798,0.04111714613737891,0.3735261263660273
32,7,Lele Pons,rank,36.5,True,0.023533746840762263,-0.012992243532723446,0.06713393398784312
32,7,Harry Jowsey,rank,32.0,False,0.22612358910425476,0.12789906278744928,0.3720272666008865
32,7,Charity Lawson,rank,36.0,False,0.10214617271904167,0.040029982693622186,0.2158490867505619
32,7,Ariana Madix,rank,37.0,False,0.09475407218209403,0.014874528762201824,0.2913925567732232
32,8,Barry Williams,rank,35.0,True,0.043025984856820104,-0.0063203611082660385,0.10686966807444905
32,8,Alyson Hannigan,rank,36.0,False,0.13974505940921156,0.038157535647827895,0.31598766982114285
32,8,Xochitl Gomez,rank,40.0,False,0.10951887732111054,0.004775382920398715,0.3291224011309929
32,8,Jason Mraz,rank,33.0,False,0.22808565026136543,0.04976530402809131,0.46948839881235566
32,8,Harry Jowsey,rank,28.0,False,0.17964116327809068,0.054825080965707255,0.43614889423685493
32,8,Charity Lawson,rank,39.0,False,0.20480436181864528,0.02327675860133385,0.4317787440085122
32,8,Ariana Madix,rank,42.0,False,0.09517890305475432,0.0029879417208542275,0.2304783771688321
32,9,Alyson Hannigan,rank,32.0,False,0.20515821898023534,0.0775949750009634,0.42655129189055285
32,9,Xochitl Gomez,rank,41.0,False,0.1707090984127022,0.012334371229649449,0.4452969271645322
32,9,Jason Mraz,rank,43.0,False,0.10612163808112128,0.006861307936678988,0.29511533174553256
32,9,Harry Jowsey,rank,30.0,True,0.07614961002469439,0.0034914817586976657,0.1670359935923718
32,9,Charity Lawson,rank,38.0,False,0.2459530134076251,0.01910523182006229,0.5035588515090978
32,9,Ariana Madix,rank,37.0,False,0.19590842109362314,0.02667348921120839,0.3382247594072398
32,10,Alyson Hannigan,rank,25.5,False,0.08313404085566083,0.006654550782288581,0.19787295227912208
32,10,Xochitl Gomez,rank,30.0,False,0.1959116639744518,0.07724595480141788,0.35167937626801865
32,10,Jason Mraz,rank,28.5,False,0.4244601319386795,0.29963263001562507,0.5959712275220267
32,10,Charity Lawson,rank,29.5,False,0.06926058810465689,0.005155676097993306,0.15082210152080874
32,10,Ariana Madix,rank,29.0,False,0.2272335751265495,0.06618297117308639,0.3749989698408151
32,11,Alyson Hannigan,rank,26.5,False,0.053876729777427176,0.004128689241149268,0.11910962783927102
32,11,Xochitl Gomez,rank,30.0,False,0.41105979387074465,0.29272036314808947,0.5718763637067541
32,11,Jason Mraz,rank,30.0,False,0.2242982723011818,0.1240766822463263,0.3404553433451139
32,11,Charity Lawson,rank,29.5,False,0.10064675183729369,0.033041996759266126,0.1628877922900599
32,11,Ariana Madix,rank,29.5,False,0.21011845221335274,0.09856803333136521,0.3309449663963886
33,2,Tori Spelling,rank,19.0,True,0.020525230097266603,-0.028402902540152885,0.05530490905948733
33,2,Eric Roberts,rank,15.0,False,0.12319396999957774,0.03815775363831542,0.2975077884893202
33,2,Reginald VelJohnson,rank,15.0,False,0.09755164693434537,0.0376408726282856,0.2000585131806132
33,2,Chandler Kinney,rank,24.0,False,0.04962026450175817,-0.007501356792569339,0.13044826959793038
33,2,Dwight Howard ,rank,22.0,False,0.04998750768056501,-0.033209656751062085,0.13511616098811455
33,2,Danny Amendola,rank,21.0,False,0.09047505742494388,-0.020743749047422176,0.24023024597573867
33,2,Stephen Nedoroscik,rank,22.0,False,0.06788669886910531,-0.0009655581314022242,0.18893036217264406
33,2,Ilona Maher,rank,21.0,False,0.10305316953856629,0.019873284702055655,0.24086200368274427
33,2,Anna Delvey,rank,17.0,True,0.022381007462578848,-0.028260500563881193,0.06568907718753815
33,2,Brooks Nader,rank,20.0,False,0.06547427513184106,0.011853325012438,0.1697602803612029
33,2,Phaedra Parks,rank,21.0,False,0.11701562967470601,0.010137650524101543,0.28802563712875257
33,2,Jenn Tran,rank,19.0,False,0.09169275401166314,0.02302311400473452,0.20661937080728499
33,2,Joey Graziadei,rank,22.0,False,0.10114278867308099,0.006147544012319478,0.3609136873713486
33,3,Eric Roberts,rank,23.0,True,0.03613749848424859,-0.022755178009282805,0.10507421590111893
33,3,Reginald VelJohnson,rank,21.0,True,0.04003731087268222,-0.0020407507573457773,0.11041093352913212
33,3,Chandler Kinney,rank,34.5,False,0.09574217841980578,-0.008584141079721306,0.2779187078830508
33,3,Dwight Howard ,rank,26.0,False,0.10369240025772984,0.030781484482051792,0.2047833443984689
33,3,Danny Amendola,rank,30.0,False,0.07217291197920406,0.003391974363408515,0.15874153045340425
33,3,Stephen Nedoroscik,rank,31.0,False,0.0686790118764452,0.0022240872258878774,0.16097736098204532
33,3,Ilona Maher,rank,28.0,False,0.18708385802339447,0.04118625743222555,0.3947227654952541
33,3,Brooks Nader,rank,30.5,False,0.10604705763407213,0.0025075501197616575,0.2592412658680509
33,3,Phaedra Parks,rank,28.0,False,0.109897582037494,0.014762527561049878,0.24688344854018918
33,3,Jenn Tran,rank,31.0,False,0.09228010152156983,0.010242249909782744,0.21085643013709193
33,3,Joey Graziadei,rank,35.0,False,0.08823008889335313,0.0010287434616801719,0.26446313540809374
33,4,Chandler Kinney,rank,32.0,False,0.18852128492157458,0.03268379609972205,0.45974216432059267
33,4,Dwight Howard ,rank,29.0,False,0.09081842466523263,0.03001232285700551,0.2121917734577591
33,4,Danny Amendola,rank,36.0,False,0.08639877666320893,0.002238534972812345,0.21843474024780857
33,4,Stephen Nedoroscik,rank,33.0,False,0.10364556003081868,0.015549747759489085,0.28748519467590955
33,4,Ilona Maher,rank,32.0,False,0.10241399225250103,0.03398510848185189,0.2440067389439939
33,4,Brooks Nader,rank,32.0,True,0.02858572898595421,-0.01607201830583628,0.06466379684723154
33,4,Phaedra Parks,rank,32.0,False,0.13710901603264175,0.03142013561280007,0.2870061726444158
33,4,Jenn Tran,rank,32.0,False,0.16438147314928647,0.03014902313313398,0.42362691101576505
33,4,Joey Graziadei,rank,36.0,False,0.09812574329878274,0.00447097933159856,0.2469784044624722
33,5,Chandler Kinney,rank,27.0,False,0.15901102984829943,-0.018684803669802786,0.36744927195136395
33,5,Dwight Howard ,rank,24.0,False,0.1910688871108183,0.046839353487244426,0.39599533696336137
33,5,Danny Amendola,rank,25.5,False,0.12087692724734295,0.007856908984838706,0.30860737445570263
33,5,Stephen Nedoroscik,rank,24.0,False,0.12376901254494818,0.02716311641002926,0.2536490027856278
33,5,Ilona Maher,rank,26.0,False,0.1157170696756479,0.01023692007384605,0.2566945988693495
33,5,Phaedra Parks,rank,24.0,True,0.04470377193476783,0.0019445834141693583,0.11758515579606463
33,5,Jenn Tran,rank,25.5,False,0.13254996338119707,0.008675665813352738,0.28523923833878523
33,5,Joey Graziadei,rank,26.0,False,0.11230333825697826,0.008422465917906847,0.36724699560837687
33,6,Chandler Kinney,rank,32.0,False,0.12485427728997622,0.012009142730942605,0.2714626338117469
33,6,Dwight Howard ,rank,31.0,False,0.10571998955675065,0.027067567550333575,0.265085890031065
33,6,Danny Amendola,rank,28.0,False,0.23278608706184106,0.0813574085364159,0.4659815872912656
33,6,Stephen Nedoroscik,rank,28.0,False,0.17027162656084804,0.051979942715456987,0.3936150559930858
33,6,Ilona Maher,rank,24.0,False,0.23312031846689604,0.10150655143529497,0.41056596224680725
33,6,Jenn Tran,rank,31.0,True,0.03329517310090442,-0.0068777042496583445,0.08108278075098775
33,6,Joey Graziadei,rank,32.0,False,0.09995252796278382,0.012887709004781304,0.25283551825502143
33,7,Chandler Kinney,rank,30.0,False,0.27461016599649923,0.028518190230895094,0.6211715946933298
33,7,Dwight Howard ,rank,24.0,True,0.07056228913893717,0.0028014360511246714,0.17303802638373944
33,7,Danny Amendola,rank,25.5,False,0.23498984455569283,0.04764459366175971,0.5020075419859098
33,7,Stephen Nedoroscik,rank,27.0,False,0.1453204335225175,0.01063480240105872,0.3825430104522294
33,7,Ilona Maher,rank,26.0,False,0.13904957224343722,0.02351681374341221,0.32177577522204137
33,7,Joey Graziadei,rank,27.5,False,0.13546769454291632,0.010846572856113118,0.3287642515767022
33,8,Chandler Kinney,rank,29.0,False,0.09945974547736659,0.006609999221544684,0.2170762564753396
33,8,Danny Amendola,rank,27.0,False,0.06573727102951728,0.0026415212707104514,0.15618569296246368
33,8,Stephen Nedoroscik,rank,26.5,False,0.13734727344452383,0.04327323602337404,0.248694408372656
33,8,Ilona Maher,rank,28.5,False,0.2412459515360855,0.10197848268699898,0.386801025353636
33,8,Joey Graziadei,rank,29.0,False,0.45620975851250684,0.2765367903195348,0.7240163577386631
33,9,Chandler Kinney,rank,30.0,False,0.050109106214659714,0.0024826388757464516,0.11648314593174514
33,9,Danny Amendola,rank,28.0,False,0.16976775294675395,0.08385839120583101,0.2601398975805865
33,9,Stephen Nedoroscik,rank,29.5,False,0.09991850465005875,0.03894158380654739,0.17930621855518694
33,9,Ilona Maher,rank,28.5,False,0.2626973100886363,0.16991179814219148,0.3548494509472505
33,9,Joey Graziadei,rank,29.5,False,0.41750732609988944,0.28584756984303505,0.5707551244565449
34,2,Corey Feldman,rank,15.0,True,0.026969937470441054,-0.05178143888665562,0.07142653112913701
34,2,Danielle Fishel,rank,19.0,False,0.10841566274588844,0.008031182329163916,0.2709047729664853
34,2,Elaine Hendrix,rank,21.0,False,0.07495183756330753,-0.013256013277657679,0.2451548031806492
34,2,Baron Davis,rank,18.0,True,0.010972773127296342,-0.04546352502548462,0.048939702866836604
34,2,Jordan Chiles,rank,22.0,False,0.06810131683533288,-0.007739302735865185,0.1693369323514003
34,2,Andy Richter,rank,16.0,False,0.10500263196359558,0.029501265622309848,0.20556953526447244
34,2,Robert Irwin,rank,22.0,False,0.06938847886341004,0.001148694102928425,0.1647596122289392
34,2,Hilaria Baldwin,rank,21.0,False,0.07605208489172607,0.002693862968639271,0.18747639567378788
34,2,Lauren Jauregui,rank,21.0,False,0.0942357389946458,0.006688409262192542,0.2203048828879357
34,2,Scott Hoying,rank,18.0,False,0.07774619746558972,0.010536428926345945,0.13843189717102797
34,2,Alix Earle,rank,21.0,False,0.08493185758804903,0.0018590576986721279,0.32014708137594816
34,2,Jen Affleck,rank,22.0,False,0.07839419455728881,0.001637093191839488,0.2446619880043837
34,2,Whitney Leavitt,rank,22.0,False,0.06854367058820035,-0.022415435370435506,0.24328505637836345
34,2,Dylan Efron,rank,20.0,False,0.056293617345229106,0.00394060600118797,0.148764996420594
34,3,Danielle Fishel,rank,21.0,False,0.0793794211350223,0.0022192115906241316,0.19368752527706778
34,3,Elaine Hendrix,rank,21.0,False,0.13753312473654608,0.012647684672001192,0.30181414867823353
34,3,Jordan Chiles,rank,24.0,False,0.0782623873378463,0.0021587731072734897,0.21473141268241713
34,3,Andy Richter,rank,18.0,False,0.11428722238175681,0.024947792278005795,0.25030480755055706
34,3,Robert Irwin,rank,22.0,False,0.08261465982065574,-0.003419066935714186,0.2592737496779257
34,3,Hilaria Baldwin,rank,22.0,False,0.09716368607439349,-0.004386307995579968,0.2724558904674555
34,3,Lauren Jauregui,rank,18.0,True,0.025399969010781953,-0.02681098371806064,0.07331701495538155
34,3,Scott Hoying,rank,22.0,False,0.07216042802981701,0.0033591712601047513,0.15075790549606544
34,3,Alix Earle,rank,23.0,False,0.07312576011742394,0.009625620359428266,0.1438371212577932
34,3,Jen Affleck,rank,19.0,False,0.08049284351200536,0.007824263408617022,0.2097936277846095
34,3,Whitney Leavitt,rank,24.0,False,0.06553000846682114,0.0001875368246736439,0.1743563485484588
34,3,Dylan Efron,rank,23.0,False,0.09405048937693186,0.001150365130552129,0.40849483452822727
34,4,Danielle Fishel,rank,21.0,False,0.12209730781477689,0.030361465957698314,0.263787333089601
34,4,Elaine Hendrix,rank,24.0,False,0.0823727062950712,-0.012341575122727148,0.28643721254196386
34,4,Jordan Chiles,rank,24.0,False,0.11318756691738055,0.003654557117121676,0.38208220967724144
34,4,Andy Richter,rank,18.0,False,0.1357154117682142,0.04043618931005147,0.3033748342324547
34,4,Robert Irwin,rank,22.0,False,0.0712279206422808,0.008464343860494055,0.19872055461868052
34,4,Hilaria Baldwin,rank,23.0,True,0.006946861051593728,-0.05476479514691433,0.04615852323971252
34,4,Scott Hoying,rank,21.0,False,0.09402303433291359,0.031890167439765284,0.1964777730021072
34,4,Alix Earle,rank,24.0,False,0.10221307817890883,0.0018013662725661333,0.2911012666922435
34,4,Jen Affleck,rank,23.0,False,0.09132541215509973,0.0046626188533341745,0.2683662369372695
34,4,Whitney Leavitt,rank,25.0,False,0.1228707667091891,0.0055863625451366035,0.3471300449932382
34,4,Dylan Efron,rank,23.0,False,0.0580199341345717,0.0060035057054241055,0.12327192646390682
34,6,Danielle Fishel,rank,36.0,False,0.07701120072088156,0.002437268604340237,0.2534686995035206
34,6,Elaine Hendrix,rank,36.0,False,0.06071606995662452,0.0021456201784935056,0.1393818580641169
34,6,Jordan Chiles,rank,39.0,False,0.08737504100326009,0.0011416606377190643,0.21177056657707605
34,6,Andy Richter,rank,27.0,False,0.10426264416361343,0.014503418580372705,0.26222178045489186
34,6,Robert Irwin,rank,36.0,False,0.09561909868623888,-0.030654540014750924,0.26173802023342696
34,6,Scott Hoying,rank,28.0,True,0.024842536682085258,-0.01578462024160682,0.06901418642560117
34,6,Alix Earle,rank,35.0,False,0.08191436101523657,-0.028251945405691425,0.2511655505178045
34,6,Jen Affleck,rank,32.0,False,0.1163673504310474,0.027244658139541016,0.2616197031128957
34,6,Whitney Leavitt,rank,39.0,False,0.10551274968713421,-0.011178356856957262,0.23777132808571416
34,6,Dylan Efron,rank,32.0,False,0.2463789476538774,0.031710272049505994,0.5341365684488089
34,7,Danielle Fishel,rank,35.0,False,0.15356510589806244,0.047075283615248056,0.3182208740350489
34,7,Elaine Hendrix,rank,32.0,False,0.12084763488823459,0.024510652115715587,0.2702744302369515
34,7,Jordan Chiles,rank,38.0,False,0.09261646422976248,0.014763120611237171,0.2590976277369211
34,7,Andy Richter,rank,29.0,False,0.12832842568451047,0.039987307570559794,0.2966339450054073
34,7,Robert Irwin,rank,41.0,False,0.14949794789063375,0.012016375238355952,0.37741625103360255
34,7,Alix Earle,rank,43.0,False,0.08320785937623651,0.0051188241631947235,0.21043738322751807
34,7,Jen Affleck,rank,34.0,True,0.029546342985243633,-0.005113440921028644,0.07536786113934041
34,7,Whitney Leavitt,rank,42.0,False,0.08206513246166,0.006406561677556332,0.1902410641216501
34,7,Dylan Efron,rank,38.0,False,0.1603250865856561,0.012852103179370166,0.3644047413427341
34,8,Danielle Fishel,rank,37.0,True,0.04251709785920108,-0.0027151665960387372,0.10236647178038265
34,8,Elaine Hendrix,rank,37.5,False,0.17600770487460926,0.029410399484601446,0.4029266182276065
34,8,Jordan Chiles,rank,39.0,False,0.1429232749463355,0.021501798437294217,0.2699108944169311
34,8,Andy Richter,rank,34.0,False,0.11144819338333431,0.0386208729322031,0.21169073140917155
34,8,Robert Irwin,rank,38.0,False,0.13738630132391877,0.009427752737173924,0.4277160208983468
34,8,Alix Earle,rank,38.5,False,0.10857555808813646,0.005827210713863332,0.2531693673306431
34,8,Whitney Leavitt,rank,39.5,False,0.15803634155332733,0.007181841325699791,0.43155300415947706
34,8,Dylan Efron,rank,38.0,False,0.12310552797113754,0.010230664480603696,0.3353020561531185
34,9,Elaine Hendrix,rank,36.0,False,0.14033730842628564,0.050896586559497414,0.27926481547260606
34,9,Jordan Chiles,rank,39.0,False,0.18469182551595964,0.026387114295987543,0.3504260609127652
34,9,Andy Richter,rank,29.0,True,0.05943857069699485,0.0015873334538874795,0.1452586046953268
34,9,Robert Irwin,rank,42.0,False,0.14718915859768691,0.013110480677223159,0.3474401176508125
34,9,Alix Earle,rank,40.0,False,0.14901867001301272,0.015969220284155556,0.3846611649114986
34,9,Whitney Leavitt,rank,42.0,False,0.13534681052524206,0.008068448596962548,0.37117294676953405
34,9,Dylan Efron,rank,42.0,False,0.18397765622481935,0.03308553585632776,0.3601538186235946
34,10,Elaine Hendrix,rank,28.5,False,0.21453232559298155,0.04925118628960916,0.5693706931355683
34,10,Jordan Chiles,rank,28.5,False,0.20222313726491026,0.05565503757273245,0.4635517504491137
34,10,Robert Irwin,rank,29.5,False,0.10259374358621628,0.01806474758546073,0.23795515749571153
34,10,Alix Earle,rank,29.0,False,0.18815268110396616,0.04434731716297557,0.3886138430815445
34,10,Whitney Leavitt,rank,29.0,True,0.04803233313631925,7.101124252274814e-05,0.11134110796813149
34,10,Dylan Efron,rank,27.5,False,0.2444657793156064,0.10855333419871034,0.41115799709472256
34,11,Elaine Hendrix,rank,28.9998,False,0.05477063071770566,0.00149545525069298,0.13043210133309513
34,11,Jordan Chiles,rank,29.666600000000003,False,0.26154020859175703,0.15500886904766617,0.3520703599529148
34,11,Robert Irwin,rank,29.666600000000003,False,0.4082877583032945,0.2720846694170568,0.602886673829541
34,11,Alix Earle,rank,30.0,False,0.17383557196373373,0.08869164121420742,0.2646745426552032
34,11,Dylan Efron,rank,29.3332,False,0.10156583042350717,0.02768670782856672,0.18101301817046697
