season,week,contestant,method,judges_score,is_eliminated,mean_fan_vote,ci_lower,ci_upper,ci_width
1,2,John O'Hurley,rank,26.0,False,0.11096913467914725,0.004563058138221874,0.27804047341262084,0.27347741527439895
1,2,Kelly Monaco,rank,17.0,False,0.2025172108262932,0.03535504728032182,0.47967207926459243,0.44431703198427064
1,2,Evander Holyfield,rank,14.0,False,0.20328581052247355,0.06598398312854369,0.518147923535349,0.4521639404068053
1,2,Rachel Hunter,rank,24.0,False,0.22716685426320768,0.032070215587386146,0.5182653705202566,0.4861951549328704
1,2,Joey McIntyre,rank,21.0,False,0.21210573115166537,0.03345714180198002,0.4821302969918264,0.4486731551898464
1,2,Trista Sutter,rank,19.0,True,0.043955258557213286,-0.000283447844249652,0.12914782337775313,0.1294312712220028
1,3,John O'Hurley,rank,24.0,False,0.32250270062200653,0.022259856887659014,0.7048679240105077,0.6826080671228487
1,3,Kelly Monaco,rank,21.0,False,0.29183073686651495,0.06880686683708791,0.6398843979657765,0.5710775311286885
1,3,Evander Holyfield,rank,13.0,True,0.0840244822869833,0.005895246851196073,0.2086433501842873,0.20274810333309123
1,3,Rachel Hunter,rank,26.0,False,0.17468021941553885,0.005580710088381574,0.4152827964272604,0.40970208633887883
1,3,Joey McIntyre,rank,22.0,False,0.12696186080895658,0.018061633816224602,0.3703973113240142,0.3523356775077896
1,4,John O'Hurley,rank,21.0,False,0.3185879596268248,0.051369121711112256,0.6736358236713685,0.6222667019602562
1,4,Kelly Monaco,rank,26.0,False,0.2293342913504891,0.06422392628662715,0.5389294791514339,0.4747055528648067
1,4,Rachel Hunter,rank,25.0,True,0.0804135590361341,0.007275246079793467,0.1933649814143735,0.18608973533458004
1,4,Joey McIntyre,rank,20.0,False,0.3716641899865529,0.1534183429704904,0.6624426747932469,0.5090243318227565
1,5,John O'Hurley,rank,27.0,False,0.21175432773788871,0.023448290517659086,0.3969236930843248,0.3734754025666657
1,5,Kelly Monaco,rank,23.5,False,0.597063924517354,0.3776170527630127,0.8730013094884698,0.49538425672545705
1,5,Joey McIntyre,rank,22.5,False,0.19118174774475777,0.024865836852683492,0.4127938344436699,0.3879279975909864
1,6,John O'Hurley,rank,27.0,False,0.24131424680982055,0.022420237894678254,0.4828074768380425,0.46038723894336425
1,6,Kelly Monaco,rank,27.5,False,0.7586857531901778,0.5171925231619579,0.9775797621053213,0.4603872389433634
2,1,Tatum O'Neal,rank,23.0,False,0.09786100644724338,0.0057930283900561215,0.2570491737016962,0.2512561453116401
2,1,Tia Carrere,rank,20.0,False,0.08702262846717397,0.0060507969378178275,0.24278285280630033,0.2367320558684825
2,1,George Hamilton,rank,18.0,False,0.11492250819913884,0.028223604925982748,0.3154184380463399,0.28719483312035715
2,1,Lisa Rinna,rank,19.0,False,0.178862601650032,0.022539307799302456,0.4736025571267728,0.45106324932747033
2,1,Stacy Keibler,rank,22.0,False,0.11085114582960444,-0.004015966254351862,0.3669365465343028,0.37095251278865465
2,1,Jerry Rice,rank,21.0,False,0.08183763098932915,0.0045052024146620085,0.19140077767750233,0.1868955752628403
2,1,Giselle Fernandez,rank,23.0,False,0.1352472408532511,0.011753123061787961,0.335251691370227,0.32349856830843904
2,1,Master P,rank,12.0,False,0.10050942864841267,0.01776073187371728,0.25704270710913396,0.23928197523541667
2,1,Drew Lachey,rank,24.0,False,0.06508150535519111,0.0007572759460083359,0.19178526757263994,0.19102799162663162
2,1,Kenny Mayne,rank,13.0,True,0.02780430356062594,-0.016429816448389256,0.08118407686637805,0.0976138933147673
2,2,Tatum O'Neal,rank,17.0,True,0.028669146976516027,-0.019243850367080005,0.07534649127469335,0.09459034164177335
2,2,Tia Carrere,rank,22.0,False,0.1679401190683845,0.01399299888508752,0.4320306420295217,0.41803764314443415
2,2,George Hamilton,rank,22.0,False,0.14886360255236397,0.020597213831996627,0.3353836095083029,0.3147863956763063
2,2,Lisa Rinna,rank,20.0,False,0.10953283662746073,0.026877845365587252,0.25563869264406647,0.22876084727847923
2,2,Stacy Keibler,rank,29.0,False,0.10522082060588107,0.005317620109674237,0.3154760806410833,0.31015846053140905
2,2,Jerry Rice,rank,23.0,False,0.13215508601106926,0.005542852242968764,0.2976527565562451,0.2921099043132764
2,2,Giselle Fernandez,rank,24.0,False,0.10085861084490529,0.002600920320416783,0.2567672633310124,0.2541663430105956
2,2,Master P,rank,16.0,False,0.12506674665859413,0.021894435961299932,0.2683944019467761,0.2464999659854762
2,2,Drew Lachey,rank,27.0,False,0.08169303065482499,0.001929523622214966,0.2557872889000585,0.2538577652778435
2,3,Tia Carrere,rank,26.0,False,0.10856762532297783,0.006784708318935137,0.24736447874665912,0.240579770427724
2,3,George Hamilton,rank,22.0,False,0.12384875505146281,0.02726821557856218,0.24688869849320327,0.2196204829146411
2,3,Lisa Rinna,rank,25.0,False,0.19954882383501166,0.03403568041452581,0.38974512622644264,0.3557094458119168
2,3,Stacy Keibler,rank,27.0,False,0.11673047642268398,0.004765484192089803,0.2581746333285307,0.25340914913644086
2,3,Jerry Rice,rank,19.0,False,0.12400397581947742,0.029162748387835637,0.3396543359562693,0.3104915875684337
2,3,Giselle Fernandez,rank,22.0,True,0.03823510724423398,-0.004731218643015223,0.08217306856576244,0.08690428720877766
2,3,Master P,rank,14.0,False,0.19464813096788683,0.07524108750803657,0.40646275706115254,0.33122166955311594
2,3,Drew Lachey,rank,27.0,False,0.09441710533626664,0.00395623843090688,0.26621614334925225,0.2622599049183454
2,4,Tia Carrere,rank,25.0,False,0.1223282850370248,0.011667322485658571,0.2787990560015292,0.26713173351587066
2,4,George Hamilton,rank,21.0,False,0.12065136164227608,0.027592593803403828,0.2891177162289598,0.261525122425556
2,4,Lisa Rinna,rank,26.0,False,0.09942402217578718,0.0009449971253531036,0.2668948419964871,0.265949844871134
2,4,Stacy Keibler,rank,26.0,False,0.1614233088947967,0.00788304307305238,0.6282171265732323,0.6203340835001798
2,4,Jerry Rice,rank,24.0,False,0.34724577520595806,0.05096423970208776,0.7382886893031163,0.6873244496010286
2,4,Master P,rank,8.0,True,0.04984827500412875,0.003049596637804547,0.12760594800267813,0.12455635136487359
2,4,Drew Lachey,rank,28.0,False,0.09907897204002862,0.006888013556953933,0.2535461177589675,0.2466581042020136
2,5,Tia Carrere,rank,22.0,True,0.07057738139110359,0.0028128493048710443,0.16161828702811826,0.1588054377232472
2,5,George Hamilton,rank,24.0,False,0.2550110276576936,0.04888738437552975,0.46213369043480684,0.4132463060592771
2,5,Lisa Rinna,rank,25.0,False,0.13566673211761737,0.01298504102102514,0.32741077618741615,0.314425735166391
2,5,Stacy Keibler,rank,30.0,False,0.17032055402689467,0.005655430368480291,0.4469424027228271,0.4412869723543468
2,5,Jerry Rice,rank,23.0,False,0.18552336452920765,0.040961293376062996,0.5164968005814637,0.4755355072054007
2,5,Drew Lachey,rank,27.0,False,0.1829009402774831,0.011489144120015678,0.4186713727473209,0.40718222862730524
2,6,George Hamilton,rank,23.0,True,0.11489242771853775,0.01238207014017969,0.2447266017220024,0.2323445315818227
2,6,Lisa Rinna,rank,27.0,False,0.24249506686212768,0.03316160338045455,0.5141381239094193,0.4809765205289647
2,6,Stacy Keibler,rank,30.0,False,0.13654799118508518,0.00981251581461753,0.3896666617614135,0.379854145946796
2,6,Jerry Rice,rank,23.0,False,0.38214606389977307,0.05122070483679077,0.7625181743175853,0.7112974694807945
2,6,Drew Lachey,rank,30.0,False,0.12391845033447856,0.013261735733734967,0.2947694240999983,0.28150768836626333
2,7,Lisa Rinna,rank,26.5,True,0.0752551481811007,0.008707678454969827,0.17080226474366159,0.16209458628869175
2,7,Stacy Keibler,rank,27.5,False,0.38505071241688665,0.10286301127816166,0.6985547855806616,0.5956917743025
2,7,Jerry Rice,rank,20.5,False,0.27917883959017453,0.06825927154685407,0.4664978939890607,0.39823862244220665
2,7,Drew Lachey,rank,27.5,False,0.26051529981183674,0.05904274513623417,0.4630056229564625,0.4039628778202283
2,8,Stacy Keibler,rank,28.6665,False,0.10592942504222368,0.005456265360516979,0.26546254154947185,0.2600062761889549
2,8,Jerry Rice,rank,26.666600000000003,False,0.2906160724317094,0.05582740714316727,0.5650835132328443,0.5092561060896771
2,8,Drew Lachey,rank,28.9998,False,0.6034545025260657,0.2617254989555886,0.9165948390452524,0.6548693400896638
3,1,Harry Hamlin,percentage,17.0,False,0.08052243190388098,0.012830428765418199,0.19988513364840033,0.18705470488298212
3,1,Vivica A. Fox,percentage,22.0,False,0.1055430613851835,0.0028668523996526613,0.29402534787532736,0.2911584954756747
3,1,Monique Coleman,percentage,19.0,False,0.16223959832102816,0.01868386681802989,0.3471604097151369,0.328476542897107
3,1,Joey Lawrence,percentage,21.0,False,0.07605748901761915,0.004457751761747009,0.20063627577117452,0.1961785240094275
3,1,Mario Lopez,percentage,26.0,False,0.07979934712482221,0.002444662762032841,0.20202173759453446,0.19957707483250162
3,1,Emmitt Smith,percentage,24.0,False,0.08018219248976605,0.00227986678164966,0.20609225357113464,0.203812386789485
3,1,Shanna Moakler,percentage,18.0,False,0.08194867271811056,0.00031024947021635556,0.30512884370764426,0.3048185942374279
3,1,Willa Ford,percentage,22.0,False,0.11869402770808372,0.012249622532776082,0.31170408701613955,0.2994544644833635
3,1,Sara Evans,percentage,15.0,False,0.11355178185834842,0.011266269549478722,0.36459264613838377,0.35332637658890503
3,1,Jerry Springer,percentage,16.0,False,0.08077449293699722,0.005604252496475423,0.2062125704306048,0.2006083179341294
3,1,Tucker Carlson,percentage,12.0,True,0.020686904536160757,-0.04204903597968111,0.05983302233544607,0.10188205831512719
3,2,Harry Hamlin,percentage,21.0,False,0.10512080024395193,0.020736177018225495,0.34160803712380244,0.32087186010557694
3,2,Vivica A. Fox,percentage,24.0,False,0.13784102489734665,0.02923361121118304,0.36234772771067564,0.3331141164994926
3,2,Monique Coleman,percentage,26.0,False,0.0804680589029973,0.006468698657878231,0.22913487635593752,0.2226661776980593
3,2,Joey Lawrence,percentage,29.0,False,0.055273661538291934,0.0012748566014758184,0.15406438340875933,0.15278952680728353
3,2,Mario Lopez,percentage,21.0,False,0.12984518033546807,0.018467923311539555,0.3229340183823462,0.30446609507080663
3,2,Emmitt Smith,percentage,24.0,False,0.08559319479806077,0.007495941810130373,0.17967789347738733,0.17218195166725694
3,2,Shanna Moakler,percentage,22.0,True,0.014595806357816444,-0.03327123858844672,0.04097630729737602,0.07424754588582275
3,2,Willa Ford,percentage,23.0,False,0.20311027697165734,0.02728566144676401,0.4748862971216069,0.4476006356748429
3,2,Sara Evans,percentage,21.0,False,0.08729620369056228,0.02254844657307326,0.1946818455100433,0.17213339893697005
3,2,Jerry Springer,percentage,19.0,False,0.1008557922638468,0.031078920875276285,0.2003728446159841,0.1692939237407078
3,3,Harry Hamlin,percentage,22.0,True,0.022290569355700143,-0.016505873187561804,0.05610433173090601,0.07261020491846781
3,3,Vivica A. Fox,percentage,27.0,False,0.11107982124996565,0.01788452187808222,0.25183473969029674,0.23395021781221453
3,3,Monique Coleman,percentage,27.0,False,0.14298447223817992,0.03435920975700514,0.4006563443192097,0.3662971345622046
3,3,Joey Lawrence,percentage,22.0,False,0.09638589069294415,0.03003816664504683,0.1978359461567519,0.16779777951170508
3,3,Mario Lopez,percentage,22.0,False,0.12004351760683896,0.03118618994757016,0.239511352934626,0.20832516298705583
3,3,Emmitt Smith,percentage,19.0,False,0.11838810319241473,0.03246137254057654,0.33338438474288135,0.30092301220230483
3,3,Willa Ford,percentage,22.0,False,0.13569831313777656,0.03046390555984039,0.27679073845685503,0.24632683289701465
3,3,Sara Evans,percentage,25.0,False,0.11373010798397232,0.024921584826901516,0.2675800147588774,0.24265842993197587
3,3,Jerry Springer,percentage,21.0,False,0.13939920454220572,0.04107858142706016,0.26676892266290797,0.2256903412358478
3,4,Vivica A. Fox,percentage,24.0,True,0.01980998749839523,-0.01955191942908409,0.05228223593686338,0.07183415536594748
3,4,Monique Coleman,percentage,24.0,False,0.10544993138484406,0.027340542618717045,0.25076993627990474,0.2234293936611877
3,4,Joey Lawrence,percentage,27.0,False,0.1085491265891562,0.013946864144028487,0.29161621403390214,0.2776693498898737
3,4,Mario Lopez,percentage,29.0,False,0.10107549428770611,0.013321447801117624,0.24824678824743654,0.2349253404463189
3,4,Emmitt Smith,percentage,24.0,False,0.25790148116138,0.03699544437914766,0.5116510903064082,0.47465564592726056
3,4,Willa Ford,percentage,28.0,False,0.10116607927417315,0.013289512128815021,0.3182647404884303,0.30497522835961527
3,4,Sara Evans,percentage,20.0,False,0.20322083020248605,0.04030621783025473,0.4577901137055458,0.41748389587529106
3,4,Jerry Springer,percentage,22.0,False,0.10282706960185767,0.021294329950743283,0.2047233242320884,0.1834289942813451
3,5,Monique Coleman,percentage,27.0,False,0.14031694208679815,0.02586844179237334,0.298194706680682,0.27232626488830863
3,5,Joey Lawrence,percentage,25.0,False,0.1624096290205335,0.037921940140139845,0.3230971812031685,0.28517524106302866
3,5,Mario Lopez,percentage,27.0,False,0.14538223549597615,0.026640708388558976,0.3431261885127388,0.3164854801241798
3,5,Emmitt Smith,percentage,27.0,False,0.1729252201795026,0.051970110749257135,0.33856035630874337,0.28659024555948626
3,5,Willa Ford,percentage,27.0,True,0.02932357564407827,-0.008964211032779654,0.07175689808435362,0.08072110911713327
3,5,Sara Evans,percentage,24.0,False,0.1752517135415867,0.04465816960240033,0.3794224106769315,0.3347642410745312
3,5,Jerry Springer,percentage,24.0,False,0.1743906840315244,0.061863190288900936,0.361436745724896,0.29957355543599506
3,6,Monique Coleman,percentage,23.0,False,0.11248150664134908,0.025261455358256905,0.20314402929655961,0.1778825739383027
3,6,Joey Lawrence,percentage,24.0,False,0.18296365879171755,0.07194575714217802,0.2734990685525968,0.2015533114104188
3,6,Mario Lopez,percentage,28.0,False,0.23459906463571772,0.13656961367328152,0.3525369589665377,0.21596734529325617
3,6,Emmitt Smith,percentage,25.0,False,0.3884228412518261,0.21946803990850847,0.5697888376567698,0.3503207977482613
3,6,Jerry Springer,percentage,18.0,False,0.08153292867938959,0.004609273537660056,0.2171407101065395,0.21253143656887943
3,7,Monique Coleman,percentage,27.0,False,0.2926869207901278,0.03949359340143113,0.607623920882772,0.5681303274813408
3,7,Joey Lawrence,percentage,28.5,False,0.2891497286292179,0.06508071564757009,0.5773981688978428,0.5123174532502727
3,7,Mario Lopez,percentage,28.0,False,0.1814638455266173,0.020887704999563717,0.5281154865864829,0.5072277815869192
3,7,Emmitt Smith,percentage,28.5,False,0.17658652513913034,0.03147426195151401,0.38681146693822127,0.3553372049867073
3,7,Jerry Springer,percentage,23.0,True,0.06011297991490842,0.005028221726435418,0.1329249231689333,0.1278967014424979
3,8,Monique Coleman,percentage,26.5,True,0.07454282257782528,0.00780022228926522,0.17219612095272452,0.1643958986634593
3,8,Joey Lawrence,percentage,27.0,False,0.3240474375959911,0.0759391793717885,0.6095671080435275,0.533627928671739
3,8,Mario Lopez,percentage,28.5,False,0.38190385259721127,0.09648301258859798,0.6166228892786969,0.5201398766900989
3,8,Emmitt Smith,percentage,27.0,False,0.21950588722897355,0.05347819982799489,0.5255791900417793,0.47210099021378443
3,9,Joey Lawrence,percentage,29.5,False,0.12978513126022787,0.01331980412401279,0.28220806349755956,0.26888825937354677
3,9,Mario Lopez,percentage,29.5,False,0.3026045782854836,0.12434847355565104,0.4417382983419482,0.3173898247862972
3,9,Emmitt Smith,percentage,29.5,False,0.5676102904542882,0.38936698824951943,0.8055639002220986,0.41619691197257913
3,10,Mario Lopez,percentage,29.666600000000003,False,0.2334484219436375,0.02289054099462296,0.4868037737741195,0.46391323277949653
3,10,Emmitt Smith,percentage,29.666600000000003,False,0.766551578056361,0.51319622622588,0.9771094590053759,0.4639132327794959
4,2,John Ratzenberger,percentage,21.0,False,0.08997248380981021,0.008195276409212072,0.2804977133563655,0.2723024369471534
4,2,Ian Ziering,percentage,22.0,False,0.08101118066493422,0.0011125788410706623,0.22243639246313815,0.2213238136220675
4,2,Clyde Drexler,percentage,18.0,False,0.13283620740530688,0.028591206487141238,0.26226061684181673,0.23366941035467548
4,2,Laila Ali,percentage,27.0,False,0.12861949965167346,0.005046202395372514,0.3441702567441866,0.3391240543488141
4,2,Apolo Anton Ohno,percentage,26.0,False,0.08716526247150023,0.01152382133208173,0.24497496550798825,0.2334511441759065
4,2,Shandi Finnessey,percentage,20.0,False,0.07721127387152277,0.011220064818192323,0.1540161997913413,0.14279613497314897
4,2,Paulina Porizkova,percentage,21.0,True,0.009262879373944353,-0.044147611117272514,0.03484279896188891,0.07899041007916142
4,2,Heather Mills,percentage,24.0,False,0.11234996537349876,0.010798133458887506,0.3038281650426412,0.2930300315837537
4,2,Billy Ray Cyrus,percentage,21.0,False,0.10574531564718412,0.014398458415440518,0.31427262456052235,0.29987416614508183
4,2,Joey Fatone,percentage,24.0,False,0.082625633683308,0.0010571062093326748,0.2436617503461187,0.24260464413678604
4,2,Leeza Gibbons,percentage,21.0,False,0.09320029804731612,0.015391500037924166,0.2381841794170078,0.22279267937908365
4,3,John Ratzenberger,percentage,20.0,False,0.0831198594646429,0.018119094070269473,0.17170270559476025,0.1535836115244908
4,3,Ian Ziering,percentage,24.0,False,0.17859665185994072,0.018765275930446208,0.4183916511837648,0.3996263752533186
4,3,Clyde Drexler,percentage,16.0,False,0.11978729116976844,0.0472086498399169,0.23596529162037624,0.18875664178045934
4,3,Laila Ali,percentage,21.0,False,0.09163556839059525,0.017899977524948485,0.19200004099043855,0.17410006346549006
4,3,Apolo Anton Ohno,percentage,23.0,False,0.10713103843707072,0.01985933333216377,0.24429913748111431,0.22443980414895054
4,3,Shandi Finnessey,percentage,21.0,True,0.01842327175699383,-0.015186835526117225,0.05101527005729294,0.06620210558341016
4,3,Heather Mills,percentage,24.0,False,0.10844491764929967,0.018149688449211564,0.23531742434361955,0.217167735894408
4,3,Billy Ray Cyrus,percentage,21.0,False,0.08016973393275886,0.017282738511062424,0.19339408373785555,0.17611134522679311
4,3,Joey Fatone,percentage,24.0,False,0.11560417079911932,0.010194783337687918,0.2596737912578825,0.24947900792019456
4,3,Leeza Gibbons,percentage,24.0,False,0.09708749653980983,0.011627982095185532,0.2633665453793307,0.2517385632841452
4,4,John Ratzenberger,percentage,16.0,False,0.116268759929684,0.020527054717750303,0.2994719991884566,0.2789449444707063
4,4,Ian Ziering,percentage,24.0,False,0.09517567635881523,0.005691141733887704,0.2538944155951831,0.2482032738612954
4,4,Clyde Drexler,percentage,15.0,False,0.13402094741449558,0.0346122037956992,0.3216110575743321,0.28699885377863293
4,4,Laila Ali,percentage,21.0,False,0.13625911859504958,0.014082655430121108,0.35219170096167346,0.33810904553155235
4,4,Apolo Anton Ohno,percentage,26.0,False,0.11191028076068384,0.006587011951873157,0.26785936871009136,0.2612723567582182
4,4,Heather Mills,percentage,23.0,False,0.10895859796835648,0.019484672119144685,0.23068138524461057,0.2111967131254659
4,4,Billy Ray Cyrus,percentage,21.0,False,0.11439220192784884,0.01157089609821741,0.36115076703366605,0.3495798709354486
4,4,Joey Fatone,percentage,28.0,False,0.15354805717080297,0.023759379970227812,0.3274196598370749,0.30366027986684707
4,4,Leeza Gibbons,percentage,16.0,True,0.029466359874264412,-0.0017665663893452546,0.07046087426698373,0.072227440656329
4,5,John Ratzenberger,percentage,18.0,False,0.13977864479146015,0.024315407298534222,0.31108346682695537,0.28676805952842116
4,5,Ian Ziering,percentage,24.0,False,0.16820430995384478,0.0178781939165624,0.3778241841073729,0.35994599019081047
4,5,Clyde Drexler,percentage,13.0,True,0.04719546053434573,-0.0011497581534041105,0.1038083244095521,0.1049580825629562
4,5,Laila Ali,percentage,28.0,False,0.10870671752033478,0.008442549094871517,0.3052294934183444,0.29678694432347286
4,5,Apolo Anton Ohno,percentage,30.0,False,0.13271032592870852,0.014370449902074004,0.3351076577776081,0.3207372078755341
4,5,Heather Mills,percentage,21.0,False,0.15130327130979948,0.01491994638233354,0.43372601339854755,0.41880606701621403
4,5,Billy Ray Cyrus,percentage,17.0,False,0.15309708383932588,0.02864396325247559,0.3430687775421192,0.3144248142896436
4,5,Joey Fatone,percentage,25.0,False,0.09900418612218119,0.012856921116770371,0.22621177728678488,0.2133548561700145
4,6,John Ratzenberger,percentage,19.0,False,0.182674295116075,0.0605734952519137,0.3444498037980424,0.2838763085461287
4,6,Ian Ziering,percentage,24.0,False,0.10644561114292517,0.03209975458831107,0.23515509114768024,0.20305533655936917
4,6,Laila Ali,percentage,28.0,False,0.153742548896889,0.018288776336356144,0.3976566564459135,0.37936788010955735
4,6,Apolo Anton Ohno,percentage,28.0,False,0.2130302202049619,0.018933033640676826,0.49266557512404496,0.47373254148336813
4,6,Heather Mills,percentage,23.0,True,0.034873535224828056,0.001546041994341851,0.08622301172548295,0.0846769697311411
4,6,Billy Ray Cyrus,percentage,21.0,False,0.17722324421880134,0.04655658611985323,0.365842887736586,0.31928630161673277
4,6,Joey Fatone,percentage,27.0,False,0.13201054519552086,0.025264939477970816,0.37893713474528834,0.3536721952673175
4,7,John Ratzenberger,percentage,22.5,True,0.04030614450842761,-0.011104674639653981,0.0951987979916223,0.10630347263127628
4,7,Ian Ziering,percentage,27.0,False,0.2053990192256001,0.024521733099985062,0.6031335250460378,0.5786117919460527
4,7,Laila Ali,percentage,29.5,False,0.31910863711101256,0.04547669780354098,0.6426297297343049,0.5971530319307639
4,7,Apolo Anton Ohno,percentage,27.0,False,0.1092235703570833,0.016386061975980727,0.2777803899703084,0.26139432799432766
4,7,Billy Ray Cyrus,percentage,19.0,False,0.18919163100035302,0.05053272672732373,0.4150863250216612,0.3645535982943375
4,7,Joey Fatone,percentage,29.5,False,0.1367709977975246,0.02520667233975981,0.36206992863085596,0.33686325629109615
4,8,Ian Ziering,percentage,23.5,False,0.29756543420000325,0.0480202100312494,0.685954665804227,0.6379344557729776
4,8,Laila Ali,percentage,26.5,False,0.2061029380086164,0.03296210354199312,0.5009724219286519,0.46801031838665874
4,8,Apolo Anton Ohno,percentage,29.0,False,0.18918924379571947,0.015480578467554296,0.5257314581870483,0.510250879719494
4,8,Billy Ray Cyrus,percentage,19.0,True,0.0723573660177006,0.006618043620829947,0.16187072465120633,0.15525268103037637
4,8,Joey Fatone,percentage,27.5,False,0.2347850179779604,0.03675569956820881,0.5058891187922112,0.4691334192240024
4,9,Ian Ziering,percentage,29.0,True,0.08155923778239973,0.006952321309285361,0.18101529660370635,0.174062975294421
4,9,Laila Ali,percentage,30.0,False,0.33249559142873664,0.052567291385166616,0.678095857863197,0.6255285664780305
4,9,Apolo Anton Ohno,percentage,29.5,False,0.31771574556243404,0.06774615122358775,0.8540754619789874,0.7863293107553997
4,9,Joey Fatone,percentage,30.0,False,0.26822942522642806,0.04111039254132116,0.5399693275293538,0.49885893498803263
4,10,Laila Ali,percentage,28.333200000000005,False,0.14053386229666506,0.015088058433664654,0.3034875423075034,0.28839948387383874
4,10,Apolo Anton Ohno,percentage,29.3332,False,0.5369392778678639,0.3631297932380597,0.8218113428362442,0.4586815495981845
4,10,Joey Fatone,percentage,28.6665,False,0.32252685983547047,0.11321500165881036,0.4594161573817573,0.3462011557229469
5,1,Cameron Mathison,percentage,21.0,False,0.05671663220263729,0.005675855984820573,0.14300312931603715,0.13732727333121658
5,1,Jane Seymour,percentage,24.0,False,0.08114217074352005,0.0036095975771291942,0.27164948930672533,0.26803989172959614
5,1,Sabrina Bryan,percentage,26.0,False,0.07623362238375855,0.0016283589069180826,0.24511585003072392,0.24348749112380583
5,1,Jennie Garth,percentage,21.0,False,0.09424467312576013,0.018086471642807654,0.2517706820181605,0.23368421037535284
5,1,Floyd Mayweather Jr. ,percentage,18.0,False,0.08326082861202047,0.017429818150225977,0.1995462521098254,0.18211643395959942
5,1,Josie Maran,percentage,16.0,True,0.01902058033921096,-0.014800039081728309,0.05275318600710873,0.06755322508883704
5,1,Albert Reed,percentage,21.0,False,0.11436864182482546,0.011301390839066845,0.3370032252848856,0.32570183444581874
5,1,Helio Castroneves,percentage,25.0,False,0.1318997167678464,0.013997039818906112,0.2635528755598421,0.24955583574093598
5,1,Mel B,percentage,24.0,False,0.06630319958102551,0.00484554251253118,0.18565599670923266,0.18081045419670147
5,1,Wayne Newton,percentage,19.0,False,0.07858423549152613,0.01691419979708165,0.18425862751424626,0.16734442771716462
5,1,Marie Osmond,percentage,21.0,False,0.10676744396437961,0.014184753647370117,0.26666465948404483,0.25247990583667473
5,1,Mark Cuban,percentage,21.0,False,0.09145825496348611,0.00546814087852196,0.21617827384772115,0.2107101329691992
5,2,Cameron Mathison,percentage,21.0,False,0.09960300197557036,0.013823802662075182,0.23880683871492595,0.22498303605285075
5,2,Jane Seymour,percentage,21.0,False,0.0825906966643536,0.016619438962067405,0.20021085632133867,0.18359141735927126
5,2,Sabrina Bryan,percentage,26.0,False,0.1751206848655733,0.007642351444429485,0.3635229273979789,0.35588057595354944
5,2,Jennie Garth,percentage,21.0,False,0.12086117857623335,0.017922883323434467,0.2852958080163964,0.267372924692962
5,2,Floyd Mayweather Jr. ,percentage,21.0,False,0.08091059901504935,0.007933246829234793,0.17977670257487638,0.17184345574564158
5,2,Albert Reed,percentage,21.0,True,0.010003024190986854,-0.02711458426698627,0.035970908734666275,0.06308549300165255
5,2,Helio Castroneves,percentage,27.0,False,0.06752481583698734,0.009034491895316462,0.1677718839905607,0.15873739209524423
5,2,Mel B,percentage,23.0,False,0.0952380583832339,0.010001061073682321,0.24690238953462437,0.23690132846094206
5,2,Wayne Newton,percentage,15.0,False,0.0977359302048229,0.03079019289677409,0.20662527288039004,0.17583507998361594
5,2,Marie Osmond,percentage,24.0,False,0.09048169397088088,0.006233786192713295,0.2674814366291875,0.2612476504364742
5,2,Mark Cuban,percentage,18.0,False,0.07993031631630768,0.02097338288436094,0.17040027036533256,0.14942688748097163
5,3,Cameron Mathison,percentage,23.0,False,0.10734474294270496,0.019946486939501164,0.25419673340562055,0.2342502464661194
5,3,Jane Seymour,percentage,27.0,False,0.1498692068765118,0.003938690012371446,0.5177773986252032,0.5138387086128318
5,3,Sabrina Bryan,percentage,27.0,False,0.0690102525777032,0.005332357507156555,0.22396648607830918,0.21863412857115264
5,3,Jennie Garth,percentage,26.0,False,0.0966006327107957,0.002988677534751648,0.33166367637497435,0.3286749988402227
5,3,Floyd Mayweather Jr. ,percentage,21.0,False,0.1950246878764792,0.012176603615221188,0.4626492145815424,0.4504726109663212
5,3,Helio Castroneves,percentage,24.0,False,0.07402454450305343,0.0036214049352856943,0.18419888964158332,0.18057748470629761
5,3,Mel B,percentage,27.0,False,0.11352422522438765,0.0005592077049120462,0.3233698205627029,0.3228106128577909
5,3,Wayne Newton,percentage,18.0,True,0.0235241398825721,-0.026413021775498993,0.06725859444983648,0.09367161622533547
5,3,Marie Osmond,percentage,26.0,False,0.08052566835069942,0.006684773206951053,0.22366675565629549,0.21698198244934444
5,3,Mark Cuban,percentage,20.0,False,0.0905518990550925,0.01093020201539592,0.2358685999313234,0.22493839791592746
5,4,Cameron Mathison,percentage,27.0,False,0.13152883907953894,0.014377811491055374,0.3517172201620279,0.3373394086709725
5,4,Jane Seymour,percentage,26.0,False,0.0874398959261349,0.004557041464657796,0.2551462198202459,0.2505891783555881
5,4,Sabrina Bryan,percentage,30.0,False,0.09322755422637864,0.009151471539415236,0.20791477219666454,0.19876330065724931
5,4,Jennie Garth,percentage,27.0,False,0.1188656537985801,0.016973628703937822,0.25163936825450045,0.23466573955056264
5,4,Floyd Mayweather Jr. ,percentage,23.0,True,0.025039366209000814,-0.018922977335797116,0.07337884453311606,0.09230182186891318
5,4,Helio Castroneves,percentage,27.0,False,0.09244715507052988,0.010684023280962799,0.2236066248424492,0.2129226015614864
5,4,Mel B,percentage,26.0,False,0.15498192361624125,0.018965038046340428,0.4311621080997509,0.4121970700534105
5,4,Marie Osmond,percentage,26.0,False,0.09757437355709171,0.016464868765343733,0.2873726407365176,0.2709077719711738
5,4,Mark Cuban,percentage,22.0,False,0.19889523851650548,0.03802948842906853,0.6051203567271077,0.5670908682980392
5,5,Cameron Mathison,percentage,26.0,False,0.17025356551158552,0.039338246643048816,0.38604070038698424,0.34670245374393543
5,5,Jane Seymour,percentage,26.0,False,0.10669653023108944,0.013153735800199679,0.24077688147328735,0.22762314567308767
5,5,Sabrina Bryan,percentage,28.0,False,0.1953442171432802,0.027105788792138555,0.3892824326725475,0.36217664388040893
5,5,Jennie Garth,percentage,25.0,False,0.13943192804859944,0.013516091139646013,0.3461565477742004,0.3326404566345544
5,5,Helio Castroneves,percentage,23.0,False,0.13117799290973597,0.020323377788205976,0.3336179543077582,0.3132945765195522
5,5,Mel B,percentage,29.0,False,0.07845081595761455,0.0018552631344799925,0.19900013830958654,0.19714487517510654
5,5,Marie Osmond,percentage,21.0,False,0.15228386801105095,0.03651199625696805,0.4686271385920555,0.43211514233508747
5,5,Mark Cuban,percentage,21.0,True,0.026361082187044953,-0.015083727321247908,0.06176701951916499,0.0768507468404129
5,6,Cameron Mathison,percentage,25.0,False,0.25738130082950855,0.03903620448123277,0.5087910685438515,0.4697548640626187
5,6,Jane Seymour,percentage,22.0,False,0.22485782916949448,0.05150883307470864,0.434008117389806,0.38249928431509733
5,6,Sabrina Bryan,percentage,25.0,True,0.03121362020781011,-0.001306141001880564,0.07766683447335748,0.07897297547523804
5,6,Jennie Garth,percentage,27.0,False,0.11162056781545784,0.015777365901441597,0.3392959040792197,0.32351853817777815
5,6,Helio Castroneves,percentage,28.0,False,0.11375638599931033,0.013576334385448766,0.28481105536263823,0.2712347209771895
5,6,Mel B,percentage,30.0,False,0.11481557043418819,0.016353836832943374,0.27070527125385857,0.2543514344209152
5,6,Marie Osmond,percentage,23.0,False,0.1463547255442317,0.035805219307092434,0.31229064726376254,0.2764854279566701
5,7,Cameron Mathison,percentage,25.5,False,0.11207950137637693,0.024607343627791683,0.2227448628843972,0.19813751925660553
5,7,Jane Seymour,percentage,25.0,True,0.0391344410143986,-0.00032776354760872053,0.09801577695522429,0.098343540502833
5,7,Jennie Garth,percentage,26.5,False,0.25212788362482375,0.052869308319524924,0.6281163078895051,0.5752469995699802
5,7,Helio Castroneves,percentage,26.0,False,0.2141525921502138,0.032749726164815765,0.46298580674227097,0.4302360805774552
5,7,Mel B,percentage,27.0,False,0.1633010343667995,0.024268657218990033,0.47692105448776123,0.4526523972687712
5,7,Marie Osmond,percentage,26.0,False,0.2192045474673866,0.02703045042399953,0.5007509890412243,0.47372053861722474
5,8,Cameron Mathison,percentage,25.5,True,0.05539345368114791,0.0030717374570660393,0.13928629959383812,0.13621456213677208
5,8,Jennie Garth,percentage,25.0,False,0.2070385136587713,0.04674377519661217,0.41432797610107924,0.3675842009044671
5,8,Helio Castroneves,percentage,28.5,False,0.35461047688310615,0.054784909847735166,0.681872600706302,0.6270876908585667
5,8,Mel B,percentage,28.0,False,0.17977119517871804,0.05704235460114398,0.33370340546047733,0.27666105085933335
5,8,Marie Osmond,percentage,24.5,False,0.20318636059825806,0.0516850826919729,0.47804777197030723,0.4263626892783343
5,9,Jennie Garth,percentage,29.0,True,0.09204983896561307,0.008675930353130292,0.20561048888248878,0.19693455852935848
5,9,Helio Castroneves,percentage,30.0,False,0.22221098455448887,0.05368756264360833,0.4075109724313783,0.35382340978776994
5,9,Mel B,percentage,30.0,False,0.3544076735690259,0.10303703022914973,0.8269045647464505,0.7238675345173007
5,9,Marie Osmond,percentage,28.0,False,0.3313315029108714,0.08157545795120145,0.6531589112211447,0.5715834532699432
5,10,Helio Castroneves,percentage,27.999900000000004,False,0.5890531099285335,0.3570215525782889,0.8636661944085587,0.5066446418302699
5,10,Mel B,percentage,28.3332,False,0.26378029882801757,0.06390737330995432,0.4283785845335903,0.36447121122363596
5,10,Marie Osmond,percentage,23.0,False,0.14716659124344977,0.013449796887355186,0.3386123763981865,0.3251625795108313
6,2,Cristian de la Fuente,percentage,20.0,False,0.14566219082884074,0.018433156321863275,0.35362313138368706,0.3351899750618238
6,2,Steve Guttenberg,percentage,16.0,False,0.08382762356780692,0.025975742091436965,0.15981210226458556,0.1338363601731486
6,2,Priscilla Presley,percentage,21.0,False,0.08414877797103262,0.014814108232143762,0.1820504415520517,0.16723633331990792
6,2,Marlee Matlin,percentage,24.0,False,0.06332369764165764,0.011714553809792524,0.13015585253241235,0.11844129872261983
6,2,Shannon Elizabeth,percentage,24.0,False,0.06070460844597801,0.00683551198528376,0.14343158375889895,0.13659607177361519
6,2,Marissa Jaret Winokur,percentage,21.0,False,0.11258851805733723,0.008039059670918471,0.43505495498892494,0.4270158953180065
6,2,Jason Taylor,percentage,27.0,False,0.11108018821119894,0.009318061708314713,0.2581061862865648,0.24878812457825009
6,2,Kristi Yamaguchi,percentage,27.0,False,0.11908642115740987,0.009551899350731355,0.3128271439884445,0.30327524463771316
6,2,Monica Seles,percentage,15.0,True,0.020749989090414898,-0.026348628950068315,0.05594200875786073,0.08229063770792905
6,2,Penn Jillette,percentage,17.0,True,0.021305583685274476,-0.024976201556446156,0.05441791336628374,0.0793941149227299
6,2,Adam Carolla,percentage,19.0,False,0.07319653933105062,0.022878222829056855,0.14700390012539885,0.124125677296342
6,2,Mario,percentage,26.0,False,0.10432586201199967,0.0035807845989517316,0.2770174641087496,0.2734366795097979
6,3,Cristian de la Fuente,percentage,25.0,False,0.08801542218577256,0.008229546681740859,0.20742651262164308,0.19919696593990222
6,3,Steve Guttenberg,percentage,21.0,True,0.01082379782316412,-0.04366378918836908,0.04204666931536962,0.0857104585037387
6,3,Priscilla Presley,percentage,26.0,False,0.09767601099664047,0.0110196806668756,0.2402328949083128,0.2292132142414372
6,3,Marlee Matlin,percentage,21.0,False,0.11478990019954363,0.016533176803549217,0.28188867044869526,0.26535549364514605
6,3,Shannon Elizabeth,percentage,24.0,False,0.10180208923484522,0.005034552660315952,0.2977126226287842,0.29267806996846824
6,3,Marissa Jaret Winokur,percentage,19.0,False,0.09384939072144623,0.020255576070483162,0.2371191792373515,0.21686360316686834
6,3,Jason Taylor,percentage,23.0,False,0.10423578944653261,0.006935164746131289,0.34731639726068947,0.3403812325145582
6,3,Kristi Yamaguchi,percentage,27.0,False,0.14727387515273876,0.008647350220958167,0.3505513991763039,0.34190404895534576
6,3,Adam Carolla,percentage,21.0,False,0.10750780825289555,0.017792578393456118,0.23677124555302445,0.21897866715956832
6,3,Mario,percentage,21.0,False,0.13402591598641891,0.024244312158049623,0.3977433468129317,0.3734990346548821
6,4,Cristian de la Fuente,percentage,26.0,False,0.08710786856875091,0.010231466258012668,0.2430021681191067,0.23277070186109403
6,4,Priscilla Presley,percentage,22.0,False,0.08043894960582136,0.011682456496136102,0.2004286529006595,0.1887461964045234
6,4,Marlee Matlin,percentage,24.0,False,0.12251033596667557,0.007776489487817055,0.32044765899090466,0.3126711695030876
6,4,Shannon Elizabeth,percentage,28.0,False,0.1027036262763768,0.003817588468789105,0.36724316002956514,0.36342557156077604
6,4,Marissa Jaret Winokur,percentage,24.0,False,0.15936750989093293,0.017766001864948977,0.5155485384470864,0.4977825365821374
6,4,Jason Taylor,percentage,29.0,False,0.0917809283384598,0.010064206297451129,0.2820117031305715,0.27194749683312036
6,4,Kristi Yamaguchi,percentage,29.0,False,0.23545603187486722,0.0017624572020983886,0.5042484411833413,0.502485983981243
6,4,Adam Carolla,percentage,19.0,True,0.027182843954958378,-0.009325387361214365,0.06898496643788572,0.07831035379910009
6,4,Mario,percentage,24.0,False,0.0934519055231574,0.0166673805687433,0.21774393091715674,0.20107655034841343
6,5,Cristian de la Fuente,percentage,23.0,False,0.14003069049716524,0.023330806923721026,0.35607000423013313,0.3327391973064121
6,5,Priscilla Presley,percentage,21.0,True,0.03465704545917729,-0.006764180705053276,0.07894975449142067,0.08571393519647394
6,5,Marlee Matlin,percentage,22.0,False,0.16542917050101044,0.016605413721110122,0.3832075325325038,0.36660211881139365
6,5,Shannon Elizabeth,percentage,23.0,False,0.11359009130771132,0.02613084974187304,0.2644833214401498,0.23835247169827675
6,5,Marissa Jaret Winokur,percentage,24.0,False,0.19834958823477844,0.026969954286966837,0.5214905304217702,0.4945205761348033
6,5,Jason Taylor,percentage,27.0,False,0.10804824838409395,0.02186554648525173,0.267847022377501,0.24598147589224928
6,5,Kristi Yamaguchi,percentage,29.0,False,0.12911432513805834,0.01490111392138467,0.25768601650187695,0.2427849025804923
6,5,Mario,percentage,27.0,False,0.11078084047800342,0.01655545933924796,0.2850686790232199,0.26851321968397196
6,6,Cristian de la Fuente,percentage,27.0,False,0.10924532995832834,0.017111954066893,0.2305529442844262,0.21344099021753318
6,6,Marlee Matlin,percentage,21.0,True,0.044291621624591784,0.0030756962259593963,0.10698725282206613,0.10391155659610674
6,6,Shannon Elizabeth,percentage,24.0,False,0.1355671120068813,0.02640467883678044,0.3002348675935351,0.2738301887567547
6,6,Marissa Jaret Winokur,percentage,26.0,False,0.2472149267504446,0.031091992772808986,0.5581298284371057,0.5270378356642967
6,6,Jason Taylor,percentage,24.0,False,0.18172569500646926,0.027186915665561015,0.37799011471883276,0.35080319905327173
6,6,Kristi Yamaguchi,percentage,30.0,False,0.16034785657293313,0.02319084790584794,0.35246022949256284,0.3292693815867149
6,6,Mario,percentage,28.0,False,0.12160745808035191,0.011038757227806222,0.325054430404828,0.3140156731770218
6,7,Cristian de la Fuente,percentage,23.0,False,0.18916978321493302,0.05815277447428857,0.3863747434104066,0.32822196893611805
6,7,Shannon Elizabeth,percentage,25.5,True,0.04436977510590751,0.0039053849222434114,0.09717787629575442,0.09327249137351101
6,7,Marissa Jaret Winokur,percentage,26.0,False,0.1608908262520218,0.041726869626732346,0.36185317809754114,0.3201263084708088
6,7,Jason Taylor,percentage,27.5,False,0.17969225626207938,0.043354557832418594,0.4039028894057427,0.3605483315733241
6,7,Kristi Yamaguchi,percentage,27.0,False,0.21915043943260776,0.05241918455203047,0.3963715024579379,0.3439523179059074
6,7,Mario,percentage,25.5,False,0.2067269197324526,0.057724924694472685,0.4219332833025668,0.3642083586080941
6,8,Cristian de la Fuente,percentage,28.5,False,0.18008100287626225,0.04900407288232133,0.3480457441802043,0.29904167129788295
6,8,Marissa Jaret Winokur,percentage,25.0,False,0.23292125854760568,0.05641294860379709,0.5707174713550587,0.5143045227512616
6,8,Jason Taylor,percentage,26.0,False,0.2240296779948496,0.08146198852663279,0.4551428510434613,0.3736808625168285
6,8,Kristi Yamaguchi,percentage,27.5,False,0.3030210982559602,0.08567717014758654,0.5725761324767731,0.48689896232918656
6,8,Mario,percentage,26.5,True,0.05994696232532371,0.005614175947107357,0.13509105350852904,0.12947687756142168
6,9,Cristian de la Fuente,percentage,28.0,False,0.25857423623262293,0.05987201035780323,0.5864748257812818,0.5266028154234786
6,9,Marissa Jaret Winokur,percentage,26.0,True,0.07297842818199154,0.006427684392470321,0.1883546029650574,0.18192691857258708
6,9,Jason Taylor,percentage,27.5,False,0.353796202003996,0.06540650498941838,0.7075793276967977,0.6421728227073793
6,9,Kristi Yamaguchi,percentage,28.5,False,0.31465113358139013,0.06176764264068317,0.6292424419159377,0.5674747992752546
6,10,Cristian de la Fuente,percentage,26.0,False,0.16781993150129554,0.01644285956117835,0.31805021398363265,0.3016073544224543
6,10,Jason Taylor,percentage,28.5,False,0.29908631708399797,0.055591520141458975,0.4421254413350195,0.38653392119356056
6,10,Kristi Yamaguchi,percentage,30.0,False,0.5330937514147077,0.3522487053797092,0.9144375934948991,0.5621888881151899
7,1,Ted McGinley,percentage,18.5,True,0.010032979961897778,-0.05886124787169418,0.03760416136423979,0.09646540923593397
7,1,Cloris Leachman,percentage,16.0,False,0.09671727272636495,0.021695626273897147,0.26659872939853674,0.2449031031246396
7,1,Susan Lucci,percentage,18.5,False,0.11214827113383771,0.019742511695089976,0.37280568772622685,0.3530631760311369
7,1,Cody Linley,percentage,20.5,False,0.0710954615702454,0.009376126876027275,0.15008957912951024,0.14071345225348297
7,1,Misty May-Treanor,percentage,21.0,False,0.07045354500983042,0.010367697977546917,0.17349997954721147,0.16313228156966456
7,1,Maurice Greene,percentage,19.5,False,0.08588370250133885,0.012547885779269297,0.23901862149613262,0.22647073571686333
7,1,Warren Sapp,percentage,21.5,False,0.14578828020115234,0.021033308232940192,0.3584773984853302,0.33744409025239
7,1,Jeffrey Ross,percentage,12.0,True,0.025151955286539397,-0.009625821317444227,0.05708266137936971,0.06670848269681394
7,1,Toni Braxton,percentage,22.5,False,0.0897929126282185,0.014301437495212961,0.22256597416749224,0.2082645366722793
7,1,Lance Bass,percentage,21.5,False,0.07436954286415225,0.006969235526561111,0.17826201984361037,0.17129278431704925
7,1,Kim Kardashian,percentage,18.5,False,0.07077689121426875,0.01026522633778855,0.1937936934439476,0.18352846710615905
7,1,Rocco DiSpirito,percentage,17.5,False,0.07238032884136121,0.01798024094789702,0.1484274304430735,0.13044718949517647
7,1,Brooke Burke,percentage,24.5,False,0.07540885606079029,0.00182972507380506,0.2177285236337327,0.21589879855992766
7,2,Cloris Leachman,percentage,15.0,False,0.09644745290180964,0.027870816191891083,0.18973091736281614,0.16186010117092506
7,2,Susan Lucci,percentage,21.0,False,0.10464726080348871,0.012486145764178263,0.33313770706019424,0.32065156129601596
7,2,Cody Linley,percentage,21.0,False,0.07450516787800925,0.012511257122902578,0.19468524563084796,0.1821739885079454
7,2,Misty May-Treanor,percentage,21.0,False,0.11826784385767833,0.01139121201656931,0.3585071581947181,0.34711594617814884
7,2,Maurice Greene,percentage,19.0,False,0.07783486143737164,0.009507277557785934,0.1803044961601807,0.17079721860239477
7,2,Warren Sapp,percentage,24.0,False,0.07494110273538312,0.003934636011496184,0.26365268148497767,0.2597180454734815
7,2,Toni Braxton,percentage,23.0,False,0.10778876479904477,0.014684630110952524,0.32013721965836606,0.30545258954741356
7,2,Lance Bass,percentage,20.0,False,0.1341018332749544,0.022967816752984233,0.3437495511122093,0.3207817343592251
7,2,Kim Kardashian,percentage,17.0,True,0.0189409635418252,-0.009037642282257827,0.05139840405849953,0.06043604634075736
7,2,Rocco DiSpirito,percentage,16.0,False,0.11812479647434983,0.02800233210386533,0.2707010453780832,0.24269871327421788
7,2,Brooke Burke,percentage,24.0,False,0.07439995229608821,0.0017665350689978349,0.17706655026590978,0.17530001519691196
7,4,Cloris Leachman,percentage,22.0,False,0.10272429520506035,0.012062326891316493,0.26131850983161714,0.24925618294030064
7,4,Susan Lucci,percentage,24.0,False,0.1123578016790877,0.01676177195146498,0.23930506360726547,0.2225432916558005
7,4,Cody Linley,percentage,23.0,False,0.12864693193988735,0.008956641389944004,0.33831204936293285,0.32935540797298885
7,4,Maurice Greene,percentage,20.0,False,0.12346888782459027,0.02373667537432099,0.30457801305765575,0.28084133768333475
7,4,Warren Sapp,percentage,22.0,False,0.1515819429551677,0.02054363646735874,0.3915606043822373,0.37101696791487854
7,4,Toni Braxton,percentage,22.0,False,0.07806910426804027,0.006060567672262493,0.1996196591535037,0.1935590914812412
7,4,Lance Bass,percentage,26.0,False,0.09403569509320313,0.006937302101715698,0.22523852105420275,0.21830121895248705
7,4,Rocco DiSpirito,percentage,18.0,True,0.02662709094304953,-0.009172836787859073,0.060924518082838476,0.07009735487069754
7,4,Brooke Burke,percentage,26.0,False,0.18248825009191336,0.019988561801933605,0.43415912408868945,0.41417056228675586
7,5,Cloris Leachman,percentage,21.0,False,0.20150794543172024,0.033721233264599165,0.43288854134188715,0.39916730807728795
7,5,Susan Lucci,percentage,22.0,False,0.15641300899524327,0.027923799966625876,0.3512444787690746,0.32332067880244875
7,5,Cody Linley,percentage,28.0,False,0.10104225687779006,0.01175850161019322,0.23080869146310895,0.21905018985291574
7,5,Maurice Greene,percentage,27.0,False,0.14961111419642933,0.019517551333001232,0.3373068061343937,0.3177892548013924
7,5,Warren Sapp,percentage,25.0,False,0.13015530615674534,0.021769820795503707,0.32221240724110267,0.30044258644559896
7,5,Toni Braxton,percentage,22.0,True,0.02640119835299432,-0.026495879321644336,0.06656192238472144,0.09305780170636578
7,5,Lance Bass,percentage,21.0,False,0.1321391644500432,0.034735463094008,0.30441991980008354,0.26968445670607555
7,5,Brooke Burke,percentage,29.0,False,0.10273000553903444,0.004948714237091069,0.33914131988318286,0.33419260564609177
7,6,Cloris Leachman,percentage,15.0,True,0.05863482883399723,0.0031812593826230293,0.11297544261998847,0.10979418323736545
7,6,Susan Lucci,percentage,23.0,False,0.11186377354815023,0.013783694868022747,0.29866458675681895,0.28488089188879623
7,6,Cody Linley,percentage,23.0,False,0.14845173826291094,0.017776524183326613,0.3705262157080806,0.352749691524754
7,6,Maurice Greene,percentage,21.0,False,0.17136446676823594,0.025245951967378336,0.33612001253456963,0.3108740605671913
7,6,Warren Sapp,percentage,25.0,False,0.1390238474939354,0.01532767530860725,0.34395824854083595,0.3286305732322287
7,6,Lance Bass,percentage,27.0,False,0.1826068461060832,0.020181578868927075,0.38138143354753734,0.36119985467861027
7,6,Brooke Burke,percentage,26.0,False,0.1880544989866845,0.024680981102555746,0.3633454322241067,0.33866445112155097
7,7,Susan Lucci,percentage,24.0,True,0.039120874153648795,-0.0026872178460948942,0.11450281870288646,0.11719003654898136
7,7,Cody Linley,percentage,22.0,False,0.1436800437134226,0.04362056561530961,0.27156961420367387,0.22794904858836426
7,7,Maurice Greene,percentage,25.0,False,0.16377895450414395,0.04042161405394918,0.3096238265983721,0.26920221254442295
7,7,Warren Sapp,percentage,21.0,False,0.2664018182663042,0.06471373812969788,0.5842497695915914,0.5195360314618935
7,7,Lance Bass,percentage,25.0,False,0.10019740508770006,0.015014192321100253,0.27284098669863577,0.25782679437753553
7,7,Brooke Burke,percentage,30.0,False,0.2868209042747775,0.027872554867238164,0.7303438562743013,0.7024713014070632
7,8,Cody Linley,percentage,24.0,False,0.25225287854670286,0.07287865821040526,0.5084776090290921,0.4355989508186868
7,8,Maurice Greene,percentage,24.0,True,0.05863011426462775,0.00207798106150886,0.14396163430152925,0.1418836532400204
7,8,Warren Sapp,percentage,27.0,False,0.23726575585314136,0.03956293709206967,0.6411451632746883,0.6015822261826186
7,8,Lance Bass,percentage,25.0,False,0.23491867526207513,0.04622825698033512,0.5143477649471139,0.46811950796677876
7,8,Brooke Burke,percentage,27.5,False,0.2169325760734546,0.03184520529621407,0.5417734864962979,0.5099282812000838
7,9,Cody Linley,percentage,23.0,True,0.08279578017199192,0.0073339437283188435,0.22302542690954896,0.21569148318123013
7,9,Warren Sapp,percentage,24.5,False,0.4457497797675791,0.16118212361003204,0.7730569855105694,0.6118748619005374
7,9,Lance Bass,percentage,28.5,False,0.2381179017939328,0.03690972966323487,0.6107725235770264,0.5738627939137915
7,9,Brooke Burke,percentage,24.5,False,0.23333653826649672,0.045388436592427986,0.5021015170249656,0.45671308043253767
7,10,Warren Sapp,percentage,27.5,False,0.28062218930698973,0.10254732684955806,0.45936339438404894,0.3568160675344909
7,10,Lance Bass,percentage,27.5,False,0.1393079303953359,0.021277612472954482,0.2915384855668215,0.27026087309386704
7,10,Brooke Burke,percentage,30.0,False,0.5800698802976734,0.36480033975072146,0.8483344752173365,0.48353413546661506
8,2,Gilles Marini,percentage,27.0,False,0.0815090975738358,2.2990314972458348e-05,0.18219666764046397,0.1821736773254915
8,2,Denise Richards,percentage,21.0,False,0.06563026189673898,0.004955072458614648,0.15009717216438784,0.1451420997057732
8,2,David Alan Grier,percentage,17.0,False,0.08531307704693983,0.016312477972536567,0.203702691264199,0.18739021329166242
8,2,Lawrence Taylor,percentage,20.0,False,0.08418825894864139,0.016982001665918893,0.17054035795108724,0.15355835628516834
8,2,Ty Murray,percentage,20.0,False,0.07971047910958765,0.0070131554897973,0.17694420788596513,0.16993105239616782
8,2,Shawn Johnson,percentage,24.0,False,0.07820858000419588,0.003338226739865391,0.23104603302993756,0.22770780629007217
8,2,Steve Wozniak,percentage,17.0,False,0.09646062799167998,0.02301731513000963,0.3406403215209679,0.31762300639095825
8,2,Belinda Carlisle,percentage,18.0,True,0.006377177564840591,-0.03739080667507861,0.035080237469109925,0.07247104414418853
8,2,Chuck Wicks,percentage,20.0,False,0.08193262768407895,0.006348664746819741,0.22622640793593546,0.2198777431891157
8,2,Lil' Kim,percentage,23.0,False,0.06632836923002584,0.003953996051915504,0.1703303989876952,0.16637640293577968
8,2,Steve-O,percentage,14.0,False,0.08966547638271431,0.026432104031392893,0.18460992198679055,0.15817781795539765
8,2,Holly Madison,percentage,18.0,False,0.11095763275267971,0.006933918452861908,0.27837680625638966,0.27144288780352777
8,2,Melissa Rycroft,percentage,26.0,False,0.07371833381404265,0.006812607757608588,0.17659933339583786,0.16978672563822927
8,3,Gilles Marini,percentage,27.0,False,0.06061146953812032,0.005241546147938845,0.14632874366381937,0.14108719751588053
8,3,Denise Richards,percentage,16.0,True,0.015905557099632005,-0.02040306927760809,0.04285929162735644,0.06326236090496452
8,3,David Alan Grier,percentage,24.0,False,0.06114894326125696,0.0018505726891589191,0.1543291195538385,0.15247854686467957
8,3,Lawrence Taylor,percentage,20.0,False,0.0878410273504872,0.013366343219680754,0.2978677844903621,0.28450144127068133
8,3,Ty Murray,percentage,23.0,False,0.1275519758410681,0.006619486311053034,0.2673915311496585,0.2607720448386055
8,3,Shawn Johnson,percentage,27.0,False,0.10407731485642531,0.0035734440089844888,0.29560636745615115,0.2920329234471667
8,3,Steve Wozniak,percentage,10.0,False,0.12464133343319392,0.036461483565497145,0.28759403598309813,0.25113255241760096
8,3,Chuck Wicks,percentage,23.0,False,0.07539030148480337,0.005870580098999853,0.220945467583647,0.21507488748464715
8,3,Lil' Kim,percentage,25.0,False,0.07973823395081003,0.005563696537735537,0.21273397017635354,0.207170273638618
8,3,Steve-O,percentage,15.0,False,0.09545730030766526,0.02415990816811118,0.19755377054327108,0.1733938623751599
8,3,Holly Madison,percentage,17.0,False,0.08728877178632798,0.02382262536622476,0.19897008945698416,0.1751474640907594
8,3,Melissa Rycroft,percentage,27.0,False,0.08034777109021204,0.006246795703325616,0.20568554743225734,0.19943875172893172
8,4,Gilles Marini,percentage,30.0,False,0.09667568326397387,0.010446943946078233,0.25007507937676754,0.2396281354306893
8,4,David Alan Grier,percentage,22.0,False,0.07047547159788692,0.0034961231987098856,0.16557177997717668,0.1620756567784668
8,4,Lawrence Taylor,percentage,19.0,False,0.11253669907349756,0.02052641845303265,0.267321113827486,0.24679469537445337
8,4,Ty Murray,percentage,25.0,False,0.07642740859064184,0.007346257035735913,0.2080956317594369,0.200749374723701
8,4,Shawn Johnson,percentage,25.0,False,0.0731341657860834,-0.018679873787165003,0.2081280774504115,0.22680795123757652
8,4,Steve Wozniak,percentage,12.0,True,0.029969816378105054,-0.0246223822019823,0.07061283549215752,0.09523521769413983
8,4,Chuck Wicks,percentage,22.0,False,0.10183179254174576,0.016420494081813154,0.21642517120324806,0.2000046771214349
8,4,Lil' Kim,percentage,27.0,False,0.10349746378294304,0.010673775460749747,0.2635098053011448,0.25283602984039505
8,4,Steve-O,percentage,15.0,False,0.19285880394346394,0.05098285551459626,0.3876839670295745,0.3367011115149783
8,4,Holly Madison,percentage,16.0,True,0.024797593603261964,-0.024488057262447356,0.06168899686784377,0.08617705413029113
8,4,Melissa Rycroft,percentage,29.0,False,0.11779510143839893,0.009437816295270515,0.3061246006175701,0.29668678432229956
8,5,Gilles Marini,percentage,29.0,False,0.08428141000513743,0.004443822811362116,0.20293862159945703,0.1984947987880949
8,5,David Alan Grier,percentage,22.0,True,0.020002659102344576,-0.03245545152114231,0.05896242604122588,0.09141787756236819
8,5,Lawrence Taylor,percentage,20.0,False,0.13897933635690612,0.018517643525279667,0.3272254114911183,0.3087077679658386
8,5,Ty Murray,percentage,21.0,False,0.10697075400063556,0.017280261524387573,0.24253263756904903,0.22525237604466145
8,5,Shawn Johnson,percentage,26.0,False,0.17547323478304144,0.018230635396102014,0.37404317178342295,0.3558125363873209
8,5,Chuck Wicks,percentage,23.0,False,0.09903452862363551,0.015292106176078415,0.2551638214823714,0.23987171530629298
8,5,Lil' Kim,percentage,26.0,False,0.09429137129422016,0.012221219615141825,0.2048735160365465,0.19265229642140466
8,5,Steve-O,percentage,18.0,False,0.13248666481527746,0.0386895256441472,0.3463660929145732,0.307676567270426
8,5,Melissa Rycroft,percentage,25.0,False,0.1484800410188002,0.020906620002733273,0.3296667369342412,0.30876011693150796
8,6,Gilles Marini,percentage,26.0,False,0.13009627656160136,0.011555251615194134,0.34793261316292795,0.3363773615477338
8,6,Lawrence Taylor,percentage,22.0,False,0.12266228210203865,0.025693551610144545,0.28125885797185346,0.25556530636170893
8,6,Ty Murray,percentage,18.0,False,0.12962828431236442,0.027690983994265193,0.3095733956085326,0.2818824116142674
8,6,Shawn Johnson,percentage,26.0,False,0.12583147727791685,0.014569445241097406,0.2853055274206322,0.2707360821795348
8,6,Chuck Wicks,percentage,23.0,False,0.1372160982657876,0.02818361457049555,0.27233054216173563,0.24414692759124007
8,6,Lil' Kim,percentage,28.0,False,0.08642728430954592,0.0038694287677284627,0.2240118000969502,0.22014237132922174
8,6,Steve-O,percentage,16.0,True,0.044114431862684184,0.002261425510299786,0.09269938090151644,0.09043795539121666
8,6,Melissa Rycroft,percentage,27.0,False,0.2240238653080615,0.019804195334334942,0.6059298952265486,0.5861256998922136
8,7,Gilles Marini,percentage,27.0,False,0.16419591092500876,0.020825218150815214,0.3515488325105409,0.3307236143597257
8,7,Lawrence Taylor,percentage,21.0,True,0.05289949550174232,0.004503193299806113,0.11291644529938308,0.10841325199957697
8,7,Ty Murray,percentage,24.0,False,0.13686844460219058,0.030208250091340712,0.3366214935910477,0.306413243499707
8,7,Shawn Johnson,percentage,28.0,False,0.2375170989758773,0.05483333792208113,0.5574519300103368,0.5026185920882557
8,7,Chuck Wicks,percentage,27.0,False,0.12683261356429554,0.029079691739648583,0.25917418552653837,0.2300944937868898
8,7,Lil' Kim,percentage,26.0,False,0.18890182283240042,0.05078515828123592,0.39831230079609675,0.34752714251486083
8,7,Melissa Rycroft,percentage,29.0,False,0.09278461359848589,0.005593887713386854,0.20529800269234544,0.1997041149789586
8,8,Gilles Marini,percentage,27.5,False,0.1631528476727777,0.030619057769913357,0.3758203862251638,0.3452013284552504
8,8,Ty Murray,percentage,26.0,False,0.16760702576802944,0.04855648845657121,0.37320617260422634,0.3246496841476551
8,8,Shawn Johnson,percentage,26.0,False,0.24404598637277872,0.03336121951303948,0.5463646356775107,0.5130034161644712
8,8,Chuck Wicks,percentage,25.5,True,0.04615901124273387,0.0018661537940498263,0.1022319301158051,0.10036577632175528
8,8,Lil' Kim,percentage,28.0,False,0.19821360360350415,0.04200782696017151,0.43565170815582915,0.39364388119565763
8,8,Melissa Rycroft,percentage,23.0,False,0.18082152534017773,0.06157607387754612,0.37526166616112805,0.31368559228358195
8,9,Gilles Marini,percentage,28.0,False,0.21758696978631464,0.05496251120599199,0.48190055402922893,0.42693804282323694
8,9,Ty Murray,percentage,23.0,False,0.3134212669021844,0.11285149741281786,0.5415900349074185,0.42873853749460067
8,9,Shawn Johnson,percentage,28.0,False,0.1855937173366122,0.03496128376034356,0.4990705460317274,0.4641092622713838
8,9,Lil' Kim,percentage,26.0,True,0.05930515135632386,0.0050398118058963305,0.14802158501980311,0.1429817732139068
8,9,Melissa Rycroft,percentage,28.5,False,0.22409289461856374,0.054632213796842806,0.48060366108893554,0.42597144729209274
8,10,Gilles Marini,percentage,30.0,False,0.27373772233319515,0.04223621613580958,0.6208098212056693,0.5785736050698598
8,10,Ty Murray,percentage,24.0,True,0.10190289030817117,0.007978897300164225,0.23908243010101968,0.23110353280085544
8,10,Shawn Johnson,percentage,28.0,False,0.30014945350278466,0.07906730390329847,0.567981083350126,0.4889137794468275
8,10,Melissa Rycroft,percentage,27.5,False,0.3242099338558483,0.04299905859507627,0.630324785246531,0.5873257266514548
8,11,Gilles Marini,percentage,29.0,False,0.29092764617423056,0.06571458504522615,0.43640223607090084,0.3706876510256747
8,11,Shawn Johnson,percentage,30.0,False,0.5657818490580518,0.3683019121520628,0.9046125104544254,0.5363105983023626
8,11,Melissa Rycroft,percentage,28.5,False,0.14329050476771435,0.011845130763826768,0.29621778538745036,0.2843726546236236
9,1,Ashley Hamiliton,percentage,18.9999,True,0.009743087251259117,-0.010400239892268404,0.030081490416277265,0.04048173030854567
9,1,Debi Mazar,percentage,22.0,False,0.10147696964442474,0.021323350854058527,0.21834833314612548,0.19702498229206694
9,1,Melissa Joan Hart,percentage,24.0,False,0.09459101414018475,0.012466128832190532,0.2096904295417739,0.19722430070958336
9,1,Mark Dacascos,percentage,28.9998,False,0.04445018802540048,0.0010369670324879496,0.12696570571880564,0.12592873868631768
9,1,Chuck Liddell,percentage,22.0,False,0.08266576422442463,0.006952891210405584,0.2157830721245693,0.20883018091416372
9,1,Natalie Coughlin,percentage,26.9998,False,0.06122509697163639,0.007147504723060177,0.16187384829722407,0.1547263435741639
9,1,Louie Vito,percentage,26.9998,False,0.059103183193355766,0.006210693427844468,0.16537022157303408,0.1591595281451896
9,1,Michael Irvin,percentage,19.0,False,0.08763637020470555,0.017416814270087642,0.2639606961654609,0.24654388189537327
9,1,Joanna Krupa,percentage,33.9999,False,0.06605718067346213,0.0011040082756159295,0.17142924474644813,0.1703252364708322
9,1,Kathy Ireland,percentage,19.9999,False,0.07609462850069747,0.006741616119359872,0.1792951285886936,0.17255351246933373
9,1,Tom DeLay,percentage,19.9999,False,0.07162535163255963,0.015262110981221044,0.16497200237420048,0.14970989139297944
9,1,Macy Gray,percentage,18.9999,True,0.0037587505828864136,-0.05314311543649671,0.03341025639500886,0.08655337183150558
9,1,Aaron Carter,percentage,31.9999,False,0.07383075622360803,-0.005096118623214185,0.18940894313119733,0.1945050617544115
9,1,Mya,percentage,30.9999,False,0.06105855248484339,0.00457260466917471,0.1655600025414836,0.16098739787230887
9,1,Donny Osmond,percentage,29.9999,False,0.057033069804001864,0.0022406726368322007,0.15036685288530816,0.14812618024847596
9,1,Kelly Osbourne,percentage,30.9998,False,0.04965003644254819,-0.0034816865354008603,0.14790324769836374,0.1513849342337646
9,2,Debi Mazar,percentage,21.0,False,0.051687636728374634,0.0027984768639683286,0.11652070654474901,0.11372222968078069
9,2,Melissa Joan Hart,percentage,19.0,False,0.06932170196278895,0.003198691105114927,0.14265837938718107,0.13945968828206615
9,2,Mark Dacascos,percentage,21.0,False,0.09394823414332806,0.01612713549732088,0.22451767484188104,0.20839053934456014
9,2,Chuck Liddell,percentage,19.0,False,0.07575727394623923,0.007559114072692753,0.19420404918197978,0.18664493510928704
9,2,Natalie Coughlin,percentage,21.0,False,0.08804949750603705,0.0024689733996818702,0.21417695923510338,0.2117079858354215
9,2,Louie Vito,percentage,19.0,False,0.08911878921271689,0.008181970566539541,0.2334385461368138,0.22525657557027426
9,2,Michael Irvin,percentage,20.0,False,0.08696431699733459,0.01164290705960374,0.24302518994969396,0.23138228289009022
9,2,Joanna Krupa,percentage,20.0,False,0.06738182350188407,0.008138989786490636,0.1611116378706484,0.15297264808415775
9,2,Kathy Ireland,percentage,18.0,True,0.004455068012071643,-0.03893508102205648,0.03259873446057773,0.07153381548263421
9,2,Tom DeLay,percentage,18.0,False,0.0673572506192862,0.007420181041883776,0.1430271199436911,0.13560693890180733
9,2,Aaron Carter,percentage,27.0,False,0.0815861523237285,0.0023210635008925895,0.25955911902098106,0.2572380555200885
9,2,Mya,percentage,27.0,False,0.0633618580894182,0.00025851119254320654,0.15063371486360555,0.15037520367106233
9,2,Donny Osmond,percentage,25.0,False,0.06591071501028588,0.004582917974679387,0.17235857040528185,0.16777565243060247
9,2,Kelly Osbourne,percentage,19.0,False,0.09509968194650821,0.014436055295999381,0.20379438838020209,0.1893583330842027
9,3,Debi Mazar,percentage,17.0,True,0.0077191794732538455,-0.047663628931453865,0.031639411864678335,0.07930304079613221
9,3,Melissa Joan Hart,percentage,19.0,False,0.0694655749139192,0.006538506151937407,0.16961546401911975,0.16307695786718235
9,3,Mark Dacascos,percentage,18.0,False,0.11020808787162877,0.021684478315831,0.251581636752636,0.229897158436805
9,3,Chuck Liddell,percentage,17.0,False,0.09381344464515086,0.010398070869062512,0.2869429288593592,0.27654485799029666
9,3,Natalie Coughlin,percentage,26.0,False,0.07749653845934733,0.0025663790840165443,0.19717146715065592,0.19460508806663937
9,3,Louie Vito,percentage,20.0,False,0.10464226020675366,0.013223906127105521,0.24957361328367056,0.23634970715656503
9,3,Michael Irvin,percentage,14.0,False,0.08734421569427575,0.018653442814457345,0.20940537505783666,0.1907519322433793
9,3,Joanna Krupa,percentage,23.0,False,0.08997726217643635,0.004897734926649043,0.20523825296958476,0.2003405180429357
9,3,Tom DeLay,percentage,15.0,False,0.06655041948449605,0.008877432787099133,0.16788030721122543,0.1590028744241263
9,3,Aaron Carter,percentage,21.0,False,0.0800701466667456,0.008240036485230248,0.200835979675671,0.19259594319044074
9,3,Mya,percentage,27.0,False,0.06571767805128095,0.00032157212330494525,0.2017184262786946,0.20139685415538966
9,3,Donny Osmond,percentage,21.0,False,0.08030327200384513,0.0064766861932717655,0.20637243210872142,0.19989574591544965
9,3,Kelly Osbourne,percentage,20.0,False,0.06669192035286663,0.006758427220613407,0.19812305074405212,0.19136462352343872
9,4,Melissa Joan Hart,percentage,28.0,False,0.1581220871596928,0.005479253993320082,0.3447189489239895,0.3392396949306694
9,4,Mark Dacascos,percentage,22.0,False,0.06636560718649775,0.005788470164840395,0.1494234783861005,0.14363500822126013
9,4,Chuck Liddell,percentage,17.0,True,0.018368942353965377,-0.028881526934559934,0.04958103295340388,0.07846255988796381
9,4,Natalie Coughlin,percentage,24.0,False,0.08308492431385331,0.002780144540531833,0.21594703796082854,0.2131668934202967
9,4,Louie Vito,percentage,16.0,False,0.10029136359839741,0.024006178333109498,0.2658496683589799,0.24184349002587038
9,4,Michael Irvin,percentage,16.0,False,0.10969271056894145,0.02093731972362389,0.32232619881541225,0.30138887909178835
9,4,Joanna Krupa,percentage,26.0,False,0.10312761600293328,0.006164753455598297,0.309691752473218,0.3035269990176197
9,4,Aaron Carter,percentage,18.0,False,0.08773159887761625,0.02044953489511941,0.2439219231573959,0.22347238826227647
9,4,Mya,percentage,28.0,False,0.1234305341187013,0.007478331327427666,0.2931625705851052,0.28568423925767755
9,4,Donny Osmond,percentage,24.0,False,0.08070175642874718,0.005804268076678533,0.27456319488353015,0.2687589268068516
9,4,Kelly Osbourne,percentage,23.0,False,0.06908285939065321,0.006137985182353233,0.2015165102216543,0.19537852503930106
9,5,Melissa Joan Hart,percentage,23.0,False,0.10884876477293573,0.019670074970548356,0.2689530364373123,0.24928296146676393
9,5,Mark Dacascos,percentage,26.0,False,0.10744740481259711,0.0236264986041114,0.27519978468938083,0.2515732860852694
9,5,Natalie Coughlin,percentage,22.0,True,0.02611004406699824,-0.011107293313972474,0.06381893241214631,0.07492622572611879
9,5,Louie Vito,percentage,22.0,False,0.191053197457719,0.03332738759793743,0.5791357749037703,0.5458083873058329
9,5,Michael Irvin,percentage,21.0,False,0.0969268154907649,0.036071763311149016,0.1647292753277951,0.1286575120166461
9,5,Joanna Krupa,percentage,24.0,False,0.087316045165601,0.020244783367039436,0.179933007084651,0.15968822371761154
9,5,Aaron Carter,percentage,24.0,False,0.11440212435071855,0.012473202349420936,0.2406245430921208,0.22815134074269988
9,5,Mya,percentage,27.0,False,0.08396958410089264,0.004827136419735069,0.2080278880722543,0.20320075165251925
9,5,Donny Osmond,percentage,29.0,False,0.0858921672252857,0.009350930195398,0.21531159552973184,0.20596066533433383
9,5,Kelly Osbourne,percentage,24.0,False,0.0980338525564883,0.023497702291397866,0.19165359866271386,0.168155896371316
9,6,Melissa Joan Hart,percentage,23.9999,True,0.034924805010930315,0.00051097269171076,0.07664278024381639,0.07613180755210563
9,6,Mark Dacascos,percentage,32.0,False,0.11808250623574323,0.012133899936415693,0.2734175072200937,0.26128360728367805
9,6,Louie Vito,percentage,24.0,True,0.03196044346753493,-0.010241431578943604,0.08258165617288325,0.09282308775182685
9,6,Michael Irvin,percentage,21.9998,False,0.1480277384578994,0.047470147549744816,0.3600442929609569,0.3125741454112121
9,6,Joanna Krupa,percentage,35.9999,False,0.14519114143929088,0.009032625813258935,0.4420318809396067,0.4329992551263478
9,6,Aaron Carter,percentage,32.9998,False,0.150456527378521,0.02335267366648846,0.3469612954952903,0.32360862182880185
9,6,Mya,percentage,33.0,False,0.09126114747943967,0.01923782134409086,0.21547080516945577,0.19623298382536492
9,6,Donny Osmond,percentage,30.9999,False,0.13403913574436918,0.030185146816411774,0.3336638851753221,0.3034787383589103
9,6,Kelly Osbourne,percentage,24.9998,False,0.14605655478626853,0.04826543693603662,0.33580943046509526,0.28754399352905863
9,7,Mark Dacascos,percentage,21.5,True,0.05088606721762633,0.0025918595197762717,0.10698547885850718,0.10439361933873091
9,7,Michael Irvin,percentage,23.5,True,0.045037531164639745,0.0022831504975737923,0.09197582892920211,0.08969267843162831
9,7,Joanna Krupa,percentage,27.5,False,0.21358930189176692,0.028555230513610697,0.46997232793210236,0.44141709741849167
9,7,Aaron Carter,percentage,26.5,False,0.15993465602930657,0.04636343597119095,0.32578670442132085,0.2794232684501299
9,7,Mya,percentage,24.5,False,0.17500573621636828,0.0670663783895748,0.3161973188649111,0.2491309404753363
9,7,Donny Osmond,percentage,26.0,False,0.13947756813179402,0.04483898997217472,0.33289132268365423,0.2880523327114795
9,7,Kelly Osbourne,percentage,26.0,False,0.21606913934849808,0.05448122707259262,0.4746707068744975,0.4201894798019049
9,8,Joanna Krupa,percentage,26.0,False,0.1712695232030366,0.046316710728297045,0.42441341524550696,0.3780967045172099
9,8,Aaron Carter,percentage,25.0,True,0.05867417042735429,0.0022326079216577546,0.13909130364778707,0.13685869572612933
9,8,Mya,percentage,29.5,False,0.17949447939378818,0.04522562655479452,0.37188160903445294,0.32665598247965844
9,8,Donny Osmond,percentage,25.0,False,0.35763184361217276,0.10519453345831212,0.634207192346448,0.5290126588881359
9,8,Kelly Osbourne,percentage,25.5,False,0.23292998336364842,0.04475461399264121,0.5578978745359767,0.5131432605433355
9,9,Joanna Krupa,percentage,27.0,True,0.07186336852443594,0.004700664538617418,0.19271041360391464,0.18800974906529722
9,9,Mya,percentage,28.9999,False,0.34786888592396575,0.04851196181778523,0.7667900836647584,0.7182781218469731
9,9,Donny Osmond,percentage,24.666600000000003,False,0.3624505791219492,0.07115706111866493,0.6473059268701797,0.5761488657515148
9,9,Kelly Osbourne,percentage,25.9998,False,0.21781716642964882,0.05008490997460305,0.4795591755795585,0.4294742656049555
9,10,Mya,percentage,28.3332,False,0.31026369039413587,0.17007900213671648,0.449024331214703,0.2789453290779865
9,10,Donny Osmond,percentage,28.9998,False,0.5450670789537705,0.39243474165976,0.738243022187168,0.345808280527408
9,10,Kelly Osbourne,percentage,25.2222,False,0.144669230652097,0.013128805571104626,0.2925696262659664,0.27944082069486176
10,2,Aiden Turner,percentage,19.0,False,0.10215466133315226,0.02488816349823479,0.19882521764020258,0.1739370541419678
10,2,Shannen Doherty,percentage,20.0,True,0.01326146461566084,-0.027928364735355656,0.03731535019006116,0.06524371492541681
10,2,Niecy Nash,percentage,21.0,False,0.10180453570940823,0.015890635767460172,0.3269220006309799,0.31103136486351973
10,2,Buzz Aldrin,percentage,12.0,False,0.1136957385067686,0.058036744492314836,0.24738495994122142,0.1893482154489066
10,2,Chad Ochocinco,percentage,16.0,False,0.08866275100280223,0.026564143435238767,0.21965532388677358,0.1930911804515348
10,2,Evan Lysacek,percentage,24.0,False,0.10888051602709262,0.008330572657296191,0.23637595404654824,0.22804538138925204
10,2,Pamela Anderson,percentage,22.0,False,0.09423837843925781,0.009293906184207223,0.2617555686139443,0.25246166242973705
10,2,Nicole Scherzinger,percentage,28.0,False,0.06434461795006224,0.00305469886785769,0.1810596748557009,0.1780049759878432
10,2,Erin Andrews,percentage,23.0,False,0.08063224589898312,0.009518637142220017,0.20514006720879185,0.19562143006657184
10,2,Kate Gosselin,percentage,15.0,False,0.14413923559414182,0.042260227746060246,0.3116838012850499,0.26942357353898966
10,2,Jake Pavelka,percentage,20.0,False,0.0881858549226671,0.010229006154410178,0.24936167955638006,0.23913267340196986
10,3,Aiden Turner,percentage,20.0,False,0.12271984445659072,0.011188199575817528,0.2847019120364912,0.2735137124606737
10,3,Niecy Nash,percentage,21.0,False,0.13884475317418804,0.007181800861286933,0.37235640981763196,0.365174608956345
10,3,Buzz Aldrin,percentage,13.0,True,0.034054810744589825,-0.007080104305093093,0.07721862963395172,0.08429873393904481
10,3,Chad Ochocinco,percentage,20.0,False,0.10019892549385283,0.019100221671131352,0.24860351441667955,0.2295032927455482
10,3,Evan Lysacek,percentage,26.0,False,0.06853680223356157,0.003044249040616412,0.1962521319293269,0.1932078828887105
10,3,Pamela Anderson,percentage,21.0,False,0.09490038225717194,0.019404580430428357,0.20181849339711733,0.18241391296668896
10,3,Nicole Scherzinger,percentage,23.0,False,0.0741821390957043,0.010405447381620591,0.169442308936932,0.1590368615553114
10,3,Erin Andrews,percentage,23.0,False,0.13296872136338236,0.011512850758881366,0.2884847386522974,0.27697188789341604
10,3,Kate Gosselin,percentage,15.0,False,0.10181352593507512,0.018533772218423377,0.24374553796762694,0.22521176574920357
10,3,Jake Pavelka,percentage,21.0,False,0.13178009524588327,0.014566805864834498,0.324688145690761,0.3101213398259265
10,4,Aiden Turner,percentage,16.5,True,0.02680085532455319,-0.012939470731328,0.0698824653815652,0.08282193611289321
10,4,Niecy Nash,percentage,18.0,False,0.11495889224413805,0.013229289689941302,0.26073219197493325,0.24750290228499194
10,4,Chad Ochocinco,percentage,22.0,False,0.10480097192460158,0.019323613068827693,0.2477085150599493,0.22838490199112163
10,4,Evan Lysacek,percentage,26.0,False,0.10139747924678418,0.005592962682481863,0.3084777299305475,0.3028847672480656
10,4,Pamela Anderson,percentage,23.5,False,0.09416865823280333,0.010147778536621906,0.23595236185413646,0.22580458331751455
10,4,Nicole Scherzinger,percentage,25.0,False,0.1251647807545869,0.01728809152181944,0.3200947142999715,0.30280662277815207
10,4,Erin Andrews,percentage,19.5,False,0.12498350717476435,0.02188544283074617,0.29294677780777256,0.2710613349770264
10,4,Kate Gosselin,percentage,16.0,False,0.20931584054308547,0.02751184171250435,0.5540535021969323,0.526541660484428
10,4,Jake Pavelka,percentage,19.0,False,0.09840901455468283,0.01735133050022837,0.27380896301499785,0.2564576325147695
10,5,Niecy Nash,percentage,18.0,False,0.19687063308978012,0.044885903079033306,0.4738599948369421,0.4289740917579088
10,5,Chad Ochocinco,percentage,18.0,False,0.1542071056253495,0.04388971004375766,0.28395234225965205,0.24006263221589438
10,5,Evan Lysacek,percentage,27.0,False,0.11606489581063686,0.008100157474789758,0.31357921216555384,0.3054790546907641
10,5,Pamela Anderson,percentage,21.0,False,0.15768118701859205,0.013354846839061373,0.32159310496690446,0.3082382581278431
10,5,Nicole Scherzinger,percentage,29.0,False,0.09004356863642,0.012997804020079315,0.2001424523516242,0.18714464833154487
10,5,Erin Andrews,percentage,22.0,False,0.10277236268397028,0.011091010319158861,0.260172988765262,0.24908197844610316
10,5,Kate Gosselin,percentage,15.0,True,0.043113939641066606,-0.003999818148924448,0.09450465241618011,0.09850447056510456
10,5,Jake Pavelka,percentage,23.0,False,0.139246307494185,0.026091252941036806,0.3235221842678849,0.2974309313268481
10,6,Niecy Nash,percentage,25.9998,False,0.09081585251851938,0.018962949313003973,0.21091246288094284,0.19194951356793888
10,6,Chad Ochocinco,percentage,30.9999,False,0.34442607206915415,0.03723243426103788,0.6342058585262959,0.596973424265258
10,6,Evan Lysacek,percentage,27.0,False,0.09877580591996964,0.010807421206742,0.3005124869851535,0.2897050657784115
10,6,Pamela Anderson,percentage,29.9998,False,0.10706954284071687,0.009872231947849378,0.2769087021974315,0.26703647024958216
10,6,Nicole Scherzinger,percentage,35.9999,False,0.12360869032959171,0.005181431644621461,0.3390775794869002,0.3338961478422787
10,6,Erin Andrews,percentage,34.0,False,0.20842830934710604,0.014993684558044033,0.6115252450711028,0.5965315605130588
10,6,Jake Pavelka,percentage,24.9999,True,0.0268757269749417,-0.009493651562373726,0.06542716938008561,0.07492082094245933
10,7,Niecy Nash,percentage,24.5,False,0.16976289466616953,0.044751105899983906,0.39037400755798896,0.345622901658005
10,7,Chad Ochocinco,percentage,26.0,False,0.15986446470307325,0.03139135994554391,0.400860692585625,0.3694693326400811
10,7,Evan Lysacek,percentage,27.0,False,0.16613689133987178,0.037222744659199725,0.4226668013622714,0.3854440567030717
10,7,Pamela Anderson,percentage,25.5,True,0.04432778271707424,0.0013068577887532448,0.10013736266897404,0.0988305048802208
10,7,Nicole Scherzinger,percentage,27.0,False,0.23775982501675305,0.06117089130476404,0.48684800690341873,0.4256771155986547
10,7,Erin Andrews,percentage,25.5,False,0.22214814155705895,0.03602254398904545,0.48523630867937395,0.4492137646903285
10,8,Niecy Nash,percentage,21.5,True,0.05963147443538234,0.002712074786751645,0.13598667037796186,0.13327459559121022
10,8,Chad Ochocinco,percentage,22.5,False,0.25034588072972286,0.04560761903399019,0.5631104490733159,0.5175028300393256
10,8,Evan Lysacek,percentage,26.5,False,0.29417589371212155,0.05951313373520319,0.5587628985032334,0.4992497647680302
10,8,Nicole Scherzinger,percentage,29.5,False,0.1400488309522169,0.014678249356093083,0.3366868387890041,0.322008589432911
10,8,Erin Andrews,percentage,26.5,False,0.2557979201705572,0.03349779755762889,0.5152804903178269,0.481782692760198
10,9,Chad Ochocinco,percentage,26.0,True,0.06435617725274845,0.0018656315482315814,0.1579114761596514,0.15604584461141982
10,9,Evan Lysacek,percentage,29.5,False,0.25760283574429765,0.034206821732063644,0.7271821856675276,0.6929753639354639
10,9,Nicole Scherzinger,percentage,29.5,False,0.3098015284096904,0.03561661749980531,0.6342332946983701,0.5986166771985648
10,9,Erin Andrews,percentage,28.0,False,0.368239458593265,0.052685379569653135,0.7379319592371635,0.6852465796675103
10,10,Evan Lysacek,percentage,26.8887,False,0.34216004128856525,0.23583521063638963,0.46769947597763284,0.23186426534124321
10,10,Nicole Scherzinger,percentage,28.7777,False,0.4932099485581319,0.3597646722869155,0.6446192993793106,0.2848546270923951
10,10,Erin Andrews,percentage,26.9998,False,0.16463001015330184,0.018058595004520724,0.2998345299841157,0.28177593497959497
11,1,David Hasselhoff,percentage,15.0,True,0.009599260812300609,-0.06416207106109782,0.049028482931917826,0.11319055399301564
11,1,Florence Henderson,percentage,18.0,False,0.07861173795314697,0.013152309232080238,0.21505312066074164,0.2019008114286614
11,1,Kyle Massey,percentage,23.0,False,0.06095693307086382,0.0011293327917454793,0.149455291525513,0.14832595873376753
11,1,Jennifer Grey,percentage,24.0,False,0.08271321316185264,0.00635003467091106,0.23977131372494243,0.23342127905403137
11,1,Rick Fox,percentage,22.0,False,0.07827357375832879,0.006663072353736814,0.21401231880235005,0.20734924644861324
11,1,Kurt Warner,percentage,19.0,False,0.08270189613718275,0.010613287511015826,0.2635971826530353,0.25298389514201947
11,1,Margaret Cho,percentage,15.0,False,0.20201868165577697,0.04271974940914609,0.4076119339267595,0.3648921845176134
11,1,Michael Bolton,percentage,16.0,False,0.0751764740789571,0.01102991324777257,0.18083800203199246,0.16980808878421988
11,1,Brandy,percentage,23.0,False,0.06855221687005841,0.0004528322378215266,0.19608056120181042,0.1956277289639889
11,1,The Situation,percentage,15.0,False,0.09366884958772541,0.013633471538837679,0.24228357300310377,0.2286501014642661
11,1,Audrina Patridge,percentage,19.0,False,0.06897947356884876,0.0056183488526825014,0.18870381854674156,0.18308546969405906
11,1,Bristol Palin,percentage,18.0,False,0.09874768934495884,0.010167578699496615,0.22436467767799298,0.21419709897849637
11,2,Florence Henderson,percentage,19.0,False,0.08413887489791515,0.0022989188240491176,0.24662730726796958,0.24432838844392046
11,2,Kyle Massey,percentage,22.0,False,0.109961614535088,0.00814105813078108,0.3390516362571935,0.3309105781264124
11,2,Jennifer Grey,percentage,24.0,False,0.07254156330719332,0.0006045574844238261,0.2025262263308699,0.20192166884644608
11,2,Rick Fox,percentage,21.0,False,0.09469295745186601,0.0018932003488870506,0.3292250696271654,0.32733186927827834
11,2,Kurt Warner,percentage,21.0,False,0.09556459528059726,0.004750381653276448,0.25229222176820887,0.2475418401149324
11,2,Margaret Cho,percentage,18.0,False,0.07879596303074243,0.009646788956156786,0.21015506770104037,0.20050827874488358
11,2,Michael Bolton,percentage,12.0,True,0.027451170970319405,-0.017873740468878827,0.08057479729454003,0.09844853776341886
11,2,Brandy,percentage,21.0,False,0.12883614709181873,0.013274601958756516,0.29779965971967054,0.284525057760914
11,2,The Situation,percentage,18.0,False,0.07610255227891075,0.008419197849654243,0.17175959369722427,0.16334039584757
11,2,Audrina Patridge,percentage,23.0,False,0.08918705798706514,0.007008845622775396,0.1909342450579628,0.1839253994351874
11,2,Bristol Palin,percentage,22.0,False,0.1427275031684839,0.0032517834010216563,0.44777631071550217,0.4445245273144805
11,3,Florence Henderson,percentage,20.0,False,0.13852893751019799,0.016728063527462367,0.2858036375066437,0.26907557397918136
11,3,Kyle Massey,percentage,23.0,False,0.0723265274192596,0.006876157133017084,0.1653516437289503,0.15847548659593322
11,3,Jennifer Grey,percentage,24.0,False,0.12592572793918375,0.013511924539227107,0.40567078816001706,0.39215886362078994
11,3,Rick Fox,percentage,24.0,False,0.09950110330193038,0.011681336349120434,0.24284305327413291,0.23116171692501247
11,3,Kurt Warner,percentage,23.0,False,0.10477474291085002,0.008689739096005431,0.27086698379033397,0.2621772446943285
11,3,Margaret Cho,percentage,18.0,True,0.021983465212681172,-0.012116316786812034,0.05665032712827886,0.0687666439150909
11,3,Brandy,percentage,24.0,False,0.0937912845399508,0.013221093757789518,0.23605610410459923,0.22283501034680972
11,3,The Situation,percentage,20.0,False,0.11371749891834965,0.01669700728720643,0.29726525621399774,0.28056824892679133
11,3,Audrina Patridge,percentage,26.0,False,0.1062515638356986,0.010518741423132846,0.30419054538349133,0.29367180396035847
11,3,Bristol Palin,percentage,19.0,False,0.12319914841190002,0.0093293646049835,0.29534791535187677,0.28601855074689325
11,4,Florence Henderson,percentage,17.5,False,0.10683366100048125,0.013726845415762273,0.29300910475202047,0.27928225933625817
11,4,Kyle Massey,percentage,20.0,False,0.24928030819828942,0.02057029967893872,0.43780715387844243,0.41723685419950374
11,4,Jennifer Grey,percentage,28.0,False,0.06964780666419843,0.001580597792464529,0.1946001447738424,0.19301954698137788
11,4,Rick Fox,percentage,19.5,False,0.1783985757002799,0.02551240970696234,0.5261577707448284,0.500645361037866
11,4,Kurt Warner,percentage,17.0,False,0.12839986883519555,0.02029745460838657,0.28781117965606706,0.2675137250476805
11,4,Brandy,percentage,24.0,False,0.07352638555067129,0.0022207063758656817,0.18947517730893912,0.18725447093307343
11,4,The Situation,percentage,14.0,True,0.03013349873104558,-0.0005064807748755493,0.07378461079719618,0.07429109157207173
11,4,Audrina Patridge,percentage,23.0,False,0.08567854250723161,0.010198562290277588,0.18959082827777152,0.17939226598749392
11,4,Bristol Palin,percentage,16.0,False,0.07810135281260686,0.010127038453345867,0.18779815553798945,0.1776711170846436
11,5,Florence Henderson,percentage,21.0,True,0.030493047941620492,-0.0019478233690493132,0.0768745228135547,0.078822346182604
11,5,Kyle Massey,percentage,20.0,False,0.1724118507134725,0.026782007174291488,0.37651193371030933,0.34972992653601787
11,5,Jennifer Grey,percentage,25.0,False,0.11587042064012631,0.022836770238924404,0.27108530390168517,0.24824853366276076
11,5,Rick Fox,percentage,24.0,False,0.1146881077387974,0.002639442926015912,0.28458725865691764,0.2819478157309017
11,5,Kurt Warner,percentage,24.0,False,0.10423339009991506,0.022428788199939043,0.28076281954696625,0.2583340313470272
11,5,Brandy,percentage,27.0,False,0.17672327981126737,0.018017881360829022,0.4043871197562969,0.38636923839546783
11,5,Audrina Patridge,percentage,23.0,False,0.1368913750428661,0.02769431743386997,0.2912509850434031,0.2635566676095331
11,5,Bristol Palin,percentage,18.0,False,0.14868852801193436,0.0380024803112366,0.3265803655571986,0.288577885245962
11,6,Kyle Massey,percentage,29.9999,False,0.1855197505737373,0.0414341472388691,0.3574467736536307,0.3160126264147616
11,6,Jennifer Grey,percentage,29.0,False,0.17766019300487554,0.06216397750519142,0.4621581284141082,0.39999415090891677
11,6,Rick Fox,percentage,30.0,False,0.13852086860356994,0.04373151735589147,0.3159689001531331,0.27223738279724163
11,6,Kurt Warner,percentage,21.9999,False,0.16963124605851926,0.0811586372764959,0.3592839435924917,0.2781253063159958
11,6,Brandy,percentage,35.9999,False,0.13846039965563708,0.023586568784666508,0.3221175877464184,0.2985310189617519
11,6,Audrina Patridge,percentage,31.9998,True,0.033071110652114516,0.000549609985824713,0.0886071711338052,0.0880575611479805
11,6,Bristol Palin,percentage,27.9998,False,0.15713643145154566,0.045762105363980676,0.34591413529110987,0.3001520299271292
11,7,Kyle Massey,percentage,33.5,False,0.3197984698639895,0.054274652327765904,0.6809610715990688,0.6266864192713029
11,7,Jennifer Grey,percentage,36.5,False,0.1674707540973988,0.05409846910603129,0.31160892544696867,0.2575104563409374
11,7,Rick Fox,percentage,34.5,True,0.03614989577043427,0.0004604169694817994,0.09564708096504781,0.09518666399556601
11,7,Kurt Warner,percentage,35.0,False,0.16008247603700132,0.03496786523384106,0.35676307525834267,0.3217952100245016
11,7,Brandy,percentage,36.5,False,0.15898294449329062,0.03505686389078943,0.3202813300594445,0.28522446616865504
11,7,Bristol Palin,percentage,32.5,False,0.15751545973788597,0.035828428388545455,0.47815094650983875,0.4423225181212933
11,8,Kyle Massey,percentage,28.0,False,0.32579976193638427,0.058983708197007115,0.7480123756432485,0.6890286674462414
11,8,Jennifer Grey,percentage,28.5,False,0.2103920845433374,0.02931336232456412,0.6036917472048337,0.5743783848802695
11,8,Kurt Warner,percentage,24.0,True,0.06438660161124082,0.00242066460590374,0.14853401094635377,0.14611334634045003
11,8,Brandy,percentage,28.5,False,0.19698675909917462,0.02760014470827726,0.41338163444519943,0.38578148973692217
11,8,Bristol Palin,percentage,23.5,False,0.2024347928098626,0.050005092883459584,0.46279101120351385,0.4127859183200543
11,9,Kyle Massey,percentage,29.0,False,0.3130286999751221,0.03662091112699886,0.8156219175822076,0.7790010064552088
11,9,Jennifer Grey,percentage,30.0,False,0.19468085276960628,0.029562148560231215,0.4580667029861881,0.4285045544259569
11,9,Brandy,percentage,28.5,True,0.056654984544852224,0.0016423081762805217,0.13933139435559797,0.13768908617931744
11,9,Bristol Palin,percentage,26.5,False,0.4356354627104197,0.08519810777274431,0.8621137390359292,0.776915631263185
11,10,Kyle Massey,percentage,27.3332,False,0.2702177301058482,0.050431543298603616,0.44191805000095524,0.39148650670235163
11,10,Jennifer Grey,percentage,30.0,False,0.586109855072761,0.3514630016769191,0.9206049771363041,0.5691419754593849
11,10,Bristol Palin,percentage,25.666600000000003,False,0.14367241482139176,0.014301198513373399,0.30816570413052535,0.29386450561715194
12,2,Ralph Macchio,percentage,21.0,False,0.10247680355543909,0.012273863914708763,0.27089698164006987,0.2586231177253611
12,2,Chelsea Kane,percentage,18.0,False,0.11498518395593356,0.012141313686281179,0.2444016016160618,0.23226028792978062
12,2,Kirstie Alley,percentage,20.0,False,0.09854558058897978,0.018080370070459026,0.23616048145765764,0.21808011138719863
12,2,Hines Ward,percentage,23.0,False,0.07925274865585782,0.0015991019355805266,0.21638648938451016,0.21478738744892964
12,2,Sugar Ray Leonard,percentage,17.0,False,0.09046105804853614,0.020548721608201915,0.19841174679332138,0.17786302518511946
12,2,Chris Jericho,percentage,23.0,False,0.08197339267427703,0.0052051107358456195,0.21654204324691068,0.21133693251106506
12,2,Petra Nemcova,percentage,18.0,False,0.1058712306862224,0.009702211416681386,0.2945418720794997,0.28483966066281835
12,2,Mike Catherwood,percentage,17.0,True,0.016184991443382507,-0.03445774440290334,0.044704631088672925,0.07916237549157626
12,2,Romeo,percentage,23.0,False,0.08228689508791982,0.006018071726479814,0.254862284459386,0.24884421273290622
12,2,Wendy Williams,percentage,17.0,False,0.1334504387573309,0.023879183202748986,0.29103635299514385,0.26715716979239484
12,2,Kendra Wilkinson,percentage,19.0,False,0.09451167654612062,0.01684364581889863,0.1869531119171335,0.17010946609823488
12,3,Ralph Macchio,percentage,21.0,False,0.11536224466383242,0.012787717563303998,0.24817578973321874,0.23538807216991475
12,3,Chelsea Kane,percentage,23.0,False,0.11357636730148016,0.007419247120463055,0.27540980627181844,0.2679905591513554
12,3,Kirstie Alley,percentage,21.0,False,0.09314863103089377,0.009787727339585103,0.21305895451986784,0.20327122718028273
12,3,Hines Ward,percentage,25.0,False,0.11264318815080432,0.005070176572172402,0.3095363459005881,0.3044661693284157
12,3,Sugar Ray Leonard,percentage,20.0,False,0.10130130291749045,0.015291358505361834,0.22843134393271916,0.21313998542735732
12,3,Chris Jericho,percentage,21.0,False,0.08493943654548534,0.01657692017823763,0.18245492565659444,0.1658780054783568
12,3,Petra Nemcova,percentage,25.0,False,0.13276490498425167,0.008743992828258999,0.31321063850578523,0.30446664567752624
12,3,Romeo,percentage,20.0,False,0.13068936914752508,0.010017761891952295,0.42834714395419393,0.41832938206224163
12,3,Wendy Williams,percentage,15.0,True,0.02735738193542898,-0.019443425032573174,0.07096413863201113,0.0904075636645843
12,3,Kendra Wilkinson,percentage,23.0,False,0.08821717332281005,0.009389110511026665,0.2530219280738827,0.243632817562856
12,4,Ralph Macchio,percentage,25.0,False,0.10160034340250373,0.015053099809794307,0.2800801576815824,0.2650270578717881
12,4,Chelsea Kane,percentage,26.0,False,0.0820070782642098,0.009266421823697295,0.2599952313411693,0.250728809517472
12,4,Kirstie Alley,percentage,22.0,False,0.08581480128149942,0.006713865661743945,0.22077512807873617,0.21406126241699222
12,4,Hines Ward,percentage,25.0,False,0.11517130887867497,0.011177196196417527,0.3456476133361513,0.33447041713973374
12,4,Sugar Ray Leonard,percentage,21.0,True,0.017533126040207125,-0.02971428578579039,0.05462300296596054,0.08433728875175092
12,4,Chris Jericho,percentage,23.0,False,0.09537270650253403,0.01222373623118668,0.34708564281813487,0.3348619065869482
12,4,Petra Nemcova,percentage,23.0,False,0.12436534705356672,0.01983372081389851,0.2827766119146039,0.2629428911007054
12,4,Romeo,percentage,23.0,False,0.23838773554378628,0.021014958856283662,0.4936319617783927,0.472617002922109
12,4,Kendra Wilkinson,percentage,18.0,False,0.13974755303301878,0.026297894114854364,0.35155997084279517,0.32526207672794083
12,5,Ralph Macchio,percentage,22.0,False,0.16761488134758445,0.034678681172037415,0.5240896932969494,0.489411012124912
12,5,Chelsea Kane,percentage,26.0,False,0.09032603946657518,0.0032546605362537974,0.2062924749372444,0.2030378144009906
12,5,Kirstie Alley,percentage,23.0,False,0.13028067547908717,0.0192111390241838,0.32419150533668406,0.30498036631250025
12,5,Hines Ward,percentage,27.0,False,0.21619497855217082,0.01821844480877749,0.4740757548397961,0.4558573100310186
12,5,Chris Jericho,percentage,26.0,False,0.16877541640413954,0.027606619299115596,0.44788098315059166,0.42027436385147604
12,5,Petra Nemcova,percentage,22.0,True,0.02685944524465645,1.0778824659080088e-06,0.07289296035718754,0.07289188247472163
12,5,Romeo,percentage,26.0,False,0.08919917547999637,0.012928132468006313,0.19712787310317603,0.18419974063516972
12,5,Kendra Wilkinson,percentage,22.0,False,0.11074938802579024,0.026170208944082535,0.2797783828497641,0.2536081739056816
12,6,Ralph Macchio,percentage,24.0,False,0.13390884011106916,0.032076406609350176,0.3413574023443586,0.3092809957350084
12,6,Chelsea Kane,percentage,28.0,False,0.15965644454219072,0.022889667849497343,0.345931683811939,0.32304201596244164
12,6,Kirstie Alley,percentage,26.0,False,0.12779672355086738,0.01790422007430785,0.31716040945845847,0.2992561893841506
12,6,Hines Ward,percentage,27.0,False,0.2709285002906884,0.04311964381266796,0.5166563421644669,0.4735366983517989
12,6,Chris Jericho,percentage,22.0,True,0.042599089865976776,0.0019909529396457057,0.0972294232202178,0.09523847028057209
12,6,Romeo,percentage,28.0,False,0.12551669373854413,0.02843887105986565,0.2548167529772093,0.22637788191734365
12,6,Kendra Wilkinson,percentage,25.0,False,0.1395937079006656,0.028424908220827643,0.4297875206439879,0.40136261242316024
12,7,Ralph Macchio,percentage,33.0,False,0.1853697913840684,0.03746736555021643,0.49042297579369054,0.4529556102434741
12,7,Chelsea Kane,percentage,32.0,False,0.1606963038510007,0.022526324218667553,0.3957165854886799,0.3731902612700123
12,7,Kirstie Alley,percentage,30.0,False,0.21000161310120236,0.05363174789505468,0.48005114930623016,0.4264194014111755
12,7,Hines Ward,percentage,33.0,False,0.18213411481049135,0.038447297453692436,0.4416119884887376,0.40316469103504515
12,7,Romeo,percentage,30.0,False,0.21955995423797395,0.04756839546031581,0.5122079380047407,0.4646395425444249
12,7,Kendra Wilkinson,percentage,30.5,True,0.04223822261526366,0.0001742464122569364,0.10212164986714073,0.10194740345488379
12,8,Ralph Macchio,percentage,23.0,False,0.30217670356640847,0.07078200610815383,0.6465950852849786,0.5758130791768248
12,8,Chelsea Kane,percentage,27.5,False,0.18006167654170604,0.028696947334773387,0.3534677052254577,0.32477075789068427
12,8,Kirstie Alley,percentage,26.5,False,0.1723442325477225,0.03956956812530254,0.3655784109745689,0.32600884284926634
12,8,Hines Ward,percentage,27.0,False,0.2959063514008825,0.06010311924839568,0.6284776250046765,0.5683745057562808
12,8,Romeo,percentage,26.0,True,0.04951103594328228,0.001268384982612349,0.12465973294934272,0.12339134796673037
12,9,Ralph Macchio,percentage,24.0,True,0.08453818643604713,0.008571636647852876,0.18383732932243013,0.17526569267457726
12,9,Chelsea Kane,percentage,36.5,False,0.24980561134487195,0.03234879275355426,0.5445308524112963,0.512182059657742
12,9,Kirstie Alley,percentage,27.0,False,0.2798528290839539,0.052913513292607295,0.5858298381665201,0.5329163248739128
12,9,Hines Ward,percentage,30.0,False,0.38580337313512725,0.06909810577368489,0.7835770608120106,0.7144789550383257
12,10,Chelsea Kane,percentage,29.666600000000003,False,0.13076066530329233,0.010678603192575102,0.26329583026409936,0.2526172270715243
12,10,Kirstie Alley,percentage,27.9999,False,0.32122252220179937,0.17875022984415265,0.470809652339988,0.2920594224958354
12,10,Hines Ward,percentage,29.666600000000003,False,0.5480168124949083,0.3897477455032461,0.7177136030484447,0.3279658575451986
13,1,Elisabetta Canalis,percentage,15.0,False,0.06864089615195328,0.009590280897505354,0.19376792235602378,0.18417764145851842
13,1,David Arquette,percentage,18.0,False,0.06939466910070875,0.002786022270436353,0.24024350595533706,0.23745748368490072
13,1,Ricki Lake,percentage,20.0,False,0.10048378224859959,0.006328282821428166,0.3066781649094711,0.3003498820880429
13,1,J.R. Martinez,percentage,22.0,False,0.08929248341181008,0.002918476758095268,0.2472888724166059,0.24437039565851065
13,1,Metta World Peace (Ron),percentage,14.0,True,0.011221820047611823,-0.03451907379933286,0.03598502645896493,0.07050410025829779
13,1,Hope Solo,percentage,21.0,False,0.22136111120964844,0.004413366052268268,0.4242325080102203,0.419819141957952
13,1,Chynna Phillips,percentage,22.0,False,0.06712721094420684,0.0012394416577667967,0.1661045412840272,0.16486509962626042
13,1,Kristin Cavallari,percentage,19.0,False,0.08000317847783406,0.006952341318826095,0.2224252046486622,0.2154728633298361
13,1,Carson Kressley,percentage,17.0,False,0.09928221344144907,0.015517146950609424,0.249177893473657,0.23366074652304755
13,1,Chaz Bono,percentage,17.0,False,0.05918891204698133,0.008463238825779212,0.14180766073617243,0.13334442191039322
13,1,Nancy Grace,percentage,16.0,False,0.05998146061900822,0.005562870082431663,0.14468400465604472,0.13912113457361305
13,1,Rob Kardashian,percentage,16.0,False,0.0740222623001874,0.01629066902465974,0.20141986515849902,0.18512919613383927
13,2,Elisabetta Canalis,percentage,21.0,True,0.007061170689645112,-0.03338982675361301,0.03601626834052866,0.06940609509414167
13,2,David Arquette,percentage,18.0,False,0.0840958357462796,0.022337391423316783,0.25253651216442885,0.23019912074111207
13,2,Ricki Lake,percentage,23.0,False,0.15639848572071244,0.01770032843155256,0.3794611190591756,0.36176079062762306
13,2,J.R. Martinez,percentage,22.0,False,0.08571989292735031,0.015091979804821392,0.24344473633648028,0.2283527565316589
13,2,Hope Solo,percentage,19.0,False,0.122107213179228,0.015961286783150373,0.3109657401756657,0.2950044533925153
13,2,Chynna Phillips,percentage,21.0,False,0.1015723821811936,0.021483348886962142,0.23534058933009483,0.2138572404431327
13,2,Kristin Cavallari,percentage,22.0,False,0.0604234287238497,0.004652522785881165,0.14497669422505946,0.1403241714391783
13,2,Carson Kressley,percentage,18.0,False,0.09265868873869174,0.027032966144430036,0.22330942416725663,0.1962764580228266
13,2,Chaz Bono,percentage,17.0,False,0.15034388106200428,0.028395360240044618,0.4410876786063213,0.4126923183662767
13,2,Nancy Grace,percentage,21.0,False,0.06392341163047469,0.015881437528021868,0.1437961293353059,0.12791469180728401
13,2,Rob Kardashian,percentage,21.0,False,0.07569560940056995,0.010423762669444867,0.1815763209755962,0.17115255830615134
13,3,David Arquette,percentage,24.0,False,0.16613083803278783,0.027607444551751893,0.34293212154386593,0.31532467699211403
13,3,Ricki Lake,percentage,27.0,False,0.11366391213966512,0.010536882345003145,0.2982418747103137,0.28770499236531055
13,3,J.R. Martinez,percentage,26.0,False,0.06715229406643118,0.006873798808204542,0.19587931597867872,0.18900551717047417
13,3,Hope Solo,percentage,24.0,False,0.08555162914745404,0.011460884737282476,0.2261477386213499,0.21468685388406744
13,3,Chynna Phillips,percentage,26.0,False,0.09718238797559157,0.004896841143561738,0.22591777640322613,0.2210209352596644
13,3,Kristin Cavallari,percentage,24.0,True,0.012178489224193567,-0.023043599657560098,0.04482122954526373,0.06786482920282383
13,3,Carson Kressley,percentage,23.0,False,0.12092926376560516,0.02251985204146633,0.24962982269900535,0.22710997065753902
13,3,Chaz Bono,percentage,18.0,False,0.12621075087366754,0.03490461062259334,0.3354183380852388,0.3005137274626455
13,3,Nancy Grace,percentage,21.0,False,0.10050492042263141,0.014710560431588525,0.1939864950237124,0.17927593459212388
13,3,Rob Kardashian,percentage,24.0,False,0.1104955143519721,0.02057193971331983,0.3266471912908693,0.30607525157754945
13,4,David Arquette,percentage,23.0,False,0.09108792881220616,0.014716213709385343,0.34852029496363784,0.3338040812542525
13,4,Ricki Lake,percentage,29.0,False,0.1487865163094319,0.014528553879043449,0.3624975764462288,0.34796902256718537
13,4,J.R. Martinez,percentage,26.0,False,0.08953622523006988,0.013369348650227686,0.21257774086022396,0.19920839220999628
13,4,Hope Solo,percentage,24.0,False,0.10010825350950159,0.01012885443365015,0.2859089354498436,0.27578008101619345
13,4,Chynna Phillips,percentage,21.0,True,0.012142133936470456,-0.04118755913550187,0.04631540120594425,0.08750296034144611
13,4,Carson Kressley,percentage,20.0,False,0.09988147622288399,0.01836440737704316,0.2859204608663148,0.26755605348927164
13,4,Chaz Bono,percentage,21.0,False,0.2331660204381311,0.028230577462764122,0.5370626665060719,0.5088320890433078
13,4,Nancy Grace,percentage,21.0,False,0.11359060354177254,0.028136606774381887,0.26673781385849377,0.23860120708411187
13,4,Rob Kardashian,percentage,24.0,False,0.11170084199953184,0.006570032061658779,0.27496242993142767,0.2683923978697689
13,5,David Arquette,percentage,25.0,False,0.14054732355032482,0.02454614165391396,0.3065047131205337,0.28195857146661973
13,5,Ricki Lake,percentage,24.0,False,0.1512254001497065,0.01781113615842298,0.43218890891650696,0.41437777275808396
13,5,J.R. Martinez,percentage,28.0,False,0.13787966642765936,0.013940362653162872,0.3563897521247847,0.3424493894716218
13,5,Hope Solo,percentage,24.0,False,0.12361222176037727,0.019395315316522818,0.2667547785761894,0.24735946325966657
13,5,Carson Kressley,percentage,19.0,True,0.03699582460489714,-0.007980843794464086,0.08749768913296319,0.09547853292742728
13,5,Chaz Bono,percentage,21.0,False,0.14921651347856763,0.024924902423389874,0.3134238961056173,0.2884989936822274
13,5,Nancy Grace,percentage,22.0,False,0.10397722383055368,0.025327426067380896,0.2468450765126277,0.2215176504452468
13,5,Rob Kardashian,percentage,25.0,False,0.15654582619791294,0.022589597344913545,0.2951504961426013,0.27256089879768775
13,6,David Arquette,percentage,23.0,False,0.13985543458695404,0.0104979940382185,0.30684080450590273,0.29634281046768424
13,6,Ricki Lake,percentage,29.0,False,0.11641891702001751,0.010082360017794695,0.2929889535259737,0.28290659350817904
13,6,J.R. Martinez,percentage,29.0,False,0.13439194617058636,0.02401263186379076,0.26881385574442995,0.24480122388063918
13,6,Hope Solo,percentage,20.0,False,0.214973940650509,0.044319173342713854,0.5732769632161497,0.5289577898734359
13,6,Chaz Bono,percentage,19.0,True,0.04700744414611572,-0.005295273619574201,0.10162515689230645,0.10692043051188065
13,6,Nancy Grace,percentage,24.0,False,0.15619244273916602,0.020160236248065372,0.34840859256728524,0.3282483563192199
13,6,Rob Kardashian,percentage,22.0,False,0.19115987468664988,0.02496564380495738,0.426066411371457,0.40110076756649965
13,7,David Arquette,percentage,23.5,True,0.03887571880241816,0.00020013247262674547,0.09247989503715033,0.09227976256452358
13,7,Ricki Lake,percentage,26.5,False,0.14169015756579384,0.028338948189903512,0.33119019211939593,0.3028512439294924
13,7,J.R. Martinez,percentage,24.0,False,0.2165267451465254,0.042564263651891546,0.6237441882265967,0.5811799245747051
13,7,Hope Solo,percentage,25.0,False,0.15432775300411275,0.02021322921929304,0.3968771508393344,0.37666392162004136
13,7,Nancy Grace,percentage,22.0,False,0.16502053591063554,0.043304637698824054,0.37470407564500424,0.3313994379461802
13,7,Rob Kardashian,percentage,25.5,False,0.2835590895705168,0.029671967374355727,0.4903264970664184,0.46065452969206266
13,8,Ricki Lake,percentage,26.0,False,0.3221881889591708,0.06051782495583212,0.5249292217782846,0.46441139682245247
13,8,J.R. Martinez,percentage,30.0,False,0.25194310026880207,0.03175350294294475,0.5184910735765588,0.486737570633614
13,8,Hope Solo,percentage,26.0,False,0.18330718095811765,0.036880228560638995,0.44568740505142557,0.4088071764907866
13,8,Nancy Grace,percentage,22.0,True,0.06451325834330575,0.005655419877678107,0.1525212335350393,0.14686581365736118
13,8,Rob Kardashian,percentage,25.5,False,0.1780482714706039,0.044486757451435446,0.3546945065659623,0.31020774911452687
13,9,Ricki Lake,percentage,33.4999,False,0.3833916479448205,0.15512971418531893,0.5524351407070847,0.3973054265217657
13,9,J.R. Martinez,percentage,28.0,False,0.2761492984325818,0.08208266470166073,0.5646557008083603,0.48257303610669955
13,9,Hope Solo,percentage,24.4998,True,0.11438501146100524,0.008178982148833912,0.2274525048095674,0.2192735226607335
13,9,Rob Kardashian,percentage,32.4998,False,0.22607404216159574,0.047455440296361236,0.43419152988103404,0.3867360895846728
13,10,Ricki Lake,percentage,27.9999,False,0.13294430823254622,0.009918617483327175,0.2830615486464374,0.2731429311631102
13,10,J.R. Martinez,percentage,28.1665,False,0.5878935339092449,0.379874689077315,0.828980722198414,0.44910603312109904
13,10,Rob Kardashian,percentage,28.3332,False,0.2791621578582095,0.11291926279007598,0.45189030106734657,0.3389710382772706
14,2,William Levy,percentage,25.0,False,0.09471985961271998,0.00954992262495912,0.20493735890614864,0.1953874362811895
14,2,Jack Wagner,percentage,21.0,False,0.07220590150741316,0.01124381934114242,0.16655016219454144,0.15530634285339903
14,2,Sherri Sheperd,percentage,23.0,False,0.06772246540711375,0.005538550515807852,0.16093497648733698,0.15539642597152914
14,2,Jaleel White,percentage,22.0,False,0.06360349158381617,0.0018171855842647154,0.14757300785255723,0.1457558222682925
14,2,Roshon Fegan,percentage,26.0,False,0.09522374904453722,0.003447456501591027,0.25378589475981966,0.25033843825822866
14,2,Melissa Gilbert,percentage,20.0,False,0.09839288176893847,0.011461290124162152,0.22333104318328278,0.21186975305912065
14,2,Martina Navratilova,percentage,17.0,True,0.01637556856428692,-0.02589036843794138,0.05148807893730902,0.0773784473752504
14,2,Donald Driver,percentage,24.0,False,0.06331581461919528,0.0017586132196234158,0.16918469266185468,0.16742607944223126
14,2,Gavin DeGraw,percentage,21.0,False,0.12074889698449799,0.02086819444873756,0.2523698852305765,0.23150169078183896
14,2,Gladys Knight,percentage,19.0,False,0.09650649494500611,0.01995266228427582,0.2096995337191318,0.18974687143485597
14,2,Katherine Jenkins,percentage,26.0,False,0.14378830534806897,0.00807300034902134,0.3610678173543062,0.35299481700528484
14,2,Maria Menounos,percentage,25.0,False,0.06739657061440468,0.00637266959155347,0.15884169622785907,0.1524690266363056
14,3,William Levy,percentage,28.0,False,0.06858019298745423,0.004330359921458278,0.260460199880508,0.2561298399590497
14,3,Jack Wagner,percentage,24.0,True,0.0056280555939411964,-0.040004073295431236,0.04358141127034789,0.08358548456577913
14,3,Sherri Sheperd,percentage,24.0,False,0.09454610687642594,0.0062535714438656746,0.28694513288862855,0.28069156144476287
14,3,Jaleel White,percentage,25.0,False,0.09278353644826341,0.008532620723352362,0.23428709383915344,0.22575447311580107
14,3,Roshon Fegan,percentage,25.0,False,0.16273497367534487,0.010168240473637825,0.4212305294310399,0.41106228895740204
14,3,Melissa Gilbert,percentage,24.0,False,0.12323994890487458,0.017462457716109256,0.34611515146671845,0.3286526937506092
14,3,Donald Driver,percentage,26.0,False,0.07609772098497104,0.006622402603142563,0.21861550874448651,0.21199310614134395
14,3,Gavin DeGraw,percentage,24.0,False,0.12195786298903759,0.018861518149332734,0.2737776519382448,0.2549161337889121
14,3,Gladys Knight,percentage,24.0,False,0.06971553585254966,0.009447390095709801,0.16989421715973177,0.16044682706402197
14,3,Katherine Jenkins,percentage,29.0,False,0.07796037218560566,0.007354584523068079,0.23427747786333508,0.226922893340267
14,3,Maria Menounos,percentage,27.0,False,0.10675569350153219,0.008073884975164404,0.39754369443430726,0.38946980945914284
14,4,William Levy,percentage,22.0,False,0.09799402356275089,0.01627089259747714,0.28581264672572726,0.2695417541282501
14,4,Sherri Sheperd,percentage,21.0,True,0.017591867641028734,-0.027706603687086436,0.05677792940646009,0.08448453309354653
14,4,Jaleel White,percentage,22.0,False,0.0957328289258857,0.02160248671604608,0.226068165657276,0.2044656789412299
14,4,Roshon Fegan,percentage,26.0,False,0.128222596611986,0.011673622892444621,0.3212325122886518,0.3095588893962072
14,4,Melissa Gilbert,percentage,22.0,False,0.09048130056963351,0.011958424914456587,0.2163205386142723,0.20436211369981572
14,4,Donald Driver,percentage,27.0,False,0.10813746561028567,0.019232194894180318,0.2432305870208768,0.22399839212669648
14,4,Gavin DeGraw,percentage,23.0,False,0.10670926023592373,0.021608203518362148,0.201913074290664,0.18030487077230184
14,4,Gladys Knight,percentage,20.0,False,0.1353787685304997,0.024232874161379828,0.3630297907698913,0.33879691660851147
14,4,Katherine Jenkins,percentage,24.0,False,0.12386476190234588,0.016626054495137606,0.2731313136709965,0.2565052591758589
14,4,Maria Menounos,percentage,26.0,False,0.09588712640965942,0.009019715723509937,0.2310208197734248,0.22200110404991488
14,5,William Levy,percentage,29.0,False,0.0844239621903462,0.0024589314451268565,0.17992429662437787,0.17746536517925102
14,5,Jaleel White,percentage,24.0,False,0.1579454000621557,0.02366128406593828,0.41985732963953376,0.3961960455735955
14,5,Roshon Fegan,percentage,26.0,False,0.10238306358275671,0.014312064713592712,0.3066513664336924,0.2923393017200997
14,5,Melissa Gilbert,percentage,21.0,False,0.17715628959273824,0.03317314763433041,0.42710556467527305,0.3939324170409426
14,5,Donald Driver,percentage,27.0,False,0.10060048994523961,0.008677732817968027,0.25292147785412217,0.24424374503615415
14,5,Gavin DeGraw,percentage,19.0,True,0.029159728148658103,-0.013529122235967762,0.07063492056112891,0.08416404279709667
14,5,Gladys Knight,percentage,22.0,False,0.08564799993760183,0.011280181541679138,0.18703483906636026,0.1757546575246811
14,5,Katherine Jenkins,percentage,29.0,False,0.11010193675609002,0.0064428047747400255,0.25938369942041484,0.2529408946456748
14,5,Maria Menounos,percentage,27.0,False,0.15258112978441196,0.011318073080432992,0.37892514835291163,0.36760707527247866
14,6,William Levy,percentage,36.0,False,0.08962259275428454,0.012417555167893342,0.23052265487085305,0.21810509970295971
14,6,Jaleel White,percentage,36.9998,False,0.114739925360875,0.008894847526620522,0.3008459615733594,0.2919511140467389
14,6,Roshon Fegan,percentage,27.9998,False,0.12343640551103496,0.021054948531467905,0.32008413909124767,0.2990291905597798
14,6,Melissa Gilbert,percentage,30.0,False,0.11599561185335878,0.02229068355210853,0.3127015757705299,0.2904108922184214
14,6,Donald Driver,percentage,33.9999,False,0.21052122104527315,0.03153652606035991,0.34828975041367827,0.3167532243533184
14,6,Gladys Knight,percentage,24.0,True,0.0354624432338255,0.0005953116924614157,0.08278048927116449,0.08218517757870308
14,6,Katherine Jenkins,percentage,38.9999,False,0.08753050024603101,0.009919236579047426,0.20790719249819672,0.1979879559191493
14,6,Maria Menounos,percentage,29.9999,False,0.2226912999953196,0.026219416933144425,0.4745546836448446,0.44833526671170015
14,7,William Levy,percentage,26.5,False,0.1223436223251729,0.025915751560132077,0.3334829889030589,0.3075672373429268
14,7,Jaleel White,percentage,25.5,True,0.03396132973776334,0.00038865153956047817,0.08189302575077609,0.0815043742112156
14,7,Roshon Fegan,percentage,26.0,False,0.12373531321690677,0.035390100325811115,0.28363658634943806,0.24824648602362695
14,7,Melissa Gilbert,percentage,23.5,False,0.20450254600762094,0.06767672834692451,0.4206088869883271,0.3529321586414026
14,7,Donald Driver,percentage,26.5,False,0.23913536665252255,0.043175889459393234,0.559231467821418,0.5160555783620248
14,7,Katherine Jenkins,percentage,27.0,False,0.16376628331963433,0.0271283630574168,0.4749292366488872,0.4478008735914704
14,7,Maria Menounos,percentage,28.5,False,0.11255553874038011,0.021433169880140136,0.24996255216717883,0.2285293822870387
14,8,William Levy,percentage,28.5,False,0.166040294536246,0.06363409221781162,0.32076883058111566,0.257134738363304
14,8,Roshon Fegan,percentage,28.0,True,0.05420682478800652,0.0012703604527527328,0.12842809186980883,0.1271577314170561
14,8,Melissa Gilbert,percentage,25.5,True,0.06541962526608378,0.0016447009894150072,0.13780899740990404,0.13616429642048905
14,8,Donald Driver,percentage,27.5,False,0.2986879541991586,0.08641591492969732,0.520078964564111,0.43366304963441366
14,8,Katherine Jenkins,percentage,27.5,False,0.22308676645118278,0.04836348012661318,0.578401729537956,0.5300382494113428
14,8,Maria Menounos,percentage,26.5,False,0.19255853475932533,0.08434044695011064,0.3852489551409831,0.30090850819087245
14,9,William Levy,percentage,29.0,False,0.18747093975475257,0.03406335101266501,0.6082466035276266,0.5741832525149616
14,9,Donald Driver,percentage,28.5,False,0.1879258384597448,0.04565469142676897,0.42702914817495075,0.38137445674818177
14,9,Katherine Jenkins,percentage,28.0,False,0.5741438844714968,0.19163092021746836,0.8638572462835452,0.6722263260660768
14,9,Maria Menounos,percentage,29.5,True,0.050459337314006925,0.0022277660017402078,0.1431975216174299,0.1409697556156897
14,10,William Levy,percentage,29.666600000000003,False,0.10027564809499304,0.008808083962653528,0.2513583460506935,0.24255026208803998
14,10,Donald Driver,percentage,29.666600000000003,False,0.632995922017795,0.42261695347497374,0.9052873376916521,0.4826703842166784
14,10,Katherine Jenkins,percentage,30.0,False,0.2667284298872118,0.0646939211006009,0.44785341569470144,0.38315949459410054
15,1,Gilles Marini,percentage,24.0,False,0.09608410307872468,0.0014149649155695485,0.24372356153674715,0.2423085966211776
15,1,Sabrina Bryan,percentage,22.5,False,0.07151677971734174,0.00454753600646185,0.27913265292624306,0.2745851169197812
15,1,Kirstie Alley,percentage,19.0,False,0.0736399858694103,0.0025927003751977096,0.19606624729638206,0.19347354692118435
15,1,Kelly Monaco,percentage,21.5,False,0.08744588040291087,0.009883172283295941,0.23942447293590285,0.22954130065260692
15,1,Apolo Anton Ohno,percentage,22.0,False,0.06745110144601159,0.0038032601388225157,0.16790763148627705,0.16410437134745454
15,1,Emmitt Smith,percentage,24.5,False,0.06395050645823068,0.000468712803112073,0.1614764904704969,0.16100777766738483
15,1,Shawn Johnson,percentage,22.0,False,0.07749036164271587,0.006693328559715036,0.2156460907288166,0.20895276216910158
15,1,Pamela Anderson,percentage,17.0,True,0.007007075216771844,-0.07091262032955373,0.033268856025729196,0.10418147635528292
15,1,Helio Castroneves,percentage,21.5,False,0.08391116587288572,0.0051313887259492735,0.2809260116247483,0.275794622898799
15,1,Joey Fatone,percentage,20.5,False,0.07459345845908047,0.007505288360943829,0.21233079049043102,0.2048255021294872
15,1,Drew Lachey,percentage,21.5,False,0.07850368886491917,0.0043991017358292915,0.24461859363883012,0.24021949190300082
15,1,Bristol Palin,percentage,19.5,False,0.15166355298595083,0.013984594884618414,0.36788040076801737,0.353895805883399
15,1,Melissa Rycroft,percentage,21.0,False,0.06674233998504799,0.0019785152605007843,0.19882428536259095,0.19684577010209017
15,2,Gilles Marini,percentage,25.5,False,0.07253147370300102,0.00824975318955248,0.16301801072716302,0.15476825753761053
15,2,Sabrina Bryan,percentage,26.0,False,0.0779009657958317,0.006180324501617471,0.1923658789599491,0.18618555445833163
15,2,Kirstie Alley,percentage,21.0,False,0.0853059982452926,0.02145515152148396,0.22411060104803754,0.20265544952655357
15,2,Kelly Monaco,percentage,22.0,False,0.0801327403780664,0.018560497212109547,0.19697042836660913,0.1784099311544996
15,2,Apolo Anton Ohno,percentage,24.5,False,0.1212984548555807,0.011879539524804604,0.29378432820822603,0.28190478868342145
15,2,Emmitt Smith,percentage,22.5,False,0.10644940504487076,0.023205482328812088,0.2631970893482694,0.23999160701945732
15,2,Shawn Johnson,percentage,25.0,False,0.06627543166290974,0.006550388535169677,0.22182904659864477,0.2152786580634751
15,2,Helio Castroneves,percentage,23.0,False,0.08317327401842683,0.013904165185681584,0.17299574950461086,0.15909158431892928
15,2,Joey Fatone,percentage,22.5,True,0.010290455458679338,-0.030328264773107266,0.030637624152840555,0.06096588892594782
15,2,Drew Lachey,percentage,22.5,False,0.0844009079557942,0.011445651116649143,0.21079809367923802,0.19935244256258888
15,2,Bristol Palin,percentage,18.0,False,0.11919136593977585,0.03351460453067216,0.28851598944642987,0.2550013849157577
15,2,Melissa Rycroft,percentage,23.5,False,0.09304952694177224,0.013823851794854314,0.18415055703228114,0.17032670523742682
15,3,Gilles Marini,percentage,25.5,False,0.10735412944293737,0.022794613914780493,0.2878623332513217,0.2650677193365412
15,3,Sabrina Bryan,percentage,25.5,False,0.0825636602836542,0.025729120908579414,0.18576661097678432,0.1600374900682049
15,3,Kirstie Alley,percentage,24.0,False,0.16882425841903556,0.03912182375478891,0.4155470514840709,0.376425227729282
15,3,Kelly Monaco,percentage,27.0,False,0.10156473548375339,0.023807287286595133,0.2454608602573825,0.22165357297078736
15,3,Apolo Anton Ohno,percentage,25.5,False,0.1421635178608946,0.028760805625279093,0.36342871125958015,0.33466790563430104
15,3,Emmitt Smith,percentage,25.0,False,0.08382516689704672,0.02402327814498267,0.1866405129914252,0.16261723484644253
15,3,Shawn Johnson,percentage,26.5,False,0.07803708136744676,0.027489502912708717,0.14401575428486366,0.11652625137215494
15,3,Helio Castroneves,percentage,25.5,True,0.019207719385857275,-0.006198430530420487,0.04672051986786874,0.05291895039828923
15,3,Drew Lachey,percentage,24.0,True,0.020092965891425445,-0.018588676464241203,0.049582093522779105,0.0681707699870203
15,3,Bristol Palin,percentage,22.5,False,0.09507146901644432,0.03164661935378125,0.18873356598748786,0.15708694663370662
15,3,Melissa Rycroft,percentage,27.0,False,0.10129529595150465,0.01835544238900054,0.22402073230275552,0.205665289913755
15,4,Gilles Marini,percentage,39.5,False,0.08257952184176967,0.009431912001055337,0.1759146089536652,0.16648269695260987
15,4,Sabrina Bryan,percentage,35.5,False,0.1490534249351734,0.018216653085609803,0.3219696789722147,0.30375302588660485
15,4,Kirstie Alley,percentage,30.0,False,0.15407264329212467,0.03432889385307682,0.37732612683572014,0.34299723298264334
15,4,Kelly Monaco,percentage,37.5,False,0.0811794113880624,0.008358090787222204,0.18816367662154446,0.17980558583432224
15,4,Apolo Anton Ohno,percentage,34.5,False,0.09989075624961503,0.01703809189542855,0.23705767338956465,0.2200195814941361
15,4,Emmitt Smith,percentage,36.0,False,0.2104573702963175,0.005105027904317452,0.4564913841256284,0.45138635622131096
15,4,Shawn Johnson,percentage,39.5,False,0.12501345379822598,0.010707140256525522,0.33406774833237496,0.32336060807584943
15,4,Bristol Palin,percentage,32.0,True,0.02452825785676661,-0.011041607059245236,0.06972856104197224,0.08077016810121748
15,4,Melissa Rycroft,percentage,37.0,False,0.07322516034194484,0.009358127554456905,0.18544977001297058,0.17609164245851366
15,6,Gilles Marini,percentage,27.5,False,0.15497065976966343,0.02637212464754176,0.3444843802797371,0.31811225563219536
15,6,Sabrina Bryan,percentage,30.0,True,0.02328300673095793,-0.005288815641113994,0.0686025218042576,0.0738913374453716
15,6,Kirstie Alley,percentage,27.5,False,0.11302279564793316,0.032523792726888566,0.2188644379739118,0.18634064524702323
15,6,Kelly Monaco,percentage,27.0,False,0.16533938602492387,0.03162375443803017,0.3597690594744977,0.32814530503646755
15,6,Apolo Anton Ohno,percentage,30.0,False,0.12100844739685296,0.02251327699353095,0.2500670965470211,0.22755381955349013
15,6,Emmitt Smith,percentage,26.5,False,0.10830959775510061,0.03414686682351665,0.2852805269373235,0.25113366011380683
15,6,Shawn Johnson,percentage,28.0,False,0.13625419385368448,0.036925754488823403,0.3413515742002735,0.3044258197114501
15,6,Melissa Rycroft,percentage,29.5,False,0.17781191282088293,0.025709868061750282,0.36346835375713205,0.33775848569538175
15,7,Gilles Marini,percentage,33.4998,False,0.050751366079630045,0.0009671527583761767,0.1072703870554939,0.10630323429711772
15,7,Kirstie Alley,percentage,27.9999,False,0.03716682153251643,-0.01954633769131976,0.08335035354283075,0.10289669123415052
15,7,Kelly Monaco,percentage,36.0,False,0.1588791656545359,0.0704633354672993,0.2223497528154905,0.1518864173481912
15,7,Apolo Anton Ohno,percentage,33.0,False,0.08868484215199278,0.023926818091946644,0.1612553684979484,0.13732855040600175
15,7,Emmitt Smith,percentage,34.4999,False,0.12013781675811938,0.05938992137512031,0.19311707523453553,0.13372715385941522
15,7,Shawn Johnson,percentage,37.9998,False,0.23019677337450897,0.11247060523907532,0.3532328408450539,0.2407622356059786
15,7,Melissa Rycroft,percentage,38.9999,False,0.3141832144486952,0.1883458636765834,0.4940447284906362,0.3056988648140528
15,8,Gilles Marini,percentage,29.2777,True,0.03782035852849513,0.00010698868840454748,0.0925798368967732,0.09247284820836865
15,8,Kirstie Alley,percentage,25.5,True,0.04998241048391072,0.0011830347168385637,0.1162473968033244,0.11506436208648584
15,8,Kelly Monaco,percentage,28.3333,False,0.25319576959520645,0.0627754723708681,0.4991185244321062,0.4363430520612381
15,8,Apolo Anton Ohno,percentage,29.2777,False,0.18080231443212863,0.044176840780381275,0.43951326196108487,0.3953364211807036
15,8,Emmitt Smith,percentage,29.0554,False,0.16007625298945669,0.029023867815851458,0.45960171255875865,0.43057784474290717
15,8,Shawn Johnson,percentage,27.8333,False,0.19631765248370642,0.05246543192629503,0.41133791383928886,0.3588724819129938
15,8,Melissa Rycroft,percentage,30.0,False,0.12180524148709408,0.027763501886681037,0.28904532808680933,0.2612818262001283
15,9,Kelly Monaco,percentage,27.111,False,0.307538233987112,0.1576731004851643,0.5315117675067972,0.3738386670216329
15,9,Apolo Anton Ohno,percentage,28.611,True,0.078023942331931,0.0054845763862563105,0.17822755086407338,0.17274297447781706
15,9,Emmitt Smith,percentage,27.0,True,0.09972112921104072,0.012284673947437486,0.2031487968587227,0.1908641229112852
15,9,Shawn Johnson,percentage,29.5,False,0.2588116468906587,0.09140789870116112,0.45046032995109364,0.3590524312499325
15,9,Melissa Rycroft,percentage,28.7777,False,0.2559050475792602,0.10519800914989491,0.46766348881157643,0.3624654796616815
15,10,Kelly Monaco,percentage,29.1109,False,0.14082065093447682,0.014193897380723122,0.3072674012840554,0.29307350390333226
15,10,Shawn Johnson,percentage,28.9443,False,0.29632041973932993,0.12295614144958429,0.45117461063049197,0.3282184691809077
15,10,Melissa Rycroft,percentage,29.3331,False,0.5628589293261929,0.3580638687649951,0.8169327094368145,0.45886884067181943
16,3,Ingo Rademacher,percentage,21.0,False,0.08695287377769029,0.011024739670616096,0.17196138379579087,0.16093664412517478
16,3,Zendaya,percentage,25.9998,False,0.10938616635234583,0.011377836471235213,0.31824730407253665,0.30686946760130146
16,3,Victor Ortiz,percentage,23.0,False,0.0965697584324641,0.0010372002946965955,0.29287089122853005,0.29183369093383343
16,3,Alexandra Raisman,percentage,23.0,False,0.08494772438648147,0.004228435721666528,0.20456139882435054,0.200332963102684
16,3,Jacoby Jones,percentage,25.9998,False,0.061217878788051704,-0.0027209946542782366,0.15380826608831855,0.1565292607425968
16,3,D. L. Hughley,percentage,16.0,False,0.12214551765391995,0.02180117884048795,0.2844986618807339,0.262697483040246
16,3,Andy Dick,percentage,18.0,False,0.11707117852182294,0.013918325367227542,0.2509198145432225,0.23700148917599495
16,3,Wynonna Judd,percentage,15.0,True,0.020069031683836534,-0.02623966967085124,0.05558504949112257,0.08182471916197381
16,3,Kellie Pickler,percentage,25.0,False,0.08219991819784919,0.008658958678690709,0.19087186474060766,0.18221290606191695
16,3,Lisa Vanderpump,percentage,21.0,False,0.11453284515976221,0.0071591131247378224,0.28841909567567925,0.2812599825509414
16,3,Sean Lowe,percentage,21.0,False,0.10490710704577576,0.008119282098780871,0.3084844907379301,0.30036520863914923
16,4,Ingo Rademacher,percentage,23.0,False,0.17957757451188192,0.01847557664818883,0.3312841950716712,0.31280861842348234
16,4,Zendaya,percentage,26.0,False,0.09886041566431192,0.0056140943140004645,0.3487896370686401,0.34317554275463963
16,4,Victor Ortiz,percentage,18.0,False,0.09261978119589406,0.018793133667387635,0.19372047077451857,0.17492733710713093
16,4,Alexandra Raisman,percentage,27.0,False,0.08931652363783199,0.004446276002786458,0.26540498810060525,0.2609587120978188
16,4,Jacoby Jones,percentage,24.0,False,0.11260916259517914,0.016189466804949922,0.25501821353709747,0.23882874673214755
16,4,D. L. Hughley,percentage,21.0,False,0.13466765877124057,0.02248157359142714,0.30380348996195145,0.2813219163705243
16,4,Andy Dick,percentage,21.0,False,0.08671540061682445,0.010922603849079622,0.30535767179464657,0.29443506794556695
16,4,Kellie Pickler,percentage,26.0,False,0.10592499756474523,0.007986772710990086,0.3167772429732268,0.3087904702622367
16,4,Lisa Vanderpump,percentage,18.0,True,0.02045583393711669,-0.021949072950462632,0.06259645546688009,0.08454552841734272
16,4,Sean Lowe,percentage,20.0,False,0.07925265150497263,0.0076087336215428375,0.18365354124705555,0.17604480762551272
16,5,Ingo Rademacher,percentage,21.0,False,0.11041306272458856,0.01904347418877921,0.2510788363995836,0.2320353622108044
16,5,Zendaya,percentage,29.0,False,0.10713568553434935,0.012809035775622264,0.23107605810984483,0.21826702233422257
16,5,Victor Ortiz,percentage,21.0,False,0.17568925831252377,0.02123499661833285,0.45644223395893035,0.4352072373405975
16,5,Alexandra Raisman,percentage,25.0,False,0.08658316419001502,0.00969315515863202,0.1923239067187711,0.18263075156013908
16,5,Jacoby Jones,percentage,26.0,False,0.08622073386881288,0.010713928411435042,0.28144854068552216,0.2707346122740871
16,5,D. L. Hughley,percentage,18.0,True,0.028861794348658126,-0.016255282436111348,0.07612373638295235,0.0923790188190637
16,5,Andy Dick,percentage,18.0,False,0.09725090963255197,0.030696768699389292,0.23101421102086206,0.20031744232147278
16,5,Kellie Pickler,percentage,27.0,False,0.2119274388545073,0.031657806478401905,0.3842919578777147,0.3526341513993128
16,5,Sean Lowe,percentage,24.0,False,0.09591795253399431,0.009007210015069532,0.2693374925772758,0.26033028256220625
16,6,Ingo Rademacher,percentage,23.0,False,0.12784147793101708,0.025261505910665547,0.2641078271784697,0.23884632126780414
16,6,Zendaya,percentage,25.5,False,0.09538450075188303,0.01307420858619416,0.1967776070729286,0.18370339848673445
16,6,Victor Ortiz,percentage,20.0,True,0.036412527082724855,0.004039747610050699,0.0794320975126844,0.0753923499026337
16,6,Alexandra Raisman,percentage,26.0,False,0.14233211927598885,0.02485016153228211,0.4635479369269759,0.4386977753946938
16,6,Jacoby Jones,percentage,22.5,False,0.1899066797270061,0.024387111266902906,0.4507168144033738,0.4263297031364709
16,6,Andy Dick,percentage,21.5,False,0.12983216398122774,0.027929640835320978,0.30221971314217494,0.274290072306854
16,6,Kellie Pickler,percentage,27.0,False,0.11882107023689067,0.012025173591097477,0.3222554493279105,0.31023027573681305
16,6,Sean Lowe,percentage,23.0,False,0.1594694610132604,0.028036848614286788,0.3368218343705347,0.3087849857562479
16,7,Ingo Rademacher,percentage,25.0,False,0.28487529378803483,0.03241493622676505,0.6235805906808015,0.5911656544540365
16,7,Zendaya,percentage,30.0,False,0.15702370844124275,0.012559938872290496,0.4388651222223853,0.42630518335009476
16,7,Alexandra Raisman,percentage,32.0,False,0.12486948911421111,0.008655886175621422,0.3135696424861097,0.3049137563104883
16,7,Jacoby Jones,percentage,27.0,False,0.11843965037302163,0.015297902259431926,0.35354221376607126,0.3382443115066393
16,7,Andy Dick,percentage,17.0,True,0.0500248779845146,0.0003202897421654277,0.10300685044072838,0.10268656069856295
16,7,Kellie Pickler,percentage,29.0,False,0.15756156025150117,0.012660992888332988,0.45920180001645367,0.44654080712812066
16,7,Sean Lowe,percentage,24.0,False,0.10720542004747585,0.02507758447618962,0.2659811024075987,0.24090351793140907
16,8,Ingo Rademacher,percentage,24.0,False,0.1967830152384205,0.024052851697846257,0.5968273578645256,0.5727745061666794
16,8,Zendaya,percentage,29.0,False,0.27851059763946695,0.01988655548286279,0.5963000872071148,0.576413531724252
16,8,Alexandra Raisman,percentage,28.0,False,0.12521722895666934,0.018606401680010532,0.35231222053485045,0.3337058188548399
16,8,Jacoby Jones,percentage,26.0,False,0.13486555438121048,0.02035508406414028,0.3682913077613294,0.34793622369718913
16,8,Kellie Pickler,percentage,27.5,False,0.21563064319475111,0.019687709525893844,0.5388504839599535,0.5191627744340597
16,8,Sean Lowe,percentage,21.0,True,0.04899296058948099,0.000961298309063991,0.11289221839555397,0.11193092008648997
16,9,Ingo Rademacher,percentage,25.5,True,0.05482655727066039,0.0018048682662451312,0.12245957848468952,0.1206547102184444
16,9,Zendaya,percentage,27.5,False,0.22278152169192447,0.04353939781660721,0.5338883959108707,0.49034899809426347
16,9,Alexandra Raisman,percentage,29.5,False,0.25682611828706314,0.040450567759171385,0.6370085819986384,0.5965580142394671
16,9,Jacoby Jones,percentage,29.5,False,0.21771942113547854,0.025260109638630027,0.509989708998754,0.48472959936012394
16,9,Kellie Pickler,percentage,29.0,False,0.24784638161487374,0.024508359508665405,0.6546084187283645,0.6301000592196991
16,10,Zendaya,percentage,30.0,False,0.29633344629530084,0.06659831287644805,0.5696251784657045,0.5030268655892565
16,10,Alexandra Raisman,percentage,29.0,True,0.06870723580420883,0.005114114481465634,0.1695643517809818,0.1644502372995162
16,10,Jacoby Jones,percentage,27.9999,False,0.3464740676875509,0.08030843725951552,0.8269792144959737,0.7466707772364581
16,10,Kellie Pickler,percentage,30.0,False,0.28848525021293975,0.05228678131637933,0.5598753500475526,0.5075885687311733
17,2,Valerie Harper,percentage,19.0,False,0.061185737024689484,0.013818803030547527,0.14859387663789642,0.1347750736073489
17,2,Brant Daugherty,percentage,23.0,False,0.08952286967804594,0.0008664363698040536,0.35142349818224167,0.3505570618124376
17,2,Elizabeth Berkley Lauren,percentage,25.0,False,0.09175855450155423,0.005608148631903488,0.275330796810724,0.26972264817882047
17,2,Leah Remini,percentage,24.0,False,0.08480882204660882,0.0049553954113672055,0.16089477710711278,0.15593938169574556
17,2,Corbin Bleu,percentage,26.0,False,0.06311325049731767,0.002453146256493177,0.16817894940381647,0.1657258031473233
17,2,Amber Riley,percentage,24.0,False,0.06482234513243372,0.004626974290869217,0.16245962402907183,0.1578326497382026
17,2,Keyshawn Johnson,percentage,18.0,True,0.01309763375533525,-0.030126637692614405,0.041622494417790715,0.07174913211040512
17,2,Bill Engvall,percentage,21.0,False,0.07629584239106499,0.01066729810108084,0.26802988134896993,0.2573625832478891
17,2,Christina Milian,percentage,25.0,False,0.07293146512599438,0.007142322421627944,0.23139239290232472,0.22425007048069678
17,2,"Nicole ""Snooki"" Polizzi",percentage,20.0,False,0.11733483899168341,0.015136187522619585,0.31111290754574256,0.295976720023123
17,2,Jack Osbourne,percentage,24.0,False,0.18004462799536256,0.010218824892893608,0.4317171996542377,0.4214983747613441
17,2,Bill Nye,percentage,17.0,False,0.08508401285990844,0.012426953145407642,0.23191968483131775,0.2194927316859101
17,3,Valerie Harper,percentage,16.0,False,0.08995641845886104,0.02938638303515091,0.17364485672367067,0.14425847368851977
17,3,Brant Daugherty,percentage,27.0,False,0.11445569804240231,0.007753518215470781,0.3644786391866126,0.35672512097114184
17,3,Elizabeth Berkley Lauren,percentage,25.0,False,0.07986965992360487,0.004082055546320074,0.17777222943832288,0.1736901738920028
17,3,Leah Remini,percentage,24.0,False,0.0946145408115241,0.010628472800528421,0.24184873972441345,0.23122026692388503
17,3,Corbin Bleu,percentage,26.0,False,0.1084107208356773,0.007462728509195117,0.3005390469830318,0.2930763184738367
17,3,Amber Riley,percentage,24.0,False,0.10494075234266544,0.01668967556890865,0.2115346037316822,0.19484492816277355
17,3,Bill Engvall,percentage,24.0,False,0.10835118083296418,0.004167848571126486,0.320402318483913,0.3162344699127865
17,3,Christina Milian,percentage,26.0,False,0.06340966598638667,0.0014779471706919817,0.16185581285290246,0.16037786568221046
17,3,"Nicole ""Snooki"" Polizzi",percentage,25.0,False,0.09638909426654843,0.003555553656501141,0.36002484266595297,0.35646928900945185
17,3,Jack Osbourne,percentage,22.0,False,0.11784057572246115,0.014446687257106662,0.28083373736078104,0.26638705010367436
17,3,Bill Nye,percentage,16.0,True,0.021761692776906445,-0.03396472803405735,0.06056480456350623,0.09452953259756358
17,4,Valerie Harper,percentage,18.0,True,0.027557325399626492,-0.005373208291898774,0.05984180367298891,0.06521501196488769
17,4,Brant Daugherty,percentage,21.0,False,0.14161339423423547,0.01887714437379522,0.3274031218539625,0.30852597748016725
17,4,Elizabeth Berkley Lauren,percentage,27.0,False,0.10641146721010214,0.009784679549482131,0.2834963044966282,0.27371162494714607
17,4,Leah Remini,percentage,24.0,False,0.08277267574232314,0.008872140788085986,0.18627953549500842,0.17740739470692243
17,4,Corbin Bleu,percentage,27.0,False,0.13837848302043723,0.014405494437930405,0.3852485463465647,0.3708430519086343
17,4,Amber Riley,percentage,27.0,False,0.07997006109164015,0.0027990896690586187,0.19762309077371232,0.1948240011046537
17,4,Bill Engvall,percentage,21.0,False,0.10166522569853134,0.017454834762680557,0.2411649476240703,0.22371011286138975
17,4,Christina Milian,percentage,24.0,False,0.10831542979981028,0.01916105205920965,0.26532222219062174,0.2461611701314121
17,4,"Nicole ""Snooki"" Polizzi",percentage,24.0,False,0.11497162740557881,0.014077816438236003,0.25898372238877776,0.24490590595054176
17,4,Jack Osbourne,percentage,24.0,False,0.0983443103977134,0.009486411097708928,0.255840011843668,0.24635360074595908
17,5,Brant Daugherty,percentage,27.0,False,0.1280396429673135,0.0387858636678988,0.3552147972888955,0.31642893362099667
17,5,Elizabeth Berkley Lauren,percentage,26.0,False,0.12374186781032327,0.03191237432695671,0.27837180019798535,0.24645942587102865
17,5,Leah Remini,percentage,22.0,False,0.15904240059621272,0.047780945507459587,0.3571795360075577,0.3093985905000981
17,5,Corbin Bleu,percentage,28.0,False,0.11126830664066682,0.026888096130486178,0.23762741999588946,0.21073932386540328
17,5,Amber Riley,percentage,26.0,False,0.11762575944934223,0.018636154803016274,0.37424055397067263,0.35560439916765635
17,5,Bill Engvall,percentage,24.0,False,0.09846940928788696,0.031946481288750134,0.2003374975240484,0.16839101623529826
17,5,Christina Milian,percentage,28.0,True,0.016954850275486752,-0.019458483331673982,0.05526229921236884,0.07472078254404282
17,5,"Nicole ""Snooki"" Polizzi",percentage,27.0,False,0.1486254829136731,0.029147261188702082,0.36596706386275585,0.33681980267405376
17,5,Jack Osbourne,percentage,27.0,False,0.09623228005909558,0.017425798638575043,0.22636002167124467,0.20893422303266962
17,7,Brant Daugherty,percentage,28.5,False,0.10781823168075416,0.020159101762262016,0.24772896691503088,0.22756986515276886
17,7,Elizabeth Berkley Lauren,percentage,27.0,False,0.1202173145228189,0.020690881947059033,0.25386543048012394,0.2331745485330649
17,7,Leah Remini,percentage,26.5,False,0.16631759261260995,0.023891107169814838,0.34091629239984095,0.3170251852300261
17,7,Corbin Bleu,percentage,29.5,False,0.13105521890759603,0.013770043091376324,0.3166154329611766,0.3028453898698003
17,7,Amber Riley,percentage,29.5,False,0.1295270758443809,0.018038536294152516,0.3352576561860882,0.3172191198919357
17,7,Bill Engvall,percentage,25.0,False,0.17722536473236405,0.0398630683237067,0.41345833113769226,0.3735952628139856
17,7,"Nicole ""Snooki"" Polizzi",percentage,27.0,True,0.02686132947220596,-0.009496957110620697,0.0639770196843136,0.0734739767949343
17,7,Jack Osbourne,percentage,28.5,False,0.140977872227269,0.02273936037792474,0.28625596250279883,0.2635166021248741
17,8,Brant Daugherty,percentage,27.0,True,0.032045757356043335,-0.006866708109865549,0.07463171099555474,0.08149841910542029
17,8,Elizabeth Berkley Lauren,percentage,25.0,False,0.19759153356410342,0.03648739969123908,0.4401776330541149,0.4036902333628758
17,8,Leah Remini,percentage,28.0,False,0.1998395295795431,0.050951120058161596,0.35750778402851224,0.30655666397035064
17,8,Corbin Bleu,percentage,30.0,False,0.17369876783717375,0.03559654693485343,0.31213480343363803,0.2765382564987846
17,8,Amber Riley,percentage,28.0,False,0.14066922062513404,0.027953370277584134,0.3581997002900357,0.33024633001245157
17,8,Bill Engvall,percentage,24.0,False,0.14225193553476556,0.03861228262205004,0.2775958008794587,0.23898351825740863
17,8,Jack Osbourne,percentage,30.0,False,0.11390325550323548,0.01845134012016969,0.2537353719618682,0.2352840318416985
17,9,Elizabeth Berkley Lauren,percentage,28.0,True,0.03828483375021811,0.00429030616453209,0.08498000850197032,0.08068970233743823
17,9,Leah Remini,percentage,27.0,False,0.16277180739432706,0.0440815345787706,0.32614960841496465,0.28206807383619403
17,9,Corbin Bleu,percentage,29.0,False,0.2566663363960192,0.04318916139587348,0.5755930497867597,0.5324038883908863
17,9,Amber Riley,percentage,25.5,False,0.18512073548593394,0.04950945672830462,0.41739532255579775,0.36788586582749316
17,9,Bill Engvall,percentage,21.0,False,0.16859239905783238,0.06314548940668782,0.3308307508735464,0.26768526146685856
17,9,Jack Osbourne,percentage,27.0,False,0.18856388791567086,0.04578849141255033,0.35610742775918847,0.31031893634663815
17,10,Leah Remini,percentage,32.5,True,0.06941439680560463,0.00997773386587124,0.13428827445632538,0.12431054059045414
17,10,Corbin Bleu,percentage,37.5,False,0.27683146120377417,0.06814955110392172,0.5492628160960674,0.4811132649921457
17,10,Amber Riley,percentage,39.5,False,0.2176225721702023,0.06589221519463145,0.40662777800452937,0.3407355628098979
17,10,Bill Engvall,percentage,30.0,False,0.280288202478857,0.09194270998615622,0.479594257637049,0.38765154765089277
17,10,Jack Osbourne,percentage,35.5,False,0.15584336734156273,0.04030438001542716,0.3715594500400975,0.33125507002467036
17,11,Corbin Bleu,percentage,29.6664,False,0.37661980075875895,0.08609015838916417,0.6681206566493709,0.5820304982602067
17,11,Amber Riley,percentage,31.3332,False,0.22152978240575763,0.053592569084819165,0.4306045830898647,0.3770120140050455
17,11,Bill Engvall,percentage,25.4999,True,0.09009152160428906,0.007431100876310123,0.193949615922116,0.18651851504580585
17,11,Jack Osbourne,percentage,27.9999,False,0.31175889523119277,0.06985458468501471,0.775150250073385,0.7052956653883703
18,2,Billy Dee Williams,percentage,15.0,False,0.12155648003419804,0.042159179815920565,0.2665588755080645,0.22439969569214394
18,2,Danica McKellar,percentage,24.0,False,0.07009131612969739,0.006102456761841721,0.1810402438613902,0.1749377870995485
18,2,James Maslow,percentage,25.0,False,0.08401020273056381,0.01915166386596303,0.17885651630586652,0.15970485243990348
18,2,Candace Cameron Bure,percentage,21.0,False,0.11394843275585854,0.021531335840862264,0.28013611889849654,0.2586047830576343
18,2,Sean Avery,percentage,21.0,True,0.015386945619944066,-0.016077936290075635,0.03890533848229852,0.05498327477237415
18,2,Charlie White,percentage,25.0,False,0.06156539628245517,0.0038083435723267715,0.17603195477577416,0.1722236112034474
18,2,Amy Purdy,percentage,24.0,False,0.09436409645779312,0.014609598346864629,0.21598380848789306,0.20137421014102844
18,2,Meryl Davis,percentage,25.0,False,0.09712956612957363,0.006808567364451113,0.21753694452116065,0.21072837715670953
18,2,Drew Carey,percentage,21.0,False,0.12198849783881156,0.02082558823027662,0.31174231054381674,0.2909167223135401
18,2,Cody Simpson,percentage,22.0,False,0.11690331376105219,0.028373843037067366,0.2625093382218553,0.23413549518478793
18,2,NeNe Leakes,percentage,21.0,False,0.10305575226005269,0.02543530629363805,0.25452348125020574,0.2290881749565677
18,5,Danica McKellar,percentage,39.0,False,0.09482712402590407,0.008676146171948182,0.21178117567044324,0.20310502949849507
18,5,James Maslow,percentage,40.0,False,0.11750870467671135,0.002914345923651841,0.24962731938689947,0.24671297346324764
18,5,Candace Cameron Bure,percentage,35.0,False,0.09907588163666886,0.007853362737097124,0.2560069899579901,0.24815362722089296
18,5,Charlie White,percentage,37.0,False,0.1340396393758397,0.015650958925461436,0.2943427463537238,0.2786917874282624
18,5,Amy Purdy,percentage,37.0,False,0.10287932718151799,0.012873888567062314,0.22950015743724053,0.21662626887017822
18,5,Meryl Davis,percentage,36.0,False,0.10782987706459778,0.015315995149517833,0.24536778163982925,0.2300517864903114
18,5,Drew Carey,percentage,28.0,False,0.13341035824212563,0.040130441715188446,0.32984787929916815,0.2897174375839797
18,5,Cody Simpson,percentage,34.0,True,0.018457820304887886,-0.02453654955910293,0.05450724841552893,0.07904379797463186
18,5,NeNe Leakes,percentage,36.0,False,0.1919712674917468,0.015385753789615927,0.5176812671159229,0.502295513326307
18,6,Danica McKellar,percentage,36.0,False,0.11660005954428068,0.023890628636592207,0.3083422095042874,0.28445158086769523
18,6,James Maslow,percentage,35.0,False,0.0959259847179369,0.01909349558035646,0.25969697267312736,0.2406034770927709
18,6,Candace Cameron Bure,percentage,32.0,False,0.19015150896100708,0.03272407810550244,0.426891637683574,0.3941675595780716
18,6,Charlie White,percentage,36.0,False,0.17058559599352482,0.01801656538442301,0.4603098119217536,0.44229324653733054
18,6,Amy Purdy,percentage,38.0,False,0.11394780131910182,0.014366287707910007,0.2682722481300762,0.25390596042216623
18,6,Meryl Davis,percentage,40.0,False,0.14522770171600174,0.009647580761949645,0.40694091867508986,0.3972933379131402
18,6,Drew Carey,percentage,32.0,True,0.02507770450421903,-0.012126538687864386,0.06093806198054702,0.0730646006684114
18,6,NeNe Leakes,percentage,33.0,False,0.14248364324392662,0.024902893127450552,0.41461382234993294,0.3897109292224824
18,7,Danica McKellar,percentage,36.0,False,0.27040388258212655,0.03918104416211287,0.5399444435029137,0.5007633993408008
18,7,James Maslow,percentage,35.0,False,0.13823238392509915,0.027900830066251762,0.281828683539036,0.25392785347278424
18,7,Candace Cameron Bure,percentage,37.0,False,0.12686723986350062,0.022005894501691818,0.33176888284251393,0.3097629883408221
18,7,Charlie White,percentage,35.5,False,0.10729783316628404,0.021780394608181455,0.22165736695101196,0.1998769723428305
18,7,Amy Purdy,percentage,37.5,False,0.13115716412662676,0.009851151865386175,0.31370908961561744,0.3038579377502313
18,7,Meryl Davis,percentage,39.0,False,0.19054591130103055,0.025553607141472374,0.4856818668518124,0.46012825971034005
18,7,NeNe Leakes,percentage,33.0,True,0.03549558503533128,0.0014232515235769979,0.08747362420016276,0.08605037267658576
18,8,Danica McKellar,percentage,38.0,True,0.036789604228444656,0.002358590442938631,0.09005416898005564,0.08769557853711701
18,8,James Maslow,percentage,36.0,False,0.19989153322818998,0.05585378176101107,0.4548652036220226,0.3990114218610115
18,8,Candace Cameron Bure,percentage,36.0,False,0.19711573849322064,0.034802652706718284,0.4311309738896991,0.39632832118298084
18,8,Charlie White,percentage,40.0,False,0.1455423967294005,0.036956743191053174,0.37909900029775173,0.34214225710669854
18,8,Amy Purdy,percentage,40.0,False,0.2888400892944938,0.06236416516766893,0.5251468146013984,0.46278264943372954
18,8,Meryl Davis,percentage,36.0,False,0.13182063802624983,0.040987209335856985,0.28845322390234607,0.2474660145664891
18,9,James Maslow,percentage,38.0,False,0.16409017125928096,0.04491559716242847,0.4389343066997668,0.3940187095373383
18,9,Candace Cameron Bure,percentage,36.0,False,0.3253704577496661,0.06170369655881395,0.6689545121682731,0.6072508156094591
18,9,Charlie White,percentage,38.0,True,0.05077615595277918,0.0030225483522660426,0.1336680489010119,0.13064550054874585
18,9,Amy Purdy,percentage,39.0,False,0.20420394012782267,0.05399711457575097,0.436912169328994,0.38291505475324306
18,9,Meryl Davis,percentage,40.0,False,0.25555927491045266,0.042875854416948356,0.5088706415740432,0.4659947871570948
18,10,James Maslow,percentage,29.0,True,0.07888904437470479,0.005986942967352393,0.19547472961615803,0.18948778664880564
18,10,Candace Cameron Bure,percentage,25.9998,False,0.3441399733391237,0.08743534288106065,0.7833607869340325,0.6959254440529719
18,10,Amy Purdy,percentage,29.666600000000003,False,0.2533770152205087,0.045795665068961405,0.5981461665991553,0.5523505015301939
18,10,Meryl Davis,percentage,30.0,False,0.3235939670656598,0.09006421056789032,0.6625060827523513,0.5724418721844611
19,1,Antonio Sabato Jr.,percentage,25.0,False,0.06397336403558418,0.013177078069101327,0.15729458569117605,0.14411750762207473
19,1,Jonathan Bennett,percentage,30.0,False,0.08623226092722287,0.0013804273376771745,0.22920307872739226,0.22782265138971508
19,1,Lea Thompson,percentage,32.0,False,0.08976899382255245,0.008691945095605943,0.21121891478452365,0.2025269696889177
19,1,Janel Parrish,percentage,29.0,False,0.08688928210373144,0.01562883712052105,0.20276281420056083,0.1871339770800398
19,1,Alfonso Ribeiro,percentage,36.0,False,0.0714416775582109,0.002978034798227544,0.20881860649986977,0.20584057170164222
19,1,Lolo Jones,percentage,22.0,True,0.012949561043491474,-0.034995623164211336,0.041309750760024695,0.07630537392423603
19,1,Randy Couture,percentage,31.0,False,0.07286597669137544,0.0048349807881986236,0.19202350068272928,0.18718851989453064
19,1,Tommy Chong,percentage,27.0,False,0.1456845695700782,0.018091984226959214,0.3998875611828684,0.38179557695590916
19,1,Betsey Johnson,percentage,20.0,False,0.06202529590761243,0.021399654848697536,0.13762987954407518,0.11623022469537765
19,1,Michael Waltrip,percentage,25.0,False,0.08633436045763385,0.007232537567603383,0.2563224736586414,0.24908993609103802
19,1,Tavis Smiley,percentage,29.0,False,0.06807873946593969,0.005735084491997743,0.15144065150636646,0.1457055670143687
19,1,Bethany Mota,percentage,32.0,False,0.06128163509725135,0.0005033189432476076,0.16730621868245682,0.1668028997392092
19,1,Sadie Robertson,percentage,34.0,False,0.0924742833193182,0.0009535038297302095,0.252024700574419,0.2510711967446888
19,2,Antonio Sabato Jr.,percentage,31.0,False,0.07530506275278326,0.005573521329819479,0.15014996482437895,0.14457644349455948
19,2,Jonathan Bennett,percentage,30.0,False,0.1061621784138726,0.013261841789599056,0.2639683764938394,0.25070653470424037
19,2,Lea Thompson,percentage,35.0,False,0.05958777579136845,0.0018415777326141192,0.1656370292151043,0.16379545148249017
19,2,Janel Parrish,percentage,34.0,False,0.0964904247513746,0.013411860125187573,0.2219644907719603,0.2085526306467727
19,2,Alfonso Ribeiro,percentage,32.0,False,0.10593472853835,0.012813745132186215,0.25294682592761675,0.24013308079543053
19,2,Randy Couture,percentage,28.0,False,0.09022859628518609,0.015737989440132827,0.21046453716709815,0.19472654772696532
19,2,Tommy Chong,percentage,28.0,False,0.09267512540399313,0.015219524301460882,0.21681956761052937,0.2016000433090685
19,2,Betsey Johnson,percentage,28.0,False,0.09313328336241494,0.011799756300061352,0.22471724629650364,0.21291748999644228
19,2,Michael Waltrip,percentage,24.0,False,0.10385522846911079,0.022596755447097064,0.2073963405419013,0.1847995850948042
19,2,Tavis Smiley,percentage,28.0,True,0.010633191178831778,-0.03039326877723564,0.04451432384535597,0.07490759262259161
19,2,Bethany Mota,percentage,33.0,False,0.0916866293073226,0.008076705947066349,0.2875217022644689,0.27944499631740255
19,2,Sadie Robertson,percentage,31.0,False,0.0743077757453925,0.008252173984792971,0.15845796673610066,0.1502057927513077
19,3,Antonio Sabato Jr.,percentage,29.0,False,0.07793598535947288,0.012302968556833624,0.2270026724422699,0.21469970388543627
19,3,Jonathan Bennett,percentage,32.0,False,0.07863414910491275,0.005467666206044795,0.1846370527109289,0.1791693865048841
19,3,Lea Thompson,percentage,31.0,False,0.06845161031026029,-0.0004578718553516991,0.16098991355465347,0.16144778541000518
19,3,Janel Parrish,percentage,40.0,False,0.09041346241690554,-0.003397816246579392,0.23257642992933628,0.23597424617591567
19,3,Alfonso Ribeiro,percentage,32.0,False,0.09318417526667937,0.010763043466761622,0.19961509989885975,0.18885205643209813
19,3,Randy Couture,percentage,26.0,True,0.013653643173537434,-0.03625587184553738,0.05135981271492107,0.08761568456045846
19,3,Tommy Chong,percentage,34.0,False,0.06888042493364278,0.003296500700091465,0.15413723475534505,0.15084073405525358
19,3,Betsey Johnson,percentage,29.0,False,0.09747403220163814,0.009611977955565558,0.2648619828667087,0.25525000491114314
19,3,Michael Waltrip,percentage,28.0,False,0.08977947517448898,0.006822832747178497,0.20812876242596912,0.20130592967879063
19,3,Bethany Mota,percentage,40.0,False,0.15475059698202168,0.011599209387992384,0.3472539879365944,0.33565477854860204
19,3,Sadie Robertson,percentage,32.0,False,0.166842445076441,0.029874250721167703,0.3433538902171117,0.313479639495944
19,4,Antonio Sabato Jr.,percentage,29.0,False,0.11221052219120589,0.026546605457410298,0.27218254728004315,0.24563594182263285
19,4,Jonathan Bennett,percentage,24.0,False,0.1885991987028701,0.027623809523996762,0.5223754123688958,0.49475160284489905
19,4,Lea Thompson,percentage,39.0,False,0.09298261370183517,0.006922264819642955,0.28146028488541364,0.27453802006577066
19,4,Janel Parrish,percentage,36.0,False,0.11719753249764622,0.007884913849976381,0.26239066992925,0.2545057560792736
19,4,Alfonso Ribeiro,percentage,40.0,False,0.15228337775422074,0.005875918460522432,0.38816168451027344,0.382285766049751
19,4,Tommy Chong,percentage,28.0,False,0.09911889248384675,0.012905433965380802,0.22969181869155397,0.21678638472617318
19,4,Betsey Johnson,percentage,29.0,True,0.011583850147415945,-0.035531993728242395,0.04913516530782343,0.08466715903606582
19,4,Michael Waltrip,percentage,25.0,False,0.10539801827322015,0.027621290886660568,0.2480789462985585,0.22045765541189793
19,4,Bethany Mota,percentage,33.0,False,0.06540017011065753,0.007015215775354348,0.1582289361213263,0.15121372034597194
19,4,Sadie Robertson,percentage,37.0,False,0.05522582413708145,0.0033974364089529377,0.15997400259746297,0.15657656618851004
19,6,Antonio Sabato Jr.,percentage,28.0,False,0.12101087208420772,0.03443012587842101,0.2624637958028942,0.2280336699244732
19,6,Jonathan Bennett,percentage,32.0,True,0.018984432935200198,-0.01869847643927392,0.045659090703473584,0.06435756714274751
19,6,Lea Thompson,percentage,32.0,False,0.14872144528574321,0.02358682781397524,0.3475075205466459,0.32392069273267066
19,6,Janel Parrish,percentage,33.0,False,0.11548998726246609,0.022493102203096107,0.3221203710776891,0.299627268874593
19,6,Alfonso Ribeiro,percentage,39.0,False,0.0916036122224296,0.006382465156329814,0.26429334270513855,0.2579108775488087
19,6,Tommy Chong,percentage,28.0,False,0.13479195007052497,0.03819259498439938,0.3575330860597215,0.31934049107532214
19,6,Michael Waltrip,percentage,30.0,False,0.14692787481261244,0.03420413322012541,0.29456718520266995,0.26036305198254456
19,6,Bethany Mota,percentage,36.0,False,0.12513745087256078,0.017804541365129226,0.38956100771727176,0.37175646635214254
19,6,Sadie Robertson,percentage,35.0,False,0.09733237445425329,0.013209573995197288,0.21664137682468532,0.20343180282948803
19,7,Antonio Sabato Jr.,percentage,29.5,True,0.022577555381098277,-0.02111108801371119,0.06976504572307009,0.09087613373678127
19,7,Lea Thompson,percentage,35.0,False,0.1089632216876631,0.012799550688181699,0.2516470893699947,0.238847538681813
19,7,Janel Parrish,percentage,33.5,False,0.12346608114675574,0.01578667279634937,0.2707677101552755,0.25498103735892613
19,7,Alfonso Ribeiro,percentage,34.0,False,0.13052984105322107,0.009016634477711453,0.35860351583096234,0.3495868813532509
19,7,Tommy Chong,percentage,30.0,False,0.12830945159738094,0.028350017332993388,0.30858152613357803,0.28023150880058467
19,7,Michael Waltrip,percentage,28.0,False,0.18297749793206441,0.034031788834938737,0.39627589041775746,0.3622441015828187
19,7,Bethany Mota,percentage,37.5,False,0.09350047470153316,0.005943295499535019,0.2353802630800301,0.2294369675804951
19,7,Sadie Robertson,percentage,31.0,False,0.20967587650028152,0.021259230672139147,0.4622354774687526,0.44097624679661346
19,8,Lea Thompson,percentage,32.0,False,0.14897716947120218,0.021451676345308694,0.3689317453476628,0.3474800690023541
19,8,Janel Parrish,percentage,43.0,False,0.1410190920635376,0.021364423643058753,0.34405824849677813,0.3226938248537194
19,8,Alfonso Ribeiro,percentage,41.0,False,0.11631873568010125,0.010422330833380747,0.2457956560236873,0.23537332519030657
19,8,Tommy Chong,percentage,29.0,False,0.23383830665632946,0.04431952888136116,0.44867758914570927,0.4043580602643481
19,8,Michael Waltrip,percentage,25.0,True,0.05467149077134721,0.004511964089002946,0.11491119182734996,0.11039922773834701
19,8,Bethany Mota,percentage,40.0,False,0.12629304383910483,0.00982543929912967,0.3001991599454951,0.29037372064636546
19,8,Sadie Robertson,percentage,38.0,False,0.17888216151837755,0.01943520233585879,0.4091828847647217,0.38974768242886293
19,9,Lea Thompson,percentage,35.0,True,0.03703537869757861,0.0012768302478715597,0.0939163978341108,0.09263956758623924
19,9,Janel Parrish,percentage,38.5,False,0.2653864199239882,0.031916507874219804,0.559374015142345,0.5274575072681251
19,9,Alfonso Ribeiro,percentage,38.5,False,0.14044877797739785,0.028670729109309,0.5576414058328105,0.5289706767235015
19,9,Tommy Chong,percentage,28.5,False,0.16219387395215465,0.050779339214274376,0.49644819443879706,0.4456688552245227
19,9,Bethany Mota,percentage,37.0,False,0.11483180651560305,0.020224589614550637,0.26197779835121243,0.24175320873666178
19,9,Sadie Robertson,percentage,36.5,False,0.28010374293327833,0.04354357659175888,0.6892339708055778,0.6456903942138189
19,10,Janel Parrish,percentage,39.0,False,0.15910090700164242,0.011740638972239427,0.38448058476611685,0.3727399457938774
19,10,Alfonso Ribeiro,percentage,37.5,False,0.30948592155161064,0.05475928161347093,0.5639717011663252,0.5092124195528543
19,10,Tommy Chong,percentage,31.0,True,0.06501661051250275,0.005027484746010524,0.17044586668973352,0.165418381943723
19,10,Bethany Mota,percentage,38.0,False,0.290046752964352,0.06921588006794441,0.6988832147597333,0.6296673346917888
19,10,Sadie Robertson,percentage,37.0,False,0.17634980796989308,0.03821088718052443,0.449301187512936,0.41109030033241156
19,11,Janel Parrish,percentage,38.99980000000001,False,0.24038749426371714,0.03992105512777325,0.5499788543108789,0.5100577991831057
19,11,Alfonso Ribeiro,percentage,40.0,False,0.21094489868380634,0.04220809811802925,0.46897067522167907,0.42676257710364984
19,11,Bethany Mota,percentage,38.0,True,0.0737779894497538,0.006524351681340842,0.18453052510235143,0.1780061734210106
19,11,Sadie Robertson,percentage,39.333200000000005,False,0.4748896176027212,0.10908190836728295,0.8550826605232321,0.7460007521559492
20,2,Suzanne Somers,percentage,28.0,False,0.08541424112775695,0.010117902793953179,0.19437386533303744,0.18425596253908427
20,2,Willow Shields,percentage,32.0,False,0.08150058449807793,0.007702391701813756,0.24482063268658505,0.2371182409847713
20,2,Riker Lynch,percentage,32.0,False,0.09042555839837588,0.015917052927147478,0.2091928888400131,0.19327583591286562
20,2,Rumer Willis,percentage,32.0,False,0.08237790477180372,0.016079832419177095,0.19740873323578567,0.18132890081660857
20,2,Nastia Liukin,percentage,34.0,False,0.07832956483451561,0.005493234793512096,0.28532170416528946,0.27982846937177736
20,2,Michael Sam,percentage,28.0,False,0.09589187302140782,0.007890526494116522,0.19341464414344622,0.1855241176493297
20,2,Robert Herjavec,percentage,28.0,False,0.09520946035063779,0.021823218977980875,0.22907893553963288,0.207255716561652
20,2,Charlotte McKinney,percentage,26.0,False,0.1199812688717042,0.019139968435301448,0.27170178676808876,0.2525618183327873
20,2,Noah Galloway,percentage,27.0,False,0.11597672401670814,0.013059319964274174,0.35828132412661595,0.3452220041623418
20,2,Redfoo,percentage,31.0,True,0.003773238635284294,-0.03092340643386824,0.03316898117761839,0.06409238761148664
20,2,Patti LaBelle,percentage,28.0,False,0.07267818321955424,0.009758859318534045,0.173732678342248,0.16397381902371397
20,2,Chris Soules,percentage,21.0,False,0.07844139825417185,0.013490843907107763,0.15256818811568,0.13907734420857223
20,3,Suzanne Somers,percentage,25.0,False,0.09488068670464839,0.014852124783444708,0.2008680520151584,0.18601592723171367
20,3,Willow Shields,percentage,32.0,False,0.10484182912902505,0.01050459788634344,0.2837367420145559,0.27323214412821245
20,3,Riker Lynch,percentage,34.0,False,0.12423795896110318,0.0171881744208102,0.3100527467275019,0.29286457230669166
20,3,Rumer Willis,percentage,33.0,False,0.08070572263029127,0.0017141788473125155,0.23755725107025757,0.23584307222294507
20,3,Nastia Liukin,percentage,34.0,False,0.09438769442571551,0.01023343666360399,0.2638507444959565,0.25361730783235253
20,3,Michael Sam,percentage,24.0,False,0.09798223488503784,0.009610600972893091,0.24582457572203523,0.23621397474914213
20,3,Robert Herjavec,percentage,29.0,False,0.07633709995261795,0.00849731225424459,0.19471446546339732,0.18621715320915272
20,3,Charlotte McKinney,percentage,22.0,True,0.013183810348594045,-0.04811745671830478,0.05432991489237163,0.10244737161067641
20,3,Noah Galloway,percentage,30.0,False,0.10667884559570313,0.003107670133221746,0.38969418299420083,0.3865865128609791
20,3,Patti LaBelle,percentage,22.0,False,0.0924184830038335,0.01139932661603851,0.2338303302505954,0.2224310036345569
20,3,Chris Soules,percentage,28.0,False,0.11434563436343129,0.007767861243884799,0.27306726473611953,0.26529940349223474
20,4,Suzanne Somers,percentage,28.0,False,0.1062867539958737,0.017667157841929126,0.25979334733670656,0.24212618949477743
20,4,Willow Shields,percentage,39.0,False,0.08147873966692046,0.003154926703769985,0.26891548450784214,0.26576055780407215
20,4,Riker Lynch,percentage,34.0,False,0.09142997930503842,0.01923182162882167,0.18314178633487696,0.1639099647060553
20,4,Rumer Willis,percentage,35.0,False,0.09685143643948868,0.019873537592180558,0.22901152577662426,0.2091379881844437
20,4,Nastia Liukin,percentage,36.0,False,0.13054713287416894,0.01619804385632417,0.25799539364171964,0.24179734978539547
20,4,Michael Sam,percentage,30.0,True,0.01594756696412444,-0.027182196675644595,0.04102829799252357,0.06821049466816817
20,4,Robert Herjavec,percentage,34.0,False,0.13314704223869153,0.024658354769860225,0.2700799840059691,0.24542162923610888
20,4,Noah Galloway,percentage,32.0,False,0.07460546230576934,0.012242926860559044,0.21643499120604937,0.2041920643454903
20,4,Patti LaBelle,percentage,30.0,False,0.12190969517463598,0.033565281910726774,0.25714103510683695,0.22357575319611017
20,4,Chris Soules,percentage,27.0,False,0.14779619103528713,0.030876031612918728,0.349063395090698,0.31818736347777926
20,5,Suzanne Somers,percentage,28.0,True,0.02149028128539916,-0.027909510015325684,0.06643287346667184,0.09434238348199753
20,5,Willow Shields,percentage,34.0,False,0.23259632301031388,0.04645531416222735,0.5902551604514227,0.5437998462891953
20,5,Riker Lynch,percentage,38.0,False,0.08153358022841266,0.006573073946173896,0.252322078520507,0.24574900457433307
20,5,Rumer Willis,percentage,39.0,False,0.0793655712549502,0.006421322711427483,0.16883344761714272,0.16241212490571524
20,5,Nastia Liukin,percentage,38.0,False,0.09586693873462082,0.0027559232263068383,0.2443594990601088,0.24160357583380196
20,5,Robert Herjavec,percentage,24.0,False,0.1196456928926303,0.04130813722739214,0.21676289855628544,0.17545476132889332
20,5,Noah Galloway,percentage,28.0,False,0.10321678066889485,0.023162711621187024,0.27163484173509744,0.24847213011391042
20,5,Patti LaBelle,percentage,27.0,False,0.1420111319919972,0.029451545693559927,0.3616291945226536,0.3321776488290936
20,5,Chris Soules,percentage,27.0,False,0.12427369993278142,0.032880639176266754,0.3036268534421166,0.2707462142658498
20,6,Willow Shields,percentage,36.5,False,0.14446070491616284,0.020220139546746847,0.3424452581242336,0.32222511857748676
20,6,Riker Lynch,percentage,38.0,False,0.15419691953138762,0.025358946274236106,0.3160199920389798,0.29066104576474366
20,6,Rumer Willis,percentage,35.5,False,0.11855430551269477,0.019413419860635557,0.26148922808253755,0.242075808221902
20,6,Nastia Liukin,percentage,36.5,False,0.15301678602167007,0.03463808420176094,0.2868040344163872,0.25216595021462623
20,6,Robert Herjavec,percentage,33.5,False,0.11756464428803488,0.02458624186092049,0.22003929275222833,0.19545305089130785
20,6,Noah Galloway,percentage,34.0,False,0.14083669683007488,0.03739512079846022,0.23820081657659514,0.20080569577813492
20,6,Patti LaBelle,percentage,34.0,True,0.030679382695618106,-0.014926865576198968,0.0860117452988451,0.10093861087504408
20,6,Chris Soules,percentage,35.0,False,0.1406905602043572,0.04203669602505027,0.35353779797663093,0.31150110195158065
20,7,Willow Shields,percentage,39.0,True,0.027365861746928753,0.0012014419576428868,0.06942771807010047,0.06822627611245757
20,7,Riker Lynch,percentage,37.0,False,0.13293446339062415,0.03088530964727535,0.3052455971320816,0.27436028748480623
20,7,Rumer Willis,percentage,37.0,False,0.15006809731705154,0.028279753891484977,0.3012743868366937,0.27299463294520876
20,7,Nastia Liukin,percentage,41.0,False,0.25163323952423283,0.08292345645525236,0.4846659737731661,0.40174251731791377
20,7,Robert Herjavec,percentage,31.0,False,0.173681122284788,0.0510751574519853,0.3284220903024737,0.2773469328504884
20,7,Noah Galloway,percentage,38.0,False,0.1316216299374477,0.026284038816394892,0.28779385442376637,0.26150981560737147
20,7,Chris Soules,percentage,31.0,False,0.13269558579892637,0.054009060312293765,0.3124409038091509,0.25843184349685716
20,8,Riker Lynch,percentage,39.0,False,0.3173098003587191,0.0687272809486685,0.5617534448349512,0.4930261638862826
20,8,Rumer Willis,percentage,40.0,False,0.18203627781375437,0.045123905993706935,0.40466517041395644,0.35954126442024953
20,8,Nastia Liukin,percentage,38.0,False,0.14713117439628062,0.039889855334448304,0.33571168942608354,0.2958218340916352
20,8,Robert Herjavec,percentage,31.0,True,0.05595429460292692,0.0025308966752149433,0.12316575976467903,0.12063486308946408
20,8,Noah Galloway,percentage,31.5,False,0.2427978040884662,0.05821541192606365,0.4627372039067547,0.40452179198069105
20,8,Chris Soules,percentage,32.0,True,0.05477064873985181,0.003127775094773126,0.11758178044089446,0.11445400534612132
20,9,Riker Lynch,percentage,40.0,False,0.4165295197393324,0.17828103382937138,0.6349508363044132,0.4566698024750418
20,9,Rumer Willis,percentage,39.0,False,0.22842857219677104,0.09421678011429775,0.40384456151741605,0.3096277814031183
20,9,Nastia Liukin,percentage,40.0,True,0.07694813550135761,0.006193918205882734,0.16821173696259772,0.162017818756715
20,9,Noah Galloway,percentage,38.0,False,0.2780937725625369,0.09844309051806037,0.5163102776247412,0.41786718710668086
20,10,Riker Lynch,percentage,40.0,False,0.23997740799343537,0.036282667158996564,0.41373144062855927,0.3774487734695627
20,10,Rumer Willis,percentage,40.0,False,0.6178410028064337,0.37772177676385565,0.9329306444861065,0.5552088677222509
20,10,Noah Galloway,percentage,36.0,False,0.14218158920013008,0.012848383789245804,0.3056151691877204,0.2927667853984746
21,2,Gary Busey,percentage,16.5,False,0.08037196586875914,0.029224411139728013,0.18211089024267899,0.15288647910295097
21,2,Alexa PenaVega,percentage,23.0,False,0.1024575247775901,0.005661936387351799,0.2994967985735768,0.293834862186225
21,2,Carlos PenaVega,percentage,22.5,False,0.08767388608445617,0.013171026031508784,0.22722551634072657,0.2140544903092178
21,2,Victor Espinoza,percentage,18.5,True,0.016065186144538515,-0.023500577497487858,0.04232900953179412,0.06582958702928199
21,2,Alek Skarlatos,percentage,22.5,False,0.07963658617253697,0.007104137306546507,0.179102308319553,0.17199817101300652
21,2,Chaka Khan,percentage,15.0,True,0.01983056368146544,-0.01952055139269173,0.050366332383776566,0.06988688377646829
21,2,Andy Grammer,percentage,22.0,False,0.05821314934069605,0.014749519318829576,0.11998061956794392,0.10523110024911435
21,2,Tamar Braxton,percentage,24.5,False,0.09822351523174934,0.009063579400344563,0.24920879607184107,0.24014521667149652
21,2,Nick Carter,percentage,22.5,False,0.07350319569258092,0.008662644905889905,0.2302060898761832,0.2215434449702933
21,2,Hayes Grier,percentage,22.5,False,0.11334569897042723,0.014715455806988626,0.27975667271969584,0.2650412169127072
21,2,Bindi Irwin,percentage,24.0,False,0.07637634384777114,0.007266471038750045,0.2129647958096178,0.20569832477086775
21,2,Kim Zolciak-Biermann,percentage,18.5,False,0.1025816296047538,0.023534999083338025,0.2661872498703375,0.24265225078699945
21,2,Paula Deen,percentage,18.5,False,0.09172075458267377,0.024118172689186007,0.22058586759488147,0.19646769490569546
21,4,Gary Busey,percentage,16.0,True,0.028240349253142685,-0.016783219621577396,0.07097404042022737,0.08775726004180476
21,4,Alexa PenaVega,percentage,21.0,False,0.1484071430811718,0.012857123528096561,0.4155896922628559,0.4027325687347594
21,4,Carlos PenaVega,percentage,25.0,False,0.10700343115253823,0.0026591331263622993,0.2929565819694521,0.29029744884308983
21,4,Alek Skarlatos,percentage,24.0,False,0.10362505447111389,0.02179268351656795,0.22054235220892035,0.1987496686923524
21,4,Andy Grammer,percentage,23.0,False,0.07940852499227141,0.007651040600618671,0.1828761711012373,0.17522513050061864
21,4,Tamar Braxton,percentage,27.0,False,0.08086988122741817,0.003033488078300773,0.1867294729882446,0.18369598490994382
21,4,Nick Carter,percentage,27.0,False,0.08274072627171614,-0.0031838821189097144,0.20244396057638825,0.20562784269529796
21,4,Hayes Grier,percentage,27.0,False,0.16192862528058746,0.009236145090542727,0.4131247990924126,0.4038886540018699
21,4,Bindi Irwin,percentage,28.0,False,0.08344953252683515,0.005611173534650064,0.18136874169114917,0.1757575681564991
21,4,Paula Deen,percentage,18.0,False,0.12432673174320731,0.01809368870871799,0.2941026220057875,0.27600893329706955
21,6,Alexa PenaVega,percentage,30.0,False,0.08660255811617665,0.009115624802489723,0.24673123985158096,0.23761561504909123
21,6,Carlos PenaVega,percentage,38.0,False,0.11534268563685053,0.009651321408890681,0.2480275574491194,0.2383762360402287
21,6,Alek Skarlatos,percentage,30.0,False,0.2741139619099861,0.02887089855373121,0.5889628384394605,0.5600919398857293
21,6,Andy Grammer,percentage,40.0,False,0.07879671819135287,0.005964302796277299,0.23181285736104298,0.22584855456476569
21,6,Tamar Braxton,percentage,40.0,False,0.12747900785286442,0.0005708879207051987,0.44785608040052494,0.44728519247981974
21,6,Nick Carter,percentage,39.0,False,0.08066033420219096,0.0029987472545365754,0.18915400246647543,0.18615525521193885
21,6,Hayes Grier,percentage,32.0,False,0.10134905132365847,0.009448421886811956,0.2677995187712718,0.25835109688445984
21,6,Bindi Irwin,percentage,40.0,False,0.10211647673687493,0.005266471351724339,0.26708208294123564,0.2618156115895113
21,6,Paula Deen,percentage,24.0,True,0.033539206030044864,0.0011565749892511329,0.07761198231801278,0.07645540732876165
21,7,Alexa PenaVega,percentage,27.5,False,0.26365188930374595,0.03724736152000656,0.4768707410404037,0.43962337952039715
21,7,Carlos PenaVega,percentage,28.0,False,0.11631871105539739,0.02656734540151395,0.25371878876878773,0.22715144336727378
21,7,Alek Skarlatos,percentage,26.5,False,0.15563004662251087,0.03590595194200305,0.5500864904244263,0.5141805384824232
21,7,Andy Grammer,percentage,28.0,False,0.09343464342236237,0.01775834019007101,0.22139731953030645,0.20363897934023545
21,7,Tamar Braxton,percentage,27.0,False,0.1334120383034292,0.0322037374349348,0.3128460621975278,0.280642324762593
21,7,Nick Carter,percentage,27.0,False,0.11640997873867494,0.034626501466393275,0.26215004605765885,0.22752354459126556
21,7,Hayes Grier,percentage,28.0,True,0.024728977960711128,0.0001196082859700881,0.06340698647783136,0.06328737819186127
21,7,Bindi Irwin,percentage,29.0,False,0.0964137145931694,0.020325621182549058,0.19799056069111678,0.17766493950856774
21,8,Alexa PenaVega,percentage,26.9998,False,0.15903284961753897,0.016382530619038743,0.4406644607187672,0.4242819300997285
21,8,Carlos PenaVega,percentage,28.9998,False,0.17642702718345782,0.02683547892852051,0.42653323239432844,0.39969775346580794
21,8,Alek Skarlatos,percentage,25.0,False,0.19855020057162803,0.04504100745773775,0.4784895777207895,0.4334485702630517
21,8,Andy Grammer,percentage,23.9998,True,0.04068732594744068,0.0021773021522686654,0.09821700636982185,0.09603970421755319
21,8,Tamar Braxton,percentage,28.0,False,0.13526987751440409,0.02557244212306649,0.3075743429232645,0.28200190080019805
21,8,Nick Carter,percentage,33.0,False,0.1474619321277012,0.009836298656637881,0.3619941972872751,0.35215789863063723
21,8,Bindi Irwin,percentage,28.0,False,0.1425707870378291,0.02805210426404055,0.357856194324393,0.32980409006035244
21,9,Alexa PenaVega,percentage,30.0,True,0.03716480429006127,0.003142436639417769,0.08886118353960833,0.08571874690019056
21,9,Carlos PenaVega,percentage,27.0,False,0.16537051506915237,0.047911506975472785,0.34676067099573005,0.29884916402025724
21,9,Alek Skarlatos,percentage,25.5,False,0.25691778227342305,0.0725531884151558,0.49630271075836563,0.42374952234320984
21,9,Tamar Braxton,percentage,24.5,False,0.18958652596326128,0.07500205145684175,0.363373031939592,0.2883709804827502
21,9,Nick Carter,percentage,27.5,False,0.17966453387755577,0.050376791313423416,0.40136297933582,0.35098618802239656
21,9,Bindi Irwin,percentage,30.0,False,0.17129583852654554,0.04368254826001966,0.32670351115960095,0.2830209628995813
21,10,Carlos PenaVega,percentage,31.5,False,0.07376742997446126,0.005717564516402523,0.2085116941396557,0.2027941296232532
21,10,Alek Skarlatos,percentage,28.5,False,0.18281549942082842,0.06843153618387873,0.3005489515035788,0.23211741531970007
21,10,Nick Carter,percentage,27.0,False,0.30210523183536353,0.16987283053875232,0.40969253238949715,0.23981970185074483
21,10,Bindi Irwin,percentage,31.5,False,0.44131183876934993,0.2666172671433406,0.7075308669108535,0.44091359976751293
21,11,Carlos PenaVega,percentage,30.0,True,0.06802879448484637,0.0035876030750859834,0.14911831010937476,0.14553070703428878
21,11,Alek Skarlatos,percentage,27.9999,False,0.3647692506269701,0.1002674738467602,0.6441830452705317,0.5439155714237716
21,11,Nick Carter,percentage,30.0,False,0.27748441321046197,0.05958483337167466,0.587226487215537,0.5276416538438624
21,11,Bindi Irwin,percentage,30.0,False,0.28971754167772157,0.05925840033496799,0.6027882611678081,0.5435298608328402
22,2,Mischa Barton,percentage,15.0,False,0.1154693924140104,0.016160533141708795,0.30480667247137866,0.28864613932966987
22,2,Kim Fields,percentage,19.0,False,0.10092221965316367,0.01088376156602575,0.23706092874235338,0.22617716717632763
22,2,Jodie Sweetin,percentage,21.0,False,0.06411234241789746,0.0007280086220599665,0.1530091138605958,0.15228110523853583
22,2,Doug Flutie,percentage,20.0,False,0.07583684484716934,0.004523406865832639,0.2199911822060929,0.21546777534026026
22,2,Von Miller,percentage,20.0,False,0.06472742932475119,0.006706558671738979,0.15178333545874184,0.14507677678700287
22,2,Antonio Brown,percentage,19.0,False,0.07484752589756113,0.008553241953743927,0.17859711485145188,0.17004387289770795
22,2,Paige VanZant,percentage,24.0,False,0.09125128878337105,0.0013327254569391628,0.2293478776684279,0.22801515221148874
22,2,Geraldo Rivera,percentage,13.0,True,0.022093251636418544,-0.009125124601145729,0.051291794570407924,0.06041691917155365
22,2,Nyle DiMarco,percentage,20.0,False,0.07201502991665173,0.01020858646860267,0.18786600806313983,0.17765742159453715
22,2,Ginger Zee,percentage,21.0,False,0.08202091932602973,0.006234306993790691,0.24946670395043968,0.243232396956649
22,2,Wanya Morris,percentage,24.0,False,0.12274944446102186,0.00424780837074365,0.33962514862609017,0.3353773402553465
22,2,Marla Maples,percentage,20.0,False,0.11395431132195324,0.010244066806540884,0.2476663441837043,0.23742227737716343
22,3,Mischa Barton,percentage,18.0,True,0.009978999881020186,-0.04579952375626766,0.04552877625130515,0.0913283000075728
22,3,Kim Fields,percentage,22.0,False,0.07780020955040984,0.0071579490162656315,0.19911971464800912,0.1919617656317435
22,3,Jodie Sweetin,percentage,23.0,False,0.13977287332634958,0.01367938856724121,0.3108877350808043,0.2972083465135631
22,3,Doug Flutie,percentage,20.0,False,0.08031952839877844,0.010982672371765763,0.2172940136550467,0.20631134128328094
22,3,Von Miller,percentage,20.0,False,0.17165985904780848,0.02707804881752615,0.45205741311533937,0.42497936429781324
22,3,Antonio Brown,percentage,20.0,False,0.07129954775267625,0.0119471855414123,0.16214580889680144,0.15019862335538914
22,3,Paige VanZant,percentage,23.0,False,0.0874052968152582,0.006604485390321197,0.21189753089516034,0.20529304550483915
22,3,Nyle DiMarco,percentage,25.0,False,0.08784201362423026,0.003767014498565221,0.23844201885902866,0.23467500436046343
22,3,Ginger Zee,percentage,21.0,False,0.10019212653188168,0.010800827849591608,0.29492863247917556,0.2841278046295839
22,3,Wanya Morris,percentage,24.0,False,0.07613150352941883,0.002893940625888547,0.17051553617680673,0.16762159555091818
22,3,Marla Maples,percentage,21.0,False,0.09759804154216749,0.015416289616424092,0.23447701989747377,0.21906073028104966
22,4,Kim Fields,percentage,32.0,False,0.11712488377467734,0.019453915951422866,0.2762516698997634,0.25679775394834053
22,4,Jodie Sweetin,percentage,27.0,False,0.09372553858972775,0.01270374200788634,0.3158304619877041,0.30312671997981777
22,4,Doug Flutie,percentage,24.0,False,0.09860549321170575,0.020140236728158286,0.2187502924448468,0.19861005571668852
22,4,Von Miller,percentage,32.0,False,0.11992867490367316,0.012917148694958684,0.24392441773622042,0.23100726904126173
22,4,Antonio Brown,percentage,35.0,False,0.11290337541671244,0.015346997515503804,0.25035479582195935,0.23500779830645555
22,4,Paige VanZant,percentage,36.0,False,0.08499175465568498,0.004100960313828096,0.2310675217576231,0.226966561443795
22,4,Nyle DiMarco,percentage,34.0,False,0.09802549246106419,0.01477392607325461,0.2407716125074718,0.2259976864342172
22,4,Ginger Zee,percentage,36.0,False,0.1093650565625768,0.015498254553176492,0.32938291953659365,0.31388466498341716
22,4,Wanya Morris,percentage,35.0,False,0.14450827419417756,0.021427942624327154,0.3266175267023083,0.30518958407798114
22,4,Marla Maples,percentage,28.0,True,0.02082145622999995,-0.02791176755748927,0.06236032313391959,0.09027209069140886
22,6,Kim Fields,percentage,24.0,False,0.09859765910525094,0.019633349246862136,0.2551305256599931,0.23549717641313098
22,6,Jodie Sweetin,percentage,25.0,False,0.10150470614004839,0.02151616864064522,0.2714740323759046,0.2499578637352594
22,6,Doug Flutie,percentage,21.0,True,0.025232245320192005,-0.02313770122755072,0.05713178591330785,0.08026948714085858
22,6,Von Miller,percentage,24.0,False,0.093947697643168,0.00993075991480024,0.24685974382691003,0.2369289839121098
22,6,Antonio Brown,percentage,27.0,False,0.20967889772811307,0.0243762223092153,0.5274415196582541,0.5030652973490388
22,6,Paige VanZant,percentage,28.0,False,0.10983120087996531,0.016541470319962524,0.2544359028283258,0.23789443250836326
22,6,Nyle DiMarco,percentage,25.0,False,0.17137055866771364,0.025546595953027437,0.4634800439924317,0.43793344803940426
22,6,Ginger Zee,percentage,24.0,False,0.10706380145908699,0.012012333246916081,0.2722402806538398,0.26022794740692373
22,6,Wanya Morris,percentage,29.0,False,0.08277323305645921,0.0049493867974073555,0.19299893138730354,0.18804954458989617
22,7,Kim Fields,percentage,26.0,True,0.04028129380055045,0.001618035278466011,0.08708910624864465,0.08547107097017864
22,7,Jodie Sweetin,percentage,25.5,False,0.12676065424696703,0.04926452067373699,0.31244891612886494,0.26318439545512795
22,7,Von Miller,percentage,26.0,True,0.036792361879487735,0.0015485672850823126,0.08180322492372727,0.08025465763864495
22,7,Antonio Brown,percentage,26.0,False,0.19028727117841482,0.061570986665356826,0.3473985021610955,0.2858275154957387
22,7,Paige VanZant,percentage,27.5,False,0.15712769002383817,0.05108836579547597,0.29840095978445497,0.24731259398897898
22,7,Nyle DiMarco,percentage,28.0,False,0.1666342450929038,0.0516512301121461,0.4089748840385836,0.3573236539264375
22,7,Ginger Zee,percentage,27.5,False,0.15491780543374656,0.04147897140620798,0.3283800736352317,0.2869011022290237
22,7,Wanya Morris,percentage,27.5,False,0.1271986783440924,0.03733957548349962,0.28571864856886786,0.24837907308536825
22,8,Jodie Sweetin,percentage,30.0,True,0.030648095536646835,-0.023524837296593257,0.0850872807350984,0.10861211803169166
22,8,Antonio Brown,percentage,27.0,False,0.14667553803254404,0.02622754171275652,0.39933247366807756,0.373104931955321
22,8,Paige VanZant,percentage,28.0,False,0.166110885160728,0.04532840916561935,0.3342805110193577,0.2889521018537383
22,8,Nyle DiMarco,percentage,29.0,False,0.18004046271580804,0.029118085237852816,0.42445061741237305,0.39533253217452025
22,8,Ginger Zee,percentage,30.0,False,0.14302236440098381,0.03860539836829906,0.3021742268890374,0.2635688285207383
22,8,Wanya Morris,percentage,25.0,False,0.33350265415329056,0.06980650937777962,0.7118882933423867,0.642081783964607
22,9,Antonio Brown,percentage,27.5,True,0.09707825645781584,0.017630533673566946,0.186635014746356,0.16900448107278904
22,9,Paige VanZant,percentage,29.5,False,0.22538083571254372,0.09762794644561519,0.4423408139248454,0.34471286747923024
22,9,Nyle DiMarco,percentage,28.5,False,0.24186003523970592,0.10451773105276964,0.4402956343485656,0.335777903295796
22,9,Ginger Zee,percentage,28.0,False,0.3664322452390288,0.1534270270479475,0.6140734125010646,0.4606463854531171
22,9,Wanya Morris,percentage,30.0,True,0.06924862735090682,0.0040783441918741895,0.15218535156547622,0.14810700737360202
22,10,Paige VanZant,percentage,29.666600000000003,False,0.30726197935713623,0.1461913237644243,0.4371120781532778,0.29092075438885345
22,10,Nyle DiMarco,percentage,28.9998,False,0.5484118104076935,0.3823016553355901,0.7742506751682946,0.3919490198327045
22,10,Ginger Zee,percentage,28.3332,False,0.14432621023517112,0.015936488547715975,0.29258938851743915,0.2766528999697232
23,2,Jake T. Austin,percentage,24.0,True,0.007795226306755994,-0.03331139916628169,0.030119151083671893,0.06343055024995359
23,2,Maureen McCormick,percentage,26.0,False,0.07116023740675907,0.007204042855625675,0.17935848105328003,0.17215443819765436
23,2,Marilu Henner,percentage,27.0,False,0.09944911332403396,0.014770356934655261,0.2139733490888364,0.19920299215418114
23,2,Ryan Lochte,percentage,24.0,False,0.08221777136604543,0.015192385686810986,0.22074133167585014,0.20554894598903917
23,2,Calvin Johnson Jr.,percentage,28.0,False,0.07939267515253752,0.002748890613824155,0.22063989462489286,0.2178910040110687
23,2,Laurie Hernandez,percentage,32.0,False,0.08732546803826464,0.006324316952386139,0.24213944163403467,0.23581512468164853
23,2,Amber Rose,percentage,24.0,False,0.08369586164487046,0.01582454964379295,0.18828940458490423,0.17246485494111127
23,2,Rick Perry,percentage,22.0,False,0.08987719871881289,0.02182161708654517,0.2176445980792279,0.19582298099268272
23,2,James Hinchcliffe,percentage,29.0,False,0.07225610906401833,0.006409298811432938,0.2285158581163008,0.22210655930486786
23,2,Babyface,percentage,30.0,False,0.07998965359048464,0.000820479148014374,0.22184269173368346,0.2210222125856691
23,2,Vanilla Ice,percentage,26.0,False,0.08281833166998705,0.006404862174828281,0.2441944624974483,0.23778960032262003
23,2,Jana Kramer,percentage,29.0,False,0.11005408472189053,0.003939934639383524,0.31228742657680014,0.3083474919374166
23,2,Terra Jole,percentage,31.0,False,0.0539682689955411,0.005845557454989053,0.15024097653324292,0.14439541907825387
23,3,Maureen McCormick,percentage,28.0,False,0.11052736442958824,0.02658017387403944,0.22297725115339861,0.19639707727935918
23,3,Marilu Henner,percentage,28.0,False,0.09383982093313416,0.011903489221098296,0.25918206581760006,0.24727857659650176
23,3,Ryan Lochte,percentage,25.0,False,0.08289225838854354,0.008805991264458801,0.25019894059560266,0.24139294933114386
23,3,Calvin Johnson Jr.,percentage,32.0,False,0.08994888300740163,0.006850992952156329,0.2270873335315463,0.22023634057938998
23,3,Laurie Hernandez,percentage,31.0,False,0.08224093951722833,0.012153696504871067,0.18425796307653425,0.17210426657166317
23,3,Amber Rose,percentage,25.0,False,0.07067944881261246,0.010418871993685781,0.1515988871286906,0.14118001513500483
23,3,Rick Perry,percentage,23.0,True,0.010413062370303504,-0.03846220307123446,0.038867067912358375,0.07732927098359284
23,3,James Hinchcliffe,percentage,29.0,False,0.10211992302990484,0.009568953035866842,0.2941314863267791,0.28456253329091225
23,3,Babyface,percentage,25.0,False,0.062038144642996354,0.005070438422172894,0.15124939473637056,0.14617895631419767
23,3,Vanilla Ice,percentage,23.0,False,0.10479690264810029,0.017515510148622123,0.27525146718458243,0.2577359570359603
23,3,Jana Kramer,percentage,26.0,False,0.08628965772272026,0.005920716232595685,0.21889336507234178,0.2129726488397461
23,3,Terra Jole,percentage,30.0,False,0.10421359449746613,0.00901610151285,0.22947479854636596,0.22045869703351595
23,4,Maureen McCormick,percentage,24.0,False,0.08207419385742483,0.02545589799473948,0.15225068449575485,0.12679478650101536
23,4,Marilu Henner,percentage,21.0,False,0.16302793386491202,0.04321556219565987,0.400735314313713,0.35751975211805315
23,4,Ryan Lochte,percentage,22.0,False,0.09893973551818383,0.033303006202704294,0.21529269785998528,0.181989691657281
23,4,Calvin Johnson Jr.,percentage,23.0,False,0.11909799291975545,0.030900078046844803,0.2741527476738459,0.2432526696270011
23,4,Laurie Hernandez,percentage,30.0,False,0.07999877900645891,0.007357313133018935,0.20733224133306138,0.19997492820004245
23,4,Amber Rose,percentage,24.0,False,0.12475044733904209,0.01906158148633972,0.3079427847837014,0.28888120329736167
23,4,James Hinchcliffe,percentage,28.0,False,0.07518962986619102,0.010588795537613846,0.196814235476632,0.18622543993901813
23,4,Babyface,percentage,18.0,True,0.03225012218469851,0.0009458444485819159,0.06954258646110456,0.06859674201252264
23,4,Vanilla Ice,percentage,23.0,True,0.019286024959951686,-0.017075401472908702,0.0516259694967395,0.0687013709696482
23,4,Jana Kramer,percentage,23.0,False,0.06933520098226781,0.023144519319408606,0.15323794500708895,0.13009342568768034
23,4,Terra Jole,percentage,25.0,False,0.13604993950111338,0.028897662934582527,0.3817159209574155,0.352818258022833
23,6,Maureen McCormick,percentage,31.0,False,0.12278071610387947,0.009566629739155931,0.4378303524786188,0.42826372273946284
23,6,Marilu Henner,percentage,34.0,False,0.11315368851699811,0.007164291922563917,0.33352430112218173,0.32636000919961783
23,6,Ryan Lochte,percentage,30.0,False,0.1206930075661237,0.020017666619676744,0.27299110250152603,0.2529734358818493
23,6,Calvin Johnson Jr.,percentage,37.0,False,0.10182815954953195,0.009625297070167075,0.253002863966617,0.2433775668964499
23,6,Laurie Hernandez,percentage,37.0,False,0.1121260562108469,0.0036270873289375727,0.28931494759882836,0.2856878602698908
23,6,Amber Rose,percentage,28.0,True,0.024194554029617638,-0.017490714836197765,0.06163463968454803,0.07912535452074579
23,6,James Hinchcliffe,percentage,38.0,False,0.19578247022648743,0.02136850837916605,0.4958637850900377,0.47449527671087166
23,6,Jana Kramer,percentage,40.0,False,0.07930746963159523,0.007499178129880248,0.21875264717703566,0.21125346904715542
23,6,Terra Jole,percentage,30.0,False,0.13013387816491903,0.019117303239780076,0.29643704809646804,0.277319744856688
23,7,Maureen McCormick,percentage,33.0,True,0.02657595381288002,-0.0072754193285491636,0.0656133058377907,0.07288872516633986
23,7,Marilu Henner,percentage,32.0,False,0.17578716917284465,0.036621761762862144,0.38132577008820284,0.3447040083253407
23,7,Ryan Lochte,percentage,33.0,False,0.11125388149023563,0.019536590624738667,0.2525514281466387,0.23301483752190005
23,7,Calvin Johnson Jr.,percentage,37.0,False,0.15407466665396952,0.032024761143342434,0.2928396719601823,0.26081491081683983
23,7,Laurie Hernandez,percentage,34.5,False,0.10461229049843392,0.022510545673129108,0.23493161372376908,0.21242106805063998
23,7,James Hinchcliffe,percentage,37.0,False,0.11612777365072918,0.013946208604579444,0.374975419734896,0.36102921113031655
23,7,Jana Kramer,percentage,34.5,False,0.10234822212527377,0.022753145274729256,0.27449053827493397,0.2517373930002047
23,7,Terra Jole,percentage,34.5,False,0.20922004259563157,0.02097952105110274,0.5458213970156172,0.5248418759645144
23,8,Marilu Henner,percentage,23.0,False,0.16489372967366692,0.04124279302462579,0.43389067891206967,0.39264788588744387
23,8,Ryan Lochte,percentage,26.0,True,0.035733086630020575,-0.005142883748618404,0.08220191884588667,0.08734480259450507
23,8,Calvin Johnson Jr.,percentage,30.0,False,0.22559692184581268,0.025618442653970876,0.46080836667179703,0.43518992401782614
23,8,Laurie Hernandez,percentage,33.0,False,0.11913726527169556,0.016649987528708218,0.25616866909278463,0.2395186815640764
23,8,James Hinchcliffe,percentage,34.9998,False,0.14990355442513462,0.010940902204659167,0.3234013540719271,0.31246045186726795
23,8,Jana Kramer,percentage,30.0,False,0.11831196661454697,0.023579938924886232,0.27463414264933217,0.2510542037244459
23,8,Terra Jole,percentage,24.0,False,0.18642347553912092,0.04587207283375142,0.5045932272871674,0.45872115445341594
23,9,Marilu Henner,percentage,36.0,True,0.0447924966973134,0.0008103050351561201,0.10020346709019824,0.09939316205504212
23,9,Calvin Johnson Jr.,percentage,37.0,False,0.27564441039332005,0.054869590010639166,0.5361840278318842,0.48131443782124506
23,9,Laurie Hernandez,percentage,40.0,False,0.14181653976907713,0.026189179750328417,0.3420393459162386,0.31585016616591016
23,9,James Hinchcliffe,percentage,36.0,False,0.17772618718591113,0.03696372513727608,0.41040453209676975,0.37344080695949367
23,9,Jana Kramer,percentage,40.0,False,0.16026797947710256,0.03680207716881471,0.361436138939594,0.32463406177077925
23,9,Terra Jole,percentage,38.0,False,0.19975238647727478,0.036519198216030925,0.4081196346356456,0.37160043641961465
23,10,Calvin Johnson Jr.,percentage,28.0,False,0.27259899695203776,0.08201727991418979,0.5722688890691635,0.49025160915497373
23,10,Laurie Hernandez,percentage,30.0,False,0.18461415018132596,0.05201517247492904,0.39166929843799536,0.3396541259630663
23,10,James Hinchcliffe,percentage,29.5,False,0.2606579042319178,0.04575292197355058,0.6326633992130493,0.5869104772394986
23,10,Jana Kramer,percentage,29.0,False,0.2260231813933973,0.0605794391574514,0.48530587914102524,0.42472643998357384
23,10,Terra Jole,percentage,30.0,True,0.056105767241319424,0.004131143213958806,0.12973765386983704,0.12560651065587825
23,11,Calvin Johnson Jr.,percentage,38.3331,False,0.3517756039462338,0.05391829115073618,0.816895701957414,0.7629774108066778
23,11,Laurie Hernandez,percentage,39.333200000000005,False,0.36529783971976354,0.04195078136325924,0.8397030728351221,0.7977522914718629
23,11,James Hinchcliffe,percentage,38.9998,False,0.21440633489777317,0.03472042740661121,0.6037045240741533,0.5689840966675421
23,11,Jana Kramer,percentage,35.5,True,0.0685202214362277,0.004717051911972547,0.1731617433722032,0.16844469146023064
24,2,Charo,percentage,25.0,False,0.08937305030625471,0.010404082829706285,0.2540340153630417,0.24362993253333542
24,2,Mr. T,percentage,22.0,False,0.12525742304710355,0.015042688111130239,0.29800387083111646,0.2829611827199862
24,2,Heather Morris,percentage,30.0,False,0.06242445311229569,0.0036235620248158476,0.1770153755580977,0.17339181353328187
24,2,Nancy Kerrigan,percentage,28.0,False,0.08930539921709885,0.003297202313315567,0.2901105918365263,0.2868133895232108
24,2,Bonner Bolton,percentage,28.0,False,0.1007869460918364,0.008892603591976272,0.2694708706083723,0.2605782670163961
24,2,Simone Biles,percentage,29.0,False,0.10512265541097965,0.00320961808012994,0.34544419169856355,0.3422345736184336
24,2,David Ross,percentage,27.0,False,0.07252240021474635,0.004565643263423673,0.19301272210263187,0.1884470788392082
24,2,Rashad Jennings,percentage,32.0,False,0.11686044497862248,0.001482156040984485,0.2987366904168296,0.2972545343758451
24,2,Chris Kattan,percentage,22.0,True,0.0082200302727926,-0.04311738769999325,0.035016587073067554,0.0781339747730608
24,2,Erika Jayne,percentage,28.0,False,0.0857450277469984,0.014773067318907443,0.18663020164343921,0.17185713432453176
24,2,Normani,percentage,32.0,False,0.05496832266169948,-0.001817167390908661,0.13547162667114523,0.1372887940620539
24,2,Nick Viall,percentage,25.0,False,0.08941384693957358,0.009856178487494083,0.19401882531858472,0.18416264683109063
24,3,Charo,percentage,24.0,True,0.017257102786294342,-0.02093824925235308,0.04356002630172608,0.06449827555407917
24,3,Mr. T,percentage,24.0,False,0.11818089472884806,0.021035463746102837,0.2667100828331674,0.24567461908706456
24,3,Heather Morris,percentage,33.0,False,0.11299402058023256,0.005709020423331633,0.5096169169083474,0.5039078964850158
24,3,Nancy Kerrigan,percentage,33.0,False,0.08641542269195084,0.0015403934720410704,0.20250327730708848,0.2009628838350474
24,3,Bonner Bolton,percentage,24.0,False,0.1305648499672508,0.011653446158669992,0.3580077185615528,0.3463542724028828
24,3,Simone Biles,percentage,32.0,False,0.0852459960142863,0.00826242682944963,0.1992436975252356,0.19098127069578597
24,3,David Ross,percentage,31.0,False,0.0752987160719326,0.0039456183234007,0.21414245215708888,0.21019683383368817
24,3,Rashad Jennings,percentage,28.0,False,0.09277368208067073,0.012499657893938969,0.2459435754906725,0.23344391759673352
24,3,Erika Jayne,percentage,26.0,False,0.10610873926221892,0.02073727237462298,0.27761322700478247,0.2568759546301595
24,3,Normani,percentage,34.0,False,0.07084041495163895,0.0042353302860596714,0.2245164563286211,0.22028112604256145
24,3,Nick Viall,percentage,26.0,False,0.10432016086467388,0.01355990361055512,0.30182138269157605,0.2882614790810209
24,4,Mr. T,percentage,28.0,True,0.01901929552367267,-0.01592781940194328,0.052371428492339604,0.06829924789428288
24,4,Heather Morris,percentage,35.0,False,0.13823609871609355,0.009783832139642701,0.37784685166686016,0.3680630195272175
24,4,Nancy Kerrigan,percentage,33.0,False,0.10258961018955388,0.015658064296297125,0.24559857499321225,0.22994051069691512
24,4,Bonner Bolton,percentage,32.0,False,0.10666368889814268,0.014198170160169683,0.22042284233523757,0.20622467217506787
24,4,Simone Biles,percentage,36.0,False,0.15591606608597888,0.014047191610770997,0.4179233623453625,0.4038761707345915
24,4,David Ross,percentage,31.0,False,0.09086849054916389,0.005924021229118948,0.25833875248119514,0.2524147312520762
24,4,Rashad Jennings,percentage,39.0,False,0.09270814278746671,0.004660020854078479,0.2448346066495383,0.2401745857954598
24,4,Erika Jayne,percentage,30.0,False,0.10527126053569602,0.017314181743776393,0.24586586182926745,0.22855168008549107
24,4,Normani,percentage,32.0,False,0.08864561102567112,0.011873075730476391,0.23328600001801514,0.22141292428753875
24,4,Nick Viall,percentage,30.0,False,0.10008173568856166,0.012414353988607747,0.24662606171800383,0.2342117077293961
24,5,Heather Morris,percentage,34.0,False,0.10961783965987158,0.024571820973180412,0.22826490139301117,0.20369308041983075
24,5,Nancy Kerrigan,percentage,36.0,False,0.1282293295317094,0.012822316795474294,0.389167592307467,0.3763452755119927
24,5,Bonner Bolton,percentage,30.0,False,0.1360164641667041,0.03084270558370801,0.3306439594797336,0.2998012538960256
24,5,Simone Biles,percentage,38.0,False,0.1513848888865848,0.022711083738387136,0.3950127516189109,0.37230166788052377
24,5,David Ross,percentage,29.0,False,0.12014533272006142,0.03271730138283802,0.2772708876043193,0.24455358622148127
24,5,Rashad Jennings,percentage,32.0,False,0.10021030807988329,0.028738618889272913,0.20102542212773883,0.1722868032384659
24,5,Erika Jayne,percentage,32.0,True,0.021613610760564686,-0.002907487922632991,0.05673325899384684,0.05964074691647983
24,5,Normani,percentage,39.0,False,0.1351968216980377,0.014972997459612463,0.3032941018692525,0.28832110440964004
24,5,Nick Viall,percentage,34.0,False,0.09758540449658522,0.011177630736721768,0.23058830013086304,0.21941066939414128
24,6,Heather Morris,percentage,37.0,True,0.01861811183470543,0.001667087060029368,0.044345604210020935,0.04267851714999157
24,6,Nancy Kerrigan,percentage,33.5,False,0.15148136029648504,0.03637578654589243,0.36578124094936865,0.32940545440347624
24,6,Bonner Bolton,percentage,31.5,False,0.16018235056250604,0.03235145926237662,0.37427513519727074,0.34192367593489414
24,6,Simone Biles,percentage,34.5,False,0.10829947238161085,0.027325915995344424,0.3143507084962931,0.2870247925009487
24,6,David Ross,percentage,31.0,False,0.13009195010674784,0.041982789381381086,0.3083831099215484,0.26640032054016727
24,6,Rashad Jennings,percentage,35.0,False,0.12109056646837871,0.02371013047144066,0.2882710951018422,0.2645609646304015
24,6,Normani,percentage,36.0,False,0.1661469196643779,0.020756563682620546,0.36680011082089936,0.34604354713827884
24,6,Nick Viall,percentage,30.5,False,0.14408926868518804,0.04646515994680463,0.33504280959361993,0.2885776496468153
24,7,Nancy Kerrigan,percentage,36.0,True,0.047417101063988665,0.0031267915465109123,0.09472634618003607,0.09159955463352516
24,7,Bonner Bolton,percentage,31.0,False,0.19878650935015926,0.0777489845217,0.3937500095665257,0.31600102504482575
24,7,Simone Biles,percentage,39.0,False,0.13698807343231204,0.04606083991419719,0.2945747575173498,0.2485139176031526
24,7,David Ross,percentage,32.0,False,0.2581972200464402,0.08289302821480152,0.5114836311413161,0.42859060292651463
24,7,Rashad Jennings,percentage,39.0,False,0.14235597183267806,0.04464337775120962,0.27556673424952743,0.2309233564983178
24,7,Normani,percentage,42.0,False,0.16412202432473816,0.04682856622397486,0.34924684697730934,0.3024182807533345
24,7,Nick Viall,percentage,34.0,True,0.05213309994968653,0.007834942491721411,0.09922804773040933,0.09139310523868792
24,8,Bonner Bolton,percentage,29.0,True,0.06788397578517788,0.008540382778628453,0.16211943961821665,0.1535790568395882
24,8,Simone Biles,percentage,36.0,False,0.1583207889966834,0.033496332162647795,0.29622449693142855,0.26272816476878075
24,8,David Ross,percentage,32.5,False,0.25451353700508966,0.05500314933590328,0.5574984779416454,0.5024953286057421
24,8,Rashad Jennings,percentage,37.5,False,0.21232353294068865,0.031985966488619684,0.5095267532036389,0.47754078671501926
24,8,Normani,percentage,39.5,False,0.30695816527236003,0.032424058418492184,0.6018217541595355,0.5693976957410434
24,9,Simone Biles,percentage,40.0,True,0.05025482199787252,0.0013137108760598295,0.12513496731447632,0.12382125643841649
24,9,David Ross,percentage,35.0,False,0.17390581874598848,0.053689952828713326,0.3208179403613093,0.267127987532596
24,9,Rashad Jennings,percentage,38.5,False,0.6132937375730668,0.4091126697308126,0.8723925201226963,0.4632798503918837
24,9,Normani,percentage,38.0,False,0.1625456216830695,0.04358815243868973,0.32480378354857437,0.2812156311098846
24,10,David Ross,percentage,36.3333,False,0.33001238460273324,0.18087938000110407,0.47851992351885114,0.29764054351774705
24,10,Rashad Jennings,percentage,39.6666,False,0.5260153060733238,0.3837251817387881,0.7550077083367965,0.3712825265980084
24,10,Normani,percentage,39.333200000000005,False,0.14397230932394348,0.022042559526158155,0.26136780303200546,0.2393252435058473
25,2,Sasha Pieterse,percentage,22.5,False,0.10303191524925832,0.01169375486385851,0.24741918347450878,0.23572542861065027
25,2,Frankie Muniz,percentage,24.0,False,0.07730652095776691,0.009222487476953898,0.17698369515989493,0.16776120768294103
25,2,Jordan Fisher,percentage,24.0,False,0.08143143007219099,0.01372881465787822,0.2093018686270407,0.19557305396916247
25,2,Derek Fisher,percentage,19.0,False,0.0765188570848466,0.021670464447176678,0.1846958004596995,0.1630253360125228
25,2,Nikki Bella,percentage,19.5,False,0.08483310966646923,0.02100265724576808,0.20758078315315734,0.18657812590738926
25,2,Terrell Owens,percentage,19.5,False,0.1239416919508351,0.03126796023574936,0.23425809117545152,0.20299013093970214
25,2,Victoria Arlen,percentage,22.0,False,0.0702645771033224,0.01696980177468215,0.18277487994328445,0.1658050781686023
25,2,Barbara Corcoran,percentage,17.0,True,0.018720817556371734,-0.02349694465983345,0.048020421788581485,0.07151736644841494
25,2,Lindsey Stirling,percentage,22.5,False,0.07731566372457754,0.013788473441065242,0.21204814728514484,0.1982596738440796
25,2,Debbie Gibson,percentage,20.5,True,0.011285075178361765,-0.026003846552542315,0.03656449117888057,0.06256833773142288
25,2,Nick Lachey,percentage,19.0,False,0.11416846714673762,0.026596272260761382,0.25492875897076067,0.22833248670999928
25,2,Drew Scott,percentage,20.5,False,0.08889639861802738,0.02137115183823394,0.16457523025552562,0.14320407841729169
25,2,Vanessa Lachey,percentage,23.5,False,0.07228547569123436,0.010252379413796524,0.19215623294605397,0.18190385353225744
25,4,Sasha Pieterse,percentage,24.0,False,0.0957883784052833,0.012715812905141732,0.20247390901538256,0.18975809611024083
25,4,Frankie Muniz,percentage,24.0,False,0.07771499355327866,0.00954663228057373,0.2269316350956864,0.21738500281511267
25,4,Jordan Fisher,percentage,29.0,False,0.10540398493480048,0.011417533668817363,0.2915151410219222,0.28009760735310485
25,4,Derek Fisher,percentage,23.0,True,0.00972422750334761,-0.04371672221766511,0.045353562055127986,0.0890702842727931
25,4,Nikki Bella,percentage,24.0,False,0.12403354775421761,0.022140461194418353,0.3064293802404635,0.28428891904604514
25,4,Terrell Owens,percentage,24.0,False,0.07552966828207695,0.011963494154519312,0.22624306706555875,0.21427957291103944
25,4,Victoria Arlen,percentage,27.0,False,0.1068633865800887,0.007320633195711461,0.28328161341752134,0.27596098022180987
25,4,Lindsey Stirling,percentage,26.0,False,0.07696032045448854,0.009265918098130531,0.19398046710506783,0.1847145490069373
25,4,Nick Lachey,percentage,22.0,False,0.1106948161268463,0.028455943264071124,0.2704962270041715,0.24204028374010034
25,4,Drew Scott,percentage,24.0,False,0.13471789541181273,0.017438177088247152,0.35538615378302063,0.3379479766947735
25,4,Vanessa Lachey,percentage,24.0,False,0.08256878099375793,0.011057034603098738,0.17984916778491986,0.16879213318182112
25,5,Sasha Pieterse,percentage,24.0,True,0.015297768315547097,-0.024003009427016282,0.04785172811678514,0.07185473754380142
25,5,Frankie Muniz,percentage,29.0,False,0.10183887621742858,0.01220501185639871,0.2537893275420391,0.24158431568564037
25,5,Jordan Fisher,percentage,30.0,False,0.08911524922080934,0.00025792270685574825,0.2779392507485849,0.2776813280417291
25,5,Nikki Bella,percentage,27.0,False,0.09944119082631274,0.009563734750338483,0.24764362182436986,0.23807988707403138
25,5,Terrell Owens,percentage,25.0,False,0.10282889694338618,0.011339093755750243,0.2977569528583127,0.28641785910256246
25,5,Victoria Arlen,percentage,27.0,False,0.08573507423288361,0.008352863357735397,0.2525878739151897,0.24423501055745434
25,5,Lindsey Stirling,percentage,28.0,False,0.07519751900179174,0.011645792396274626,0.19934560656165912,0.1876998141653845
25,5,Nick Lachey,percentage,22.0,False,0.1729173049016088,0.033909947324202765,0.4005398042702512,0.36662985694604844
25,5,Drew Scott,percentage,25.0,False,0.15803827138343027,0.024236886155307898,0.41585858802343467,0.3916217018681268
25,5,Vanessa Lachey,percentage,24.0,False,0.09958984895679983,0.012480790868954796,0.25395057344333927,0.24146978257438448
25,6,Frankie Muniz,percentage,31.0,False,0.08720958808572765,0.009509102645670875,0.1917891209447756,0.18228001829910473
25,6,Jordan Fisher,percentage,39.0,False,0.13175806281414978,0.01046822392158286,0.3277193113696377,0.31725108744805486
25,6,Nikki Bella,percentage,36.0,False,0.10456088104160736,0.012902202651577502,0.28566420522329283,0.27276200257171535
25,6,Terrell Owens,percentage,37.0,False,0.1048192388592412,0.013756765120627576,0.2748837456669294,0.26112698054630185
25,6,Victoria Arlen,percentage,31.0,False,0.2104166490076974,0.030357189705128296,0.47105310361411884,0.44069591390899054
25,6,Lindsey Stirling,percentage,40.0,False,0.07387146913254279,0.005364857371902343,0.17649938580306368,0.17113452843116134
25,6,Nick Lachey,percentage,26.0,True,0.029965022052233867,-0.009292022152721548,0.07428892076425088,0.08358094291697243
25,6,Drew Scott,percentage,30.0,False,0.11227056391287314,0.016274275570030215,0.22954074921334386,0.21326647364331364
25,6,Vanessa Lachey,percentage,36.0,False,0.14512852509392782,0.01854095816848654,0.38416397423599535,0.3656230160675088
25,7,Frankie Muniz,percentage,30.0,False,0.10417078163602507,0.02866662082600752,0.231955683689456,0.20328906286344847
25,7,Jordan Fisher,percentage,27.0,False,0.1439966021942742,0.04831980803500173,0.3110151284251232,0.26269532039012145
25,7,Nikki Bella,percentage,24.0,True,0.040450212524430054,0.00185167394285337,0.08458937386077003,0.08273769991791666
25,7,Terrell Owens,percentage,24.5,False,0.2605625541677932,0.06628448048652187,0.47595345526860877,0.4096689747820869
25,7,Victoria Arlen,percentage,28.5,False,0.1528141734402498,0.03208409948625285,0.39416527629662695,0.3620811768103741
25,7,Lindsey Stirling,percentage,25.5,False,0.14889884171544884,0.04884388241849713,0.38466879071676097,0.33582490829826384
25,7,Drew Scott,percentage,28.5,False,0.11148187612888988,0.03229372513537493,0.22901663400071098,0.19672290886533605
25,7,Vanessa Lachey,percentage,27.0,True,0.037624958192890655,0.0017022032819212361,0.08631332319126035,0.08461111990933912
25,8,Frankie Muniz,percentage,26.5,False,0.21527850123364353,0.035047048650832434,0.5020968259559777,0.4670497773051453
25,8,Jordan Fisher,percentage,30.0,False,0.13591888249552606,0.01929036867870359,0.3570617662656289,0.3377713975869253
25,8,Terrell Owens,percentage,25.5,True,0.043372268735038445,0.004242267396124856,0.0989130393919464,0.09467077199582155
25,8,Victoria Arlen,percentage,24.0,False,0.20989210513596987,0.04629641439684614,0.5785882190948103,0.5322918046979641
25,8,Lindsey Stirling,percentage,27.0,False,0.2110860192385116,0.04081220171677664,0.436577643833414,0.3957654421166374
25,8,Drew Scott,percentage,23.5,False,0.18445222316131168,0.05613736009291822,0.4927386991689541,0.4366013390760359
25,9,Frankie Muniz,percentage,25.5,False,0.21731868842587657,0.06767917326567274,0.40860761424975706,0.3409284409840843
25,9,Jordan Fisher,percentage,29.0,False,0.24129277349263023,0.05831440187525143,0.5142277098786134,0.455913308003362
25,9,Victoria Arlen,percentage,28.0,True,0.05497829220434546,0.004329025147664344,0.13278826577667985,0.1284592406290155
25,9,Lindsey Stirling,percentage,28.5,False,0.26891689436949395,0.07526703625283011,0.5371290216401053,0.46186198538727524
25,9,Drew Scott,percentage,24.0,False,0.21749335150765575,0.07663503752832748,0.52951454934645,0.4528795118181226
25,10,Frankie Muniz,percentage,38.8887,False,0.2180296315758779,0.04914156578326913,0.4623531080934066,0.41321154231013746
25,10,Jordan Fisher,percentage,40.0,False,0.3156538343236204,0.08372771660550142,0.7622433532259478,0.6785156366204464
25,10,Lindsey Stirling,percentage,40.0,False,0.37997741384866734,0.091839915658952,0.6912057235290227,0.5993658078700707
25,10,Drew Scott,percentage,37.5,True,0.08633912025183602,0.00573294009754372,0.21146752345596398,0.20573458335842026
26,1,Jamie Anderson,percentage,19.0,True,0.028626832735841025,0.002130639645706388,0.0707708492643759,0.06864020961866951
26,1,Johnny Damon,percentage,18.0,True,0.02858525661597777,-0.009531676102401583,0.06370524709134255,0.07323692319374414
26,1,Kareem Abdul-Jabbar,percentage,17.0,False,0.09920437314547088,0.03611851726265487,0.18768678862154944,0.15156827135889456
26,1,Arike Ogunbowale,percentage,20.0,False,0.14688146826538162,0.03227540711715563,0.328531516547618,0.2962561094304623
26,1,Jennie Finch Daigle,percentage,21.0,False,0.17297169226821085,0.03268599144710926,0.39762341266090684,0.3649374212137976
26,1,Chris Mazdzer,percentage,21.0,False,0.1053258013280659,0.025152600120833923,0.2272662068711507,0.20211360675031678
26,1,Mirai Nagasu,percentage,23.0,False,0.10160552933333358,0.017972423350434665,0.2993435139757361,0.28137109062530147
26,1,Tonya Harding,percentage,23.0,False,0.08833091534852501,0.017948114633718502,0.20811748571038668,0.19016937107666818
26,1,Josh Norman,percentage,24.0,False,0.09923498429576122,0.011796200850385177,0.2735747310970656,0.2617785302466804
26,1,Adam Rippon,percentage,24.0,False,0.1292331466634328,0.016794181966318475,0.3014421432991051,0.28464796133278664
26,2,Kareem Abdul-Jabbar,percentage,29.5,True,0.04659951121699487,0.003971337904781533,0.09804866449591504,0.0940773265911335
26,2,Arike Ogunbowale,percentage,35.0,True,0.035343649960398335,0.0017577813137351628,0.0774949061000993,0.07573712478636414
26,2,Jennie Finch Daigle,percentage,31.5,False,0.1389245561651222,0.05961650426371033,0.25884564936128984,0.1992291450975795
26,2,Chris Mazdzer,percentage,33.0,False,0.12478912996281628,0.04256191518642188,0.2542157291375958,0.21165381395117394
26,2,Mirai Nagasu,percentage,37.0,False,0.21755847434199313,0.059725731877988304,0.36436659194751364,0.30464086006952534
26,2,Tonya Harding,percentage,33.0,False,0.20178146172839737,0.06889549685274202,0.3900762693023672,0.3211807724496252
26,2,Josh Norman,percentage,31.5,False,0.1282706027993818,0.04687057812315693,0.2886679917897608,0.2417974136666039
26,2,Adam Rippon,percentage,37.0,False,0.10673261382489546,0.04200772699851052,0.20115338762128912,0.1591456606227786
26,3,Jennie Finch Daigle,percentage,29.0,True,0.09719194688729332,0.013995248962492792,0.19566645023779397,0.18167120127530118
26,3,Chris Mazdzer,percentage,33.0,True,0.08569929250261117,0.011839720878179937,0.18008466119545666,0.16824494031727671
26,3,Mirai Nagasu,percentage,35.0,True,0.08251509894184333,0.005167568270666736,0.16471722910861114,0.15954966083794442
26,3,Tonya Harding,percentage,35.0,False,0.20612957895431833,0.10180942768367938,0.36443986789375243,0.26263044021007304
26,3,Josh Norman,percentage,38.0,False,0.33570782229444773,0.1658984552996696,0.5377185849077758,0.3718201296081062
26,3,Adam Rippon,percentage,41.0,False,0.1927562604194859,0.07379831127466764,0.36933914360488157,0.29554083233021394
26,4,Tonya Harding,percentage,28.0,False,0.1292005971140146,0.012601132336879536,0.3044666201472026,0.29186548781032307
26,4,Josh Norman,percentage,28.5,False,0.30659473210113797,0.11135396083122888,0.46285854575298957,0.3515045849217607
26,4,Adam Rippon,percentage,29.0,False,0.564204670784848,0.3686352375819358,0.8227091632287932,0.4540739256468574
27,1,Juan Pablo Di Pace,percentage,22.0,False,0.0766701430281553,0.007371563501424186,0.20165453962989724,0.19428297612847306
27,1,Evanna Lynch,percentage,18.0,False,0.07386529614700593,0.009995101488563635,0.22079174021958595,0.2107966387310223
27,1,Nancy McKeon,percentage,19.5,False,0.10588960134051527,0.009774111770617919,0.2873326150590817,0.27755850328846376
27,1,John Schneider,percentage,18.0,False,0.06587881058088704,0.006451303072347446,0.19200320558649497,0.18555190251414752
27,1,Milo Manheim,percentage,20.0,False,0.09855427629747267,0.004333202553176303,0.2873366478341991,0.2830034452810228
27,1,Danelle Umstead,percentage,18.0,False,0.11453247022775011,0.021175053451082768,0.2534594011848375,0.23228434773375473
27,1,Mary Lou Retton,percentage,20.0,False,0.05805938002858522,0.00734613317067238,0.16245586369946813,0.15510973052879576
27,1,DeMarcus Ware,percentage,23.0,False,0.05639466704835567,0.005524554928747019,0.1581548939920568,0.15263033906330978
27,1,Nikki Glaser,percentage,17.5,True,0.004504077042446882,-0.05969379810904257,0.0338594631090757,0.09355326121811827
27,1,Bobby Bones,percentage,20.0,False,0.08883972536242932,0.010786360518506143,0.24103099395240535,0.2302446334338992
27,1,Tinashe,percentage,23.0,False,0.06277560320173364,0.002468422017990955,0.18777780985018835,0.1853093878321974
27,1,Alexis Ren,percentage,22.0,False,0.10556650723446638,0.006853049438475686,0.23016738983878246,0.2233143404003068
27,1,Joe Amabile,percentage,14.0,False,0.08846944246019726,0.02672090122831269,0.17731213935109463,0.15059123812278194
27,2,Juan Pablo Di Pace,percentage,26.0,False,0.07114385230297411,0.00043016613825617864,0.23664387917230942,0.23621371303405325
27,2,Evanna Lynch,percentage,24.0,False,0.050710343016133044,0.002494671766500256,0.13873754016463177,0.13624286839813152
27,2,Nancy McKeon,percentage,20.5,False,0.10128932436681533,0.010883954606166424,0.25373589941140023,0.2428519448052338
27,2,John Schneider,percentage,21.5,False,0.1100255050921803,0.01405237086222795,0.38690833843613365,0.3728559675739057
27,2,Milo Manheim,percentage,26.0,False,0.12671982843574642,0.011458494988762495,0.4001505082628945,0.388692013274132
27,2,Danelle Umstead,percentage,18.5,True,0.014389230000602979,-0.01975628936021987,0.04043827703425999,0.06019456639447986
27,2,Mary Lou Retton,percentage,23.0,False,0.07894679854354292,0.0075993181602200255,0.2322842274652363,0.22468490930501628
27,2,DeMarcus Ware,percentage,23.5,False,0.06815541068093549,0.00842753295588633,0.22174709245438173,0.2133195594984954
27,2,Bobby Bones,percentage,19.5,False,0.10766359910579039,0.011626152631935595,0.25510389861620786,0.24347774598427227
27,2,Tinashe,percentage,26.0,False,0.11690722596053704,0.009454750319407986,0.23613283571243326,0.22667808539302528
27,2,Alexis Ren,percentage,24.5,False,0.06852442779135182,0.004454384625824554,0.21253412343063885,0.20807973880481428
27,2,Joe Amabile,percentage,17.5,False,0.08552445470339044,0.016851808474918906,0.1864418663105593,0.1695900578356404
27,3,Juan Pablo Di Pace,percentage,30.0,False,0.10697336955271157,0.005551633736337339,0.2624663073415752,0.2569146736052379
27,3,Evanna Lynch,percentage,27.0,False,0.09912263292229681,0.004089825228362404,0.34330298496774764,0.33921315973938526
27,3,Nancy McKeon,percentage,22.0,True,0.005821225098588755,-0.04048740937856732,0.040688472516273756,0.08117588189484107
27,3,John Schneider,percentage,21.0,False,0.07253734757073325,0.004037073089832487,0.18089958713881077,0.1768625140489783
27,3,Milo Manheim,percentage,27.0,False,0.09418206617390325,0.01014346513707843,0.20296129103682972,0.1928178258997513
27,3,Mary Lou Retton,percentage,24.0,False,0.08208012626042109,-0.0131316992067173,0.2408741018309787,0.254005801037696
27,3,DeMarcus Ware,percentage,26.0,False,0.18419732589028245,0.017278745673018264,0.4014193332999526,0.38414058762693437
27,3,Bobby Bones,percentage,23.0,False,0.07879332438170153,0.009882907391241766,0.19235750096984616,0.1824745935786044
27,3,Tinashe,percentage,27.0,False,0.06649051565433148,0.0058008890983961055,0.15413435467530512,0.14833346557690902
27,3,Alexis Ren,percentage,26.0,False,0.11010379414378858,0.006283454469650326,0.2603321946342703,0.25404874016462
27,3,Joe Amabile,percentage,18.0,False,0.09969827235124064,0.018454632663959265,0.2277221619787025,0.2092675293147432
27,4,Juan Pablo Di Pace,percentage,24.0,False,0.11177905387176845,0.033359841871758195,0.30331890224457697,0.2699590603728188
27,4,Evanna Lynch,percentage,24.0,False,0.14837292899283758,0.010994253468376576,0.3603768872601851,0.3493826337918085
27,4,John Schneider,percentage,21.0,False,0.08806236791313105,0.006662781908579683,0.37525697700353405,0.3685941950949544
27,4,Milo Manheim,percentage,29.0,False,0.07987262650712407,0.005893235062079727,0.18939842110129113,0.1835051860392114
27,4,Mary Lou Retton,percentage,26.0,False,0.07472108163249531,0.01637239769662977,0.1555203993375387,0.13914800164090893
27,4,DeMarcus Ware,percentage,22.0,False,0.14185208241002548,0.026510822789735676,0.38897348961429207,0.3624626668245564
27,4,Bobby Bones,percentage,20.0,False,0.14094066780990222,0.03835189756573833,0.3413045971853332,0.30295269961959487
27,4,Tinashe,percentage,26.0,True,0.009416439461526642,-0.02928740940578117,0.033823689873895876,0.06311109927967705
27,4,Alexis Ren,percentage,25.0,False,0.06297543142460112,0.018615222553338324,0.12986325288943604,0.11124803033609772
27,4,Joe Amabile,percentage,15.0,False,0.1420073199765869,0.036186415842362984,0.39313530666952823,0.35694889082716524
27,6,Juan Pablo Di Pace,percentage,30.0,False,0.07498088920098046,0.005472918884839022,0.19020253418876804,0.184729615303929
27,6,Evanna Lynch,percentage,29.0,False,0.11483531732297722,0.008606455819019664,0.35777389853951364,0.349167442720494
27,6,John Schneider,percentage,19.0,False,0.13279025758104168,0.04118958469294701,0.29275063628891984,0.25156105159597286
27,6,Milo Manheim,percentage,30.0,False,0.13040982648601093,0.010654042282532028,0.3466651802830157,0.33601113800048366
27,6,Mary Lou Retton,percentage,24.0,True,0.020021467799367018,-0.03057835917381542,0.05708362697802709,0.08766198615184251
27,6,DeMarcus Ware,percentage,26.0,False,0.10595395291852175,0.011626916332426782,0.3701732512322643,0.3585463348998375
27,6,Bobby Bones,percentage,22.0,False,0.1717582593529971,0.0405091084769045,0.47467856878501746,0.434169460308113
27,6,Alexis Ren,percentage,27.0,False,0.13013002300214252,0.018433525950751345,0.3386201650480549,0.3201866390973036
27,6,Joe Amabile,percentage,22.0,False,0.11912000633596356,0.028376029061530538,0.25771363594068836,0.22933760687915783
27,7,Juan Pablo Di Pace,percentage,28.0,False,0.12243337311918838,0.030632599985783045,0.2617140735643622,0.23108147357857917
27,7,Evanna Lynch,percentage,29.5,False,0.09246252499716369,0.024498765880666774,0.20582406337774153,0.18132529749707477
27,7,John Schneider,percentage,27.0,True,0.031033451551683067,-0.0043726705116430495,0.07103667440427483,0.07540934491591789
27,7,Milo Manheim,percentage,29.0,False,0.1761140296111012,0.033799351856659283,0.40948325358468785,0.37568390172802857
27,7,DeMarcus Ware,percentage,26.5,True,0.034969797078528535,0.0010434300923149002,0.0754315630988665,0.0743881330065516
27,7,Bobby Bones,percentage,26.5,False,0.17401301049694687,0.04261231557528041,0.36993412495235567,0.3273218093770753
27,7,Alexis Ren,percentage,27.5,False,0.11376025686003272,0.037298931802331736,0.3188025457401383,0.28150361393780654
27,7,Joe Amabile,percentage,23.5,False,0.25521355628535336,0.06038986300085863,0.5859076363204158,0.5255177733195572
27,8,Juan Pablo Di Pace,percentage,30.0,True,0.05250392526022713,-0.0068463535833861765,0.11701278248494312,0.1238591360683293
27,8,Evanna Lynch,percentage,29.0,False,0.21647322798644994,0.07452246106747448,0.40338947686761045,0.328867015800136
27,8,Milo Manheim,percentage,27.5,False,0.20479856120624682,0.06747503520031585,0.4649879620644448,0.397512926864129
27,8,Bobby Bones,percentage,22.5,False,0.21645597337592223,0.10532746829284162,0.4150597572200834,0.3097322889272418
27,8,Alexis Ren,percentage,29.0,False,0.23612820303947216,0.05259725170743762,0.49667190977734255,0.4440746580699049
27,8,Joe Amabile,percentage,23.0,True,0.07364010913167972,0.005181989027650422,0.1535152951257177,0.14833330609806727
27,9,Evanna Lynch,percentage,30.0,False,0.14426916379614094,0.02768604967505245,0.2537117228417173,0.22602567316666483
27,9,Milo Manheim,percentage,30.0,False,0.27685460529204675,0.150646186171963,0.41988858010945584,0.26924239393749283
27,9,Bobby Bones,percentage,27.0,False,0.5066732426633146,0.35468666989714565,0.7095923642433992,0.3549056943462536
27,9,Alexis Ren,percentage,28.5,False,0.07220298824849611,0.006595950248414743,0.16647887830134236,0.15988292805292761
28,2,Kate Flannery,rank,21.0,False,0.10250335177411157,0.003032913282344632,0.24867096359656166,0.24563805031421704
28,2,James Van Der Beek,rank,20.0,False,0.08139848251894145,-0.0013411047049446678,0.1804749678643551,0.18181607256929977
28,2,Kel Mitchell,rank,20.0,False,0.10050742284184276,0.0018189522959613305,0.2926420252187949,0.29082307292283355
28,2,Ray Lewis,rank,15.0,False,0.06977868899465577,0.008396384534142737,0.16690903735805743,0.1585126528239147
28,2,Lamar Odom,rank,12.0,False,0.08663068201964186,0.015833908995986447,0.216899399213223,0.20106549021723655
28,2,Sailor Brinkley-Cook,rank,18.0,False,0.15338441741579817,0.01854235823518384,0.39218267562541065,0.3736403173902268
28,2,Sean Spicer,rank,16.0,False,0.08626950612271012,0.010521035029783023,0.2880315035310343,0.2775104685012513
28,2,Mary Wilson,rank,15.0,True,0.020820343360907614,-0.025670181408709462,0.05472693565370803,0.08039711706241749
28,2,Lauren Alaina,rank,19.0,False,0.06443024177454096,-0.010220664458349678,0.15327414001801176,0.16349480447636144
28,2,Ally Brooke,rank,20.0,False,0.074855456013667,-0.007069406463992782,0.19429256329672268,0.20136196976071546
28,2,Karamo Brown,rank,19.0,False,0.08499079776596699,0.004341555408722501,0.34251009473886374,0.33816853933014124
28,2,Hannah Brown,rank,24.0,False,0.07443060939721687,-0.0011485263916596496,0.1743825903830139,0.17553111677467356
28,4,Kate Flannery,rank,26.0,False,0.09947808072057736,0.005718856944933546,0.22721370540467759,0.22149484845974404
28,4,James Van Der Beek,rank,28.0,False,0.10111921957105774,0.005075055089771283,0.2493408799636885,0.24426582487391724
28,4,Kel Mitchell,rank,32.0,False,0.12281506744290782,0.0030438715283172936,0.2805836590117283,0.277539787483411
28,4,Lamar Odom,rank,20.0,True,0.035332628933563266,0.0007014264299665326,0.10324685274091895,0.10254542631095243
28,4,Sailor Brinkley-Cook,rank,31.0,False,0.10338662488503758,0.0031321579883594546,0.24341086417055516,0.2402787061821957
28,4,Sean Spicer,rank,21.0,False,0.1176224207234555,0.027096906730266532,0.2488249369282433,0.22172803019797677
28,4,Lauren Alaina,rank,32.0,False,0.06678277506478472,-0.02160791353984498,0.17447074685347483,0.1960786603933198
28,4,Ally Brooke,rank,32.0,False,0.1473516162143418,0.002327642021702478,0.4530738952178675,0.450746253196165
28,4,Karamo Brown,rank,28.0,False,0.10410415565841859,0.011067783183059045,0.2675787884565044,0.25651100527344534
28,4,Hannah Brown,rank,32.0,False,0.10200741078585282,-0.00024400156804405302,0.2784562551617374,0.27870025672978144
28,6,Kate Flannery,rank,27.0,False,0.04530807802022402,0.01009048002644379,0.10870791199031782,0.09861743196387403
28,6,James Van Der Beek,rank,27.0,False,0.10937635837362614,0.019656189335630785,0.23921006388223964,0.21955387454660885
28,6,Kel Mitchell,rank,26.0,False,0.11303727125799568,0.025006081804160342,0.36183669683024844,0.3368306150260881
28,6,Sailor Brinkley-Cook,rank,27.0,True,0.018075515574871307,-0.02050658084194029,0.04864820067554909,0.06915478151748938
28,6,Sean Spicer,rank,21.0,False,0.2343197046031181,0.12846507048191302,0.41630047439595647,0.28783540391404344
28,6,Lauren Alaina,rank,26.0,False,0.06391931018864369,0.02646793949991406,0.11766569519667919,0.09119775569676512
28,6,Ally Brooke,rank,25.0,False,0.11696397204794844,0.04936584673786633,0.2502571285035998,0.2008912817657335
28,6,Karamo Brown,rank,25.0,False,0.12094718032372628,0.04435717142482232,0.20335106689799165,0.15899389547316933
28,6,Hannah Brown,rank,24.0,False,0.17805260960984604,0.11137070315592379,0.2782935124769457,0.16692280932102194
28,7,Kate Flannery,rank,24.0,False,0.20274084918917212,0.04632390165744231,0.4845756861470397,0.4382517844895974
28,7,James Van Der Beek,rank,27.0,False,0.09091697647222441,0.0028792351891252024,0.2497072771535443,0.2468280419644191
28,7,Kel Mitchell,rank,25.5,False,0.14837696049764143,0.0307793806325772,0.28595704353273554,0.25517766290015836
28,7,Sean Spicer,rank,21.0,False,0.15986082354952522,0.041733438449770024,0.4479305683940599,0.4061971299442899
28,7,Lauren Alaina,rank,27.0,False,0.11528758954258476,0.008722401794947987,0.2887128878775119,0.27999048608256394
28,7,Ally Brooke,rank,27.0,False,0.11831492368824335,0.0057365423374537115,0.27602581837890944,0.27028927604145575
28,7,Karamo Brown,rank,24.5,True,0.03642196331067275,0.0007281172291112425,0.09650646249178617,0.09577834526267492
28,7,Hannah Brown,rank,26.0,False,0.1280799137499372,0.01728933401414825,0.34459040530478857,0.32730107129064034
28,8,Kate Flannery,rank,25.9998,True,0.04430510535531242,-0.001570338462644599,0.11820021687407567,0.11977055533672026
28,8,James Van Der Beek,rank,31.9998,False,0.1452226180078563,0.012173472382135528,0.3156543406355817,0.30348086825344617
28,8,Kel Mitchell,rank,29.9998,False,0.16121089964059163,0.04245243955611497,0.33377426929788484,0.2913218297417699
28,8,Sean Spicer,rank,20.0,False,0.20301509602770448,0.05300439369529595,0.41170363121246956,0.3586992375171736
28,8,Lauren Alaina,rank,24.0,False,0.18822942794257827,0.03986636586153364,0.4548422983740769,0.4149759325125433
28,8,Ally Brooke,rank,30.0,False,0.09161046193749738,0.003949456493470747,0.27770483434851195,0.2737553778550412
28,8,Hannah Brown,rank,30.9998,False,0.16640639108845803,0.007805512962126246,0.4760030620872223,0.4681975491250961
28,9,James Van Der Beek,rank,36.0,False,0.16601449253520745,0.008370468306695737,0.4974791684277641,0.48910870012106833
28,9,Kel Mitchell,rank,37.0,False,0.11281902288398328,0.013597644588235803,0.2829063501323845,0.2693087055441487
28,9,Sean Spicer,rank,25.0,True,0.08270946965668857,0.008443012683262746,0.2426377353546163,0.23419472267135355
28,9,Lauren Alaina,rank,35.0,False,0.31485829068528537,0.07100035501659732,0.5461616581285731,0.4751613031119758
28,9,Ally Brooke,rank,40.0,False,0.1610825354676736,0.008453253762058455,0.41507192678258126,0.4066186730205228
28,9,Hannah Brown,rank,35.5,False,0.16251618877116145,0.020532449875574527,0.39868740005160297,0.37815495017602846
28,10,James Van Der Beek,rank,25.5,True,0.10566000866940409,0.016679953094049675,0.24281100840188352,0.22613105530783384
28,10,Kel Mitchell,rank,28.5,False,0.16208075547113124,0.017914940494140916,0.3771875926488389,0.35927265215469795
28,10,Lauren Alaina,rank,27.0,False,0.24755442059114802,0.08229548504707868,0.46583306179036166,0.383537576743283
28,10,Ally Brooke,rank,29.5,False,0.14889401928012266,0.012482861985041546,0.40489593717510536,0.3924130751900638
28,10,Hannah Brown,rank,27.0,False,0.33581079598819336,0.14551861388210763,0.5770621589796953,0.43154354509758763
28,11,Kel Mitchell,rank,29.5,False,0.24482762738890504,0.09467663481882937,0.3950610991279673,0.3003844643091379
28,11,Lauren Alaina,rank,28.5,False,0.18248875872780207,0.02196133746855644,0.3473625731781717,0.32540123570961527
28,11,Ally Brooke,rank,30.0,False,0.11430514889716949,0.010284553198020241,0.2700344284943505,0.25974987529633026
28,11,Hannah Brown,rank,29.0,False,0.45837846498612217,0.30931669664915534,0.756314980991097,0.4469982843419416
29,2,Anne Heche,rank,18.0,False,0.061845912420485205,0.0022091429777872968,0.16103966616591658,0.1588305231881293
29,2,Jesse Metcalfe,rank,20.0,False,0.06230819669284464,-0.04856839414434728,0.20679516316970936,0.25536355731405663
29,2,Chrishell Stause,rank,18.0,False,0.09731869149458074,-0.04952688303746387,0.29922389261195464,0.34875077564941853
29,2,Skai Jackson,rank,15.0,False,0.0911426537592684,0.018951717969736995,0.24771543542840915,0.22876371745867216
29,2,Justina Machado,rank,21.0,False,0.07531019775420467,-0.042116283160641,0.22153761044149833,0.2636538936021393
29,2,Charles Oakley,rank,15.0,True,0.010193695067286365,-0.03420451876008489,0.038207652576355375,0.07241217133644026
29,2,Veron Davis,rank,18.0,False,0.0678555448831691,0.0019064050934016682,0.18051502863991525,0.17860862354651358
29,2,Johnny Weir,rank,18.0,False,0.06739483461131306,-0.020416114544064275,0.16622818824054242,0.1866443027846067
29,2,Nev Schulman,rank,21.0,False,0.059668477075226725,-0.009743569093919102,0.15963867335181234,0.16938224244573144
29,2,AJ McLean,rank,19.0,False,0.07513074691695784,0.004670212883973464,0.18638026270615102,0.18171004982217756
29,2,Nelly,rank,18.0,False,0.04961151481766019,-0.010144282514766748,0.11809013566201959,0.12823441817678632
29,2,Kaitlyn Bristowe,rank,22.0,False,0.0820440791589734,-0.0024346815877811095,0.2171742043446247,0.2196088859324058
29,2,Carole Baskin,rank,16.0,False,0.09604030580758466,0.011831034156593097,0.3079652814695556,0.2961342473129625
29,2,Monica Aldama,rank,16.0,False,0.05722050135642098,0.0009895495243140609,0.14778449406234845,0.14679494453803438
29,2,Jeannie Mai,rank,18.0,False,0.04691464818402292,-0.01661015526713166,0.1399526638712721,0.15656281913840375
29,3,Anne Heche,rank,15.0,False,0.13964492335002968,0.03260746942194394,0.30078957900621167,0.26818210958426775
29,3,Jesse Metcalfe,rank,20.0,False,0.06274441847792285,-0.016500790784623798,0.16868848900851152,0.18518927979313532
29,3,Chrishell Stause,rank,22.0,False,0.0555970295891952,-0.01744098615194493,0.12933472566722737,0.1467757118191723
29,3,Skai Jackson,rank,18.0,False,0.09733608122056296,0.007564801813750854,0.26473585511747816,0.2571710533037273
29,3,Justina Machado,rank,19.0,False,0.0522736757989592,-0.018014352350062088,0.13947109684013972,0.1574854491902018
29,3,Veron Davis,rank,22.0,False,0.07287166750655473,0.005124322451621338,0.15644081134201435,0.151316488890393
29,3,Johnny Weir,rank,24.0,False,0.06090975682712425,-0.014970046075809283,0.16090259460252557,0.17587264067833486
29,3,Nev Schulman,rank,24.0,False,0.08303935801805959,0.003898889213216128,0.1900959252398546,0.18619703602663848
29,3,AJ McLean,rank,21.0,False,0.06869189427215545,-0.009773980473631726,0.1936814872965943,0.20345546777022602
29,3,Nelly,rank,18.0,False,0.07716229121510242,0.007157751438509531,0.18661226185417434,0.17945451041566482
29,3,Kaitlyn Bristowe,rank,23.0,False,0.06784840510445077,-0.0007153736506353703,0.16875337970044754,0.1694687533510829
29,3,Carole Baskin,rank,12.0,True,0.018690228056404707,-0.03624335526132006,0.057378759720248765,0.09362211498156883
29,3,Monica Aldama,rank,21.0,False,0.08069305448749477,0.00998139572624962,0.19061863527784945,0.18063723955159983
29,3,Jeannie Mai,rank,22.0,False,0.06249721607598468,-0.014713061490403734,0.16533003789931175,0.1800430993897155
29,4,Anne Heche,rank,21.0,True,0.018753397282099314,-0.021672938099220645,0.05250623557582882,0.07417917367504946
29,4,Jesse Metcalfe,rank,21.0,False,0.07921734694503416,0.023720792670309826,0.15951017536287918,0.13578938269256935
29,4,Chrishell Stause,rank,22.0,False,0.1290821613878337,0.00041004130152006205,0.3227847017451605,0.32237466044364044
29,4,Skai Jackson,rank,28.0,False,0.07300743885282701,0.0001431830849072599,0.1644538671974896,0.16431068411258234
29,4,Justina Machado,rank,24.0,False,0.07543472987139725,-0.020051845635251336,0.20447132714537664,0.22452317278062797
29,4,Veron Davis,rank,22.0,False,0.08726325311693206,-0.06525200807681224,0.22364419344994632,0.28889620152675854
29,4,Johnny Weir,rank,24.0,False,0.0714615688878123,0.0039678838852852776,0.15159277123530593,0.14762488735002066
29,4,Nev Schulman,rank,24.0,False,0.058174141043521824,-0.016131243856544207,0.15639775596717417,0.1725289998237184
29,4,AJ McLean,rank,24.0,False,0.09613900017093936,0.0011156580047228873,0.224576919524468,0.22346126151974513
29,4,Nelly,rank,21.0,False,0.09567148804452673,0.01634266279447199,0.28002873317237587,0.26368607037790387
29,4,Kaitlyn Bristowe,rank,25.0,False,0.07302738548610113,0.007736915111693429,0.19013379767224853,0.18239688256055508
29,4,Monica Aldama,rank,24.0,False,0.0667298712048271,-0.0021960146980197597,0.1440940765121219,0.14629009121014164
29,4,Jeannie Mai,rank,21.0,False,0.0760382177061476,0.014940120491799096,0.15487762948032502,0.13993750898852592
29,5,Jesse Metcalfe,rank,19.0,True,0.029949548398192215,-0.012730556394948854,0.08349016141558584,0.09622071781053469
29,5,Chrishell Stause,rank,19.0,False,0.0922013313373529,0.014597756120239579,0.21835647271608036,0.20375871659584077
29,5,Skai Jackson,rank,24.0,False,0.0898607800900782,0.005386154522554816,0.18587670344846463,0.18049054892590982
29,5,Justina Machado,rank,24.0,False,0.08637930422453546,0.010521650583207864,0.2563553297350543,0.24583367915184645
29,5,Veron Davis,rank,21.0,False,0.09361977217075752,0.007949324618650867,0.22070772248798948,0.21275839786933862
29,5,Johnny Weir,rank,29.0,False,0.09593879002620874,0.00431394551961424,0.2210687540441639,0.21675480852454965
29,5,Nev Schulman,rank,26.0,False,0.11567544945098708,0.003779667242938385,0.33195677080662983,0.32817710356369145
29,5,AJ McLean,rank,24.0,False,0.08786745738972015,0.003280331970695872,0.20240075025659154,0.19912041828589566
29,5,Nelly,rank,24.0,False,0.0662113936375225,0.0033980300551991645,0.1525422908216401,0.1491442607664409
29,5,Kaitlyn Bristowe,rank,27.0,False,0.06499392814871571,-0.01752237690135644,0.20060395737044057,0.218126334271797
29,5,Monica Aldama,rank,26.0,False,0.08024023920314202,-0.03286388946227316,0.3266987227246304,0.35956261218690355
29,5,Jeannie Mai,rank,24.0,False,0.09706200592278905,-0.004371984670893413,0.21508457347169566,0.21945655814258908
29,6,Chrishell Stause,rank,24.0,False,0.08374891669634563,0.007888457581907395,0.19908088825868467,0.19119243067677727
29,6,Skai Jackson,rank,18.0,False,0.11763900172663468,0.025144863874811966,0.2756065524549036,0.25046168858009166
29,6,Justina Machado,rank,27.0,False,0.10415962768664719,0.0016797094527053898,0.2013894902778383,0.1997097808251329
29,6,Veron Davis,rank,21.0,True,0.02911410584424502,-0.0014408310860542564,0.0696899379977493,0.07113076908380354
29,6,Johnny Weir,rank,22.0,False,0.09950024883698202,0.02965138914324552,0.2059514596020259,0.17630007045878038
29,6,Nev Schulman,rank,26.0,False,0.12685639577669985,0.005767732949184363,0.3168363656505282,0.31106863270134383
29,6,AJ McLean,rank,27.0,False,0.09632799364757508,-0.008190149684528046,0.2885213629009304,0.2967115125854584
29,6,Nelly,rank,24.0,False,0.11497664165682374,0.0028522566917384556,0.3003014490585347,0.29744919236679623
29,6,Kaitlyn Bristowe,rank,27.0,False,0.0724947283802119,0.003339459740667399,0.23709712562405774,0.23375766588339034
29,6,Monica Aldama,rank,27.0,False,0.07637722486473024,-0.007612112299590646,0.18563780131833166,0.1932499136179223
29,6,Jeannie Mai,rank,25.0,False,0.07880511488310474,-0.003781058708585623,0.24946696698362808,0.2532480256922137
29,7,Chrishell Stause,rank,26.0,False,0.0960973203091171,0.004056536665274987,0.36377883164248515,0.35972229497721014
29,7,Skai Jackson,rank,27.0,False,0.10533065681914756,0.008213463500933285,0.2835420321101607,0.27532856860922744
29,7,Justina Machado,rank,26.0,False,0.13053998295027244,0.01953009486600418,0.2943447683367957,0.2748146734707915
29,7,Johnny Weir,rank,27.0,False,0.09838464681624566,0.006265825536038087,0.21576323687086796,0.20949741133482988
29,7,Nev Schulman,rank,30.0,False,0.10337247313531668,0.0031600191003746878,0.36720539554300713,0.36404537644263246
29,7,AJ McLean,rank,26.0,False,0.10319894437623925,0.004868127437496275,0.24353850460913104,0.23867037717163475
29,7,Nelly,rank,27.0,False,0.06732404310065482,0.0018256334376864566,0.18287087497958293,0.18104524154189647
29,7,Kaitlyn Bristowe,rank,24.0,False,0.1016106330503265,0.033698459983696666,0.23363818844102366,0.199939728457327
29,7,Monica Aldama,rank,22.0,True,0.03150156549108311,-0.015081114291745218,0.08059508125892385,0.09567619555066907
29,7,Jeannie Mai,rank,25.0,False,0.1626397339515985,0.013472655396804274,0.4175385790615799,0.4040659236647756
29,8,Chrishell Stause,rank,27.0,True,0.03379388002010884,0.001482283568362188,0.09463630135142193,0.09315401778305973
29,8,Skai Jackson,rank,26.9998,False,0.21802959838695557,0.0367516268538777,0.4472837120382685,0.41053208518439077
29,8,Justina Machado,rank,28.9998,False,0.1372635168799658,0.013926184591689806,0.31442212327772484,0.300495938686035
29,8,Johnny Weir,rank,30.0,False,0.11610170610693223,0.005832326852092421,0.3019099946319684,0.296077667779876
29,8,Nev Schulman,rank,30.0,False,0.1327873965696275,0.004957767774300237,0.36943303446106623,0.364475266686766
29,8,AJ McLean,rank,27.0,False,0.13980860384693772,0.027243263870146972,0.32053418774045667,0.2932909238703097
29,8,Nelly,rank,24.0,False,0.10594946872239498,0.036524528569554675,0.21199589778630096,0.17547136921674628
29,8,Kaitlyn Bristowe,rank,28.0,False,0.11626582946707674,0.014207954013277542,0.3167321955314003,0.30252424151812274
29,9,Skai Jackson,rank,28.9998,False,0.20509192573002474,0.021090958541505198,0.4771494274662256,0.45605846892472035
29,9,Justina Machado,rank,25.9998,False,0.2212024780851708,0.06884998185138816,0.4240429755110716,0.3551929936596835
29,9,Johnny Weir,rank,30.0,False,0.08492865265044063,0.0016734988633576899,0.23691085205905088,0.2352373531956932
29,9,Nev Schulman,rank,28.9998,False,0.12726555163833903,0.02078857890827745,0.2785604747304241,0.25777189582214666
29,9,AJ McLean,rank,24.9998,True,0.06290544050042653,-0.0028468311415422304,0.1565551402874774,0.15940197142901963
29,9,Nelly,rank,24.0,False,0.17818306057216488,0.04083057965617446,0.39084389463249875,0.35001331497632426
29,9,Kaitlyn Bristowe,rank,30.0,False,0.12042289082343355,0.015148051433160878,0.26918734249795107,0.2540392910647902
29,10,Skai Jackson,rank,28.5,True,0.07031329093022111,0.0034923303636061123,0.16998138542101027,0.16648905505740416
29,10,Justina Machado,rank,29.0,False,0.18840804009360818,0.03758938357282219,0.4448885656544947,0.4072991820816725
29,10,Johnny Weir,rank,28.5,True,0.06693463025398229,0.0034781938161510886,0.15394166687229083,0.15046347305613975
29,10,Nev Schulman,rank,30.0,False,0.16717158897007334,0.01923750101556815,0.4436240873208684,0.42438658630530024
29,10,Nelly,rank,28.0,False,0.26219816284794073,0.10489714905331904,0.45769325232243596,0.3527961032691169
29,10,Kaitlyn Bristowe,rank,30.0,False,0.24497428690417403,0.038487637562436366,0.5697753208448184,0.5312876832823821
29,11,Justina Machado,rank,30.0,False,0.08802191959062339,0.006954278252217997,0.20314717762749368,0.19619289937527568
29,11,Nev Schulman,rank,30.0,False,0.27302960341601,0.12196582485638552,0.3983939364213337,0.2764281115649482
29,11,Nelly,rank,28.5,False,0.17228916364134472,0.0693153441432031,0.2707608034207931,0.20144545927759
29,11,Kaitlyn Bristowe,rank,30.0,False,0.4666593133520215,0.2986513645310635,0.74412719492055,0.4454758303894865
30,2,Martin Kove,rank,15.0,True,0.010004331717970775,-0.04378938092439964,0.03748896551419459,0.08127834643859423
30,2,Brian Austin Green,rank,23.0,False,0.060684750857795594,-0.00862426160861501,0.15936045535933643,0.16798471696795145
30,2,Melora Hardin,rank,27.0,False,0.07600191732673357,-0.0406097454750171,0.21017512861971321,0.2507848740947303
30,2,Matt James,rank,22.0,False,0.08246227183692521,0.010747428245089414,0.21339546826527153,0.2026480400201821
30,2,"Mike ""The Miz"" Mizanin",rank,26.0,False,0.06651010759077432,-0.008828869144276382,0.19390540099282955,0.20273427013710593
30,2,Suni Lee,rank,28.0,False,0.03985675784306542,-0.05025412966931142,0.16315665500956064,0.21341078467887206
30,2,Iman Shumpert,rank,25.0,False,0.08348887475679531,-0.03743666479680696,0.2568001991089738,0.29423686390578074
30,2,Cody Rigsby,rank,24.0,False,0.07319351778933463,0.00282174769618216,0.2627356353450899,0.25991388764890777
30,2,Melanie C,rank,30.0,False,0.07927721759635405,0.0004388451815317898,0.2343232250548864,0.23388437987335461
30,2,Jimmie Allen,rank,27.0,False,0.069580447606119,-0.023569542839934808,0.20931536630203124,0.23288490914196605
30,2,Olivia Jade,rank,27.0,False,0.06261782787070055,-0.042553111637043436,0.17119028893825705,0.2137434005753005
30,2,JoJo Siwa,rank,31.0,False,0.07485901777857547,-0.033872631010614856,0.20430471656572732,0.23817734757634218
30,2,Christine Chiu,rank,24.0,False,0.07504930675531978,2.2752036586793506e-05,0.22354337220489232,0.2235206201683055
30,2,Kenya Moore,rank,24.0,False,0.05589417924421449,-0.04654728947978789,0.18129304760734655,0.22784033708713444
30,2,Amanda Kloots,rank,32.0,False,0.09051947342932228,0.003903511493191981,0.24534666700525476,0.24144315551206277
30,3,Brian Austin Green,rank,19.0,False,0.07862690974224697,0.03651498598134264,0.15709383217010203,0.12057884618875939
30,3,Melora Hardin,rank,23.0,False,0.06530493975114801,-0.03075147255592752,0.22651965278675545,0.257271125342683
30,3,Matt James,rank,20.0,False,0.09419789259136413,0.01528366939851516,0.37412766678251275,0.3588439973839976
30,3,"Mike ""The Miz"" Mizanin",rank,22.0,False,0.06994010441941036,0.01281939520802805,0.17775921257987257,0.16493981737184452
30,3,Suni Lee,rank,21.0,False,0.07021751886098358,0.0052205672639178136,0.16406969225130072,0.1588491249873829
30,3,Iman Shumpert,rank,19.0,False,0.08910597658193872,0.034998179898280676,0.17074209484684127,0.13574391494856058
30,3,Cody Rigsby,rank,18.0,False,0.11037212801832266,0.035694091209237847,0.24498012074010672,0.2092860295308689
30,3,Melanie C,rank,22.0,False,0.06834597950242326,0.0019375641489035728,0.18226964074133203,0.18033207659242845
30,3,Jimmie Allen,rank,20.0,False,0.07563127860411382,0.018013035512222154,0.21488272729785723,0.19686969178563507
30,3,Olivia Jade,rank,24.0,False,0.046184067896335314,-0.023482098907296252,0.11874714666349162,0.14222924557078787
30,3,JoJo Siwa,rank,24.0,False,0.11564229360832269,0.0001271797514221084,0.32722503119569146,0.32709785144426934
30,3,Christine Chiu,rank,21.0,True,0.005122555484993539,-0.038768501544278515,0.03597271264183638,0.0747412141861149
30,3,Kenya Moore,rank,21.0,False,0.057387242299260136,0.004162329105971916,0.14061644327367276,0.13645411416770084
30,3,Amanda Kloots,rank,24.0,False,0.05392111263913993,-0.012546193915322905,0.14072839059311024,0.15327458450843315
30,4,Brian Austin Green,rank,26.0,True,0.033770199005439414,-0.01569046153962699,0.08361498486049809,0.09930544640012509
30,4,Melora Hardin,rank,36.5,False,0.062453127729829805,-0.012829217756348862,0.22187490816199618,0.23470412591834505
30,4,Matt James,rank,28.5,True,0.025993340524880948,-0.02203885072491852,0.07508624096384582,0.09712509168876435
30,4,"Mike ""The Miz"" Mizanin",rank,32.5,False,0.08286625766936336,0.00036664212451196815,0.20122802450270544,0.20086138237819348
30,4,Suni Lee,rank,34.0,False,0.07937181245232243,-0.07579117759191559,0.24803126696179204,0.3238224445537076
30,4,Iman Shumpert,rank,31.5,False,0.0687353297490656,0.004510219616302394,0.16714823172676516,0.16263801211046275
30,4,Cody Rigsby,rank,29.0,False,0.09990298766856658,0.01656193224903167,0.2249697644155422,0.20840783216651054
30,4,Melanie C,rank,33.0,False,0.09243107005133834,0.002662252580807916,0.27562627131589457,0.27296401873508663
30,4,Jimmie Allen,rank,32.5,False,0.08332290385562559,0.011286408710934212,0.24598427178558072,0.23469786307464652
30,4,Olivia Jade,rank,35.0,False,0.059150666399003134,0.0020313268678372144,0.1577432916399474,0.1557119647721102
30,4,JoJo Siwa,rank,35.0,False,0.06931119978660072,0.0009340342905897553,0.14994882509476942,0.14901479080417968
30,4,Kenya Moore,rank,29.5,False,0.11394482702811087,0.020357085226697033,0.2898335205469463,0.26947643532024923
30,4,Amanda Kloots,rank,34.0,False,0.12874627807985398,0.011021771839775237,0.2987148421863406,0.2876930703465653
30,5,Melora Hardin,rank,36.0,False,0.07286022810196954,0.007653354720877498,0.24577913501981433,0.23812578029893683
30,5,"Mike ""The Miz"" Mizanin",rank,32.0,False,0.08528190311078536,0.028420896220514472,0.18195777182168715,0.15353687560117268
30,5,Suni Lee,rank,36.0,False,0.12474033592335482,0.01553855208564469,0.25970560812193305,0.24416705603628835
30,5,Iman Shumpert,rank,28.0,False,0.13661354076174437,0.03841452428327348,0.36837836203036356,0.3299638377470901
30,5,Cody Rigsby,rank,32.0,False,0.1229641996838634,0.0252841773400983,0.2783323794424236,0.2530482021023253
30,5,Melanie C,rank,36.0,True,0.006851441319663411,-0.03272397247235518,0.03781813115579647,0.07054210362815165
30,5,Jimmie Allen,rank,34.0,False,0.09207778849674093,0.013684576507726053,0.22694268993980976,0.2132581134320837
30,5,Olivia Jade,rank,36.0,False,0.061498262392882336,0.0007793330018544611,0.15824115440776368,0.15746182140590922
30,5,JoJo Siwa,rank,40.0,False,0.10090081750095736,0.007705170985443225,0.2993096082025502,0.291604437217107
30,5,Kenya Moore,rank,36.0,False,0.09715272993920718,0.004692297141391855,0.3308428472559129,0.32615055011452104
30,5,Amanda Kloots,rank,39.0,False,0.09905875276883233,-0.037703507913863246,0.35550835446448675,0.39321186237835
30,6,Melora Hardin,rank,34.0,False,0.1120762989991651,0.03163822785637044,0.21573274860126088,0.18409452074489044
30,6,"Mike ""The Miz"" Mizanin",rank,34.0,False,0.10133275571048793,0.03232941199466216,0.19243506561266926,0.1601056536180071
30,6,Suni Lee,rank,36.0,False,0.1035989640106013,0.012853335445084404,0.28191867738376625,0.26906534193868187
30,6,Iman Shumpert,rank,40.0,False,0.12165121011246616,0.0009679592249982014,0.29096882259948686,0.29000086337448866
30,6,Cody Rigsby,rank,36.0,False,0.10726885504082266,0.007852767889220794,0.2599777712642331,0.2521250033750123
30,6,Jimmie Allen,rank,38.0,False,0.08635330414012408,0.0016402511787825744,0.20662162121532326,0.20498137003654068
30,6,Olivia Jade,rank,36.0,False,0.12433319447987835,0.02207298278070184,0.3035273083924068,0.28145432561170497
30,6,JoJo Siwa,rank,40.0,False,0.14605372145268955,0.014511033499353928,0.2565287282424228,0.24201769474306886
30,6,Kenya Moore,rank,32.0,True,0.03671500077238297,0.000259738222541446,0.08494566211988441,0.08468592389734297
30,6,Amanda Kloots,rank,38.0,False,0.060616695281382096,0.000739435307801746,0.15909726385393616,0.15835782854613442
30,7,Melora Hardin,rank,38.0,False,0.13619264620975874,0.01062200557848604,0.3450080043504804,0.3343859987719944
30,7,"Mike ""The Miz"" Mizanin",rank,32.0,True,0.03881171873027067,-0.01654079864707173,0.09648572995562371,0.11302652860269544
30,7,Suni Lee,rank,34.0,False,0.12164052174894714,0.04113689107332098,0.3475829193416867,0.30644602826836576
30,7,Iman Shumpert,rank,34.0,False,0.15312884988823547,0.04293070794210354,0.3312747710842262,0.2883440631421227
30,7,Cody Rigsby,rank,36.0,False,0.10716854633707762,0.008775145058849246,0.24032023045687712,0.23154508539802787
30,7,Jimmie Allen,rank,38.0,False,0.07442051768595581,0.0015017797488746949,0.20110638826660074,0.19960460851772605
30,7,Olivia Jade,rank,42.0,False,0.18107787810334117,0.012012166662782778,0.4382086538695755,0.42619648720679276
30,7,JoJo Siwa,rank,39.0,False,0.0779168451977422,0.0012988999818583646,0.18888396150978223,0.18758506152792387
30,7,Amanda Kloots,rank,34.0,False,0.10964247609867013,0.030891930034916994,0.19890341911980444,0.16801148908488744
30,8,Melora Hardin,rank,42.0,False,0.23785510867902854,0.03325961427200589,0.41812234501537915,0.38486273074337324
30,8,Suni Lee,rank,42.0,False,0.09860970135123823,0.0062670893561286994,0.2702406584390926,0.26397356908296393
30,8,Iman Shumpert,rank,35.0,False,0.16915032244851003,0.04865316184936231,0.37151928347455077,0.32286612162518846
30,8,Cody Rigsby,rank,38.0,False,0.14100366997649202,0.03366981192284118,0.282467228487229,0.2487974165643878
30,8,Jimmie Allen,rank,32.0,True,0.07214887560104062,0.004506398482361455,0.162135842182539,0.15762944370017754
30,8,Olivia Jade,rank,36.0,True,0.04161250480918596,-0.008262292918482147,0.09475616614844382,0.10301845906692596
30,8,JoJo Siwa,rank,41.0,False,0.11823887925769037,0.011630710686107925,0.3022320080963087,0.29060129741020074
30,8,Amanda Kloots,rank,42.0,False,0.12138093787681264,0.014652706790581137,0.28409639519268964,0.2694436884021085
30,9,Melora Hardin,rank,36.0,True,0.06283071304827846,0.005184980396588796,0.1391467106223254,0.1339617302257366
30,9,Suni Lee,rank,37.5,True,0.060034533918198144,0.0011112490968181975,0.1606569197108647,0.1595456706140465
30,9,Iman Shumpert,rank,37.5,False,0.20089446103587028,0.05604850748946924,0.4126996109992126,0.3566511035097434
30,9,Cody Rigsby,rank,35.5,False,0.2216711919976869,0.04845451939769622,0.3748615297256175,0.32640701032792124
30,9,JoJo Siwa,rank,40.0,False,0.2772185167979139,0.016343379777179777,0.5261125013964131,0.5097691216192333
30,9,Amanda Kloots,rank,39.5,False,0.1773505832020506,0.018662321902582026,0.3777488527974922,0.35908653089491016
30,10,Iman Shumpert,rank,40.0,False,0.5533735271561406,0.3460501100644049,0.8880594063135137,0.5420092962491088
30,10,Cody Rigsby,rank,38.0,False,0.1623070677593926,0.04938635723841776,0.3924616983667054,0.34307534112828764
30,10,JoJo Siwa,rank,40.0,False,0.22012444877994325,0.03120102914277402,0.41556086796666847,0.38435983882389446
30,10,Amanda Kloots,rank,39.0,False,0.06419495630452178,0.00013973316118127916,0.14548084907717976,0.1453411159159985
31,1,Jason Lewis,rank,18.0,True,0.007980061171222933,-0.042420311127228744,0.037990486221799215,0.08041079734902795
31,1,Cheryl Ladd,rank,21.0,False,0.09624233862366986,0.011144194576518399,0.22467437558055653,0.21353018100403814
31,1,Selma Blair,rank,28.0,False,0.05426084459445497,-0.04432220748817633,0.15084181501991242,0.19516402250808876
31,1,Joseph Baena,rank,23.0,False,0.0677222985720607,-0.008559423919643726,0.1721059163647779,0.18066534028442163
31,1,Trevor Donovan,rank,21.0,False,0.05936375388043911,-0.011644665275059224,0.18574363675849723,0.19738830203355645
31,1,Daniel Durant,rank,27.0,False,0.07372643521634603,-0.014187503185427233,0.2256822123643229,0.23986971554975012
31,1,Wayne Brady,rank,29.0,False,0.04945716070140585,-0.01397626840030549,0.13056836600923588,0.14454463440954138
31,1,Sam Champion,rank,20.0,False,0.06417148593740317,0.010802241684632063,0.14938928456879275,0.13858704288416068
31,1,Jessie James Decker,rank,20.0,False,0.057713086316723554,0.009354123827025516,0.12292623096506473,0.11357210713803922
31,1,Jordin Sparks,rank,26.0,False,0.0482447912542942,-0.05307615428787618,0.16615837591681187,0.21923453020468806
31,1,Heidi D'Amelio,rank,24.0,False,0.06741712957146619,-0.005822667871648236,0.16067901406428634,0.16650168193593456
31,1,Charli D'Amelio,rank,32.0,False,0.04543837792183883,-0.022533648892596216,0.122130766330514,0.14466441522311022
31,1,Teresa Giudice,rank,20.0,False,0.06507698666558534,0.009981561188383458,0.1395736744942745,0.12959211330589104
31,1,Vinny Guadagnino,rank,17.0,False,0.12254468646104487,0.011360280539678032,0.3086518918737178,0.29729161133403975
31,1,Shangela,rank,28.0,False,0.06002271683162882,0.003459681299968289,0.1661988354878473,0.16273915418787901
31,1,Gabby Windey,rank,28.0,False,0.060617846280415784,-0.030218097373083654,0.185099369833079,0.21531746720616265
31,2,Cheryl Ladd,rank,21.0,False,0.08761925318225493,0.013452385765530001,0.20176873750183522,0.1883163517363052
31,2,Selma Blair,rank,28.0,False,0.04562308761131018,-0.03015506491502388,0.11520613116975217,0.14536119608477605
31,2,Joseph Baena,rank,24.0,False,0.07487843830674985,0.010679342092812814,0.17814247911616327,0.16746313702335044
31,2,Trevor Donovan,rank,30.0,False,0.06807538860927535,0.0008808032695906201,0.1547610907558779,0.1538802874862873
31,2,Daniel Durant,rank,29.0,False,0.09267121661141872,-0.004626371214138745,0.2827345598997814,0.28736093111392014
31,2,Wayne Brady,rank,32.0,False,0.07681228700070977,0.005219542651178178,0.17183636938963315,0.16661682673845496
31,2,Sam Champion,rank,26.0,False,0.06473565767914852,-0.005098081114608974,0.16088335379791574,0.1659814349125247
31,2,Jessie James Decker,rank,25.0,False,0.06914417559804265,0.004737509130380638,0.20636013281738935,0.20162262368700873
31,2,Jordin Sparks,rank,27.0,False,0.07859491392523414,-0.013148781195642171,0.1900822735700896,0.20323105476573178
31,2,Heidi D'Amelio,rank,28.0,False,0.08247782978604978,0.0062034535800378765,0.19426428990753244,0.18806083632749457
31,2,Charli D'Amelio,rank,32.0,False,0.06803916186419792,0.0016189968011738121,0.22067042304209078,0.21905142624091697
31,2,Teresa Giudice,rank,23.0,True,0.013740862138716359,-0.029242821241687506,0.0554955285920575,0.08473834983374501
31,2,Vinny Guadagnino,rank,27.0,False,0.05855566605456854,-0.01373771348324139,0.12778373359687212,0.1415214470801135
31,2,Shangela,rank,28.0,False,0.06852629811740014,0.0008771352973914043,0.168527291152588,0.1676501558551966
31,2,Gabby Windey,rank,32.0,False,0.0505057635149206,-0.015429395502096755,0.12967059103563844,0.1450999865377352
31,3,Cheryl Ladd,rank,24.0,True,0.01640289449771205,-0.04148106926797364,0.051128207627049956,0.0926092768950236
31,3,Selma Blair,rank,28.0,False,0.053059398959504726,-0.018711113798999167,0.16361403506184208,0.18232514886084125
31,3,Joseph Baena,rank,29.0,False,0.06644291797238686,-0.005178160107244999,0.1933355081579516,0.19851366826519662
31,3,Trevor Donovan,rank,27.0,False,0.07306495184078902,0.008494413133747056,0.17837262748921565,0.1698782143554686
31,3,Daniel Durant,rank,31.0,False,0.07312149270314158,-0.012876263098141369,0.17883267307256873,0.1917089361707101
31,3,Wayne Brady,rank,33.0,False,0.10990624066694141,0.007633773340799371,0.3110484683678723,0.30341469502707297
31,3,Sam Champion,rank,25.0,False,0.09636717301740054,0.02836683869993574,0.19700057785288771,0.168633739152952
31,3,Jessie James Decker,rank,26.0,False,0.08128906039072413,-0.03341075395959615,0.2739033223618817,0.30731407632147784
31,3,Jordin Sparks,rank,29.0,False,0.07375667725751364,-0.01249187922042469,0.1988016492208047,0.2112935284412294
31,3,Heidi D'Amelio,rank,32.0,False,0.08629059250703618,-0.014650840019470961,0.2790002728164138,0.2936511128358848
31,3,Charli D'Amelio,rank,33.0,False,0.059538562824941764,-0.010151188164457897,0.12877378000825773,0.13892496817271563
31,3,Vinny Guadagnino,rank,23.0,False,0.07591382345995093,0.019479781614835483,0.16848877452837177,0.14900899291353628
31,3,Shangela,rank,30.0,False,0.06846232176040712,-0.000788945833691837,0.15446689102420819,0.1552558368579
31,3,Gabby Windey,rank,33.0,False,0.06638389214154988,-0.03402609025380171,0.17309627263819855,0.20712236289200026
31,4,Selma Blair,rank,32.0,False,0.0846227181502764,-0.007666591724969715,0.18366330571070696,0.1913298974356767
31,4,Joseph Baena,rank,28.0,False,0.09376639827860923,0.016994346402299805,0.2367571617068927,0.2197628153045929
31,4,Trevor Donovan,rank,28.0,False,0.07711929061342841,0.015867687371857314,0.1701607221708858,0.15429303479902848
31,4,Daniel Durant,rank,29.0,False,0.09105256126646796,-0.017815156038837,0.2707507872533366,0.2885659432921736
31,4,Wayne Brady,rank,36.0,False,0.08057455788987977,-0.010359366110153251,0.2660275573019254,0.27638692341207866
31,4,Sam Champion,rank,25.0,True,0.01726004447795502,-0.03443254656625969,0.050894902784411944,0.08532744935067163
31,4,Jessie James Decker,rank,31.0,False,0.06932001845313028,0.00022759002347860768,0.1672145139122317,0.16698692388875308
31,4,Jordin Sparks,rank,34.0,False,0.08163494296042301,-0.00608400933891904,0.24451650656898194,0.250600515907901
31,4,Heidi D'Amelio,rank,34.0,False,0.08314874679573664,-0.014575714871888194,0.2253561533057005,0.2399318681775887
31,4,Charli D'Amelio,rank,36.0,False,0.06697208443574795,-0.0019246043842393798,0.18555973289795488,0.18748433728219427
31,4,Vinny Guadagnino,rank,29.0,False,0.1299881173065019,0.00925022890131235,0.3071167969293325,0.2978665680280202
31,4,Shangela,rank,32.0,False,0.06035987982514942,-0.039205973322956,0.17243840591405576,0.21164437923701176
31,4,Gabby Windey,rank,36.0,False,0.06418063954669329,-0.024994670512218216,0.18571749098271537,0.21071216149493358
31,5,Selma Blair,rank,40.0,False,0.06547619922887302,-0.0023141274958305355,0.18355349374658012,0.18586762124241066
31,5,Joseph Baena,rank,35.0,True,0.015152364395770132,-0.06659493651658324,0.05625734745743325,0.12285228397401649
31,5,Trevor Donovan,rank,36.0,False,0.08395835413510855,0.006825821179661767,0.21705104441591958,0.2102252232362578
31,5,Daniel Durant,rank,33.5,False,0.07967041651170811,0.017742533274496243,0.20066473635815749,0.18292220308366125
31,5,Wayne Brady,rank,41.0,False,0.09185880886491814,0.0016427569392436859,0.2503400204891547,0.24869726354991104
31,5,Jessie James Decker,rank,36.0,False,0.07191516653612219,0.007765700061570985,0.15377874085660734,0.14601304079503635
31,5,Jordin Sparks,rank,35.5,False,0.17097373016601305,0.025117188033693595,0.30821347735912236,0.28309628932542874
31,5,Heidi D'Amelio,rank,39.0,False,0.0806605613259171,0.003293164087138532,0.2434292404381936,0.24013607635105508
31,5,Charli D'Amelio,rank,42.0,False,0.08218596417586983,-0.007382338773829012,0.2114799022345265,0.21886224100835552
31,5,Vinny Guadagnino,rank,31.0,False,0.11072809048724161,0.023238827705723004,0.2764390331385572,0.2532002054328342
31,5,Shangela,rank,38.5,False,0.07645044446536457,1.10357999332511e-05,0.2154400477445159,0.21542901194458264
31,5,Gabby Windey,rank,41.0,False,0.07096989970709297,0.003927024334031481,0.19770095581014602,0.19377393147611455
31,6,Trevor Donovan,rank,34.0,False,0.08947284041752421,0.02716527829786175,0.18669154068757804,0.1595262623897163
31,6,Daniel Durant,rank,34.0,False,0.08617265801292864,0.022506987696927536,0.18441886228788656,0.16191187459095902
31,6,Wayne Brady,rank,34.0,False,0.13399608716769343,0.017877750028379887,0.31124746503136147,0.2933697150029816
31,6,Jessie James Decker,rank,32.0,True,0.021862409433686954,-0.0039984166578053626,0.056702477196287904,0.06070089385409327
31,6,Jordin Sparks,rank,34.0,False,0.08199186922627513,0.02201847609354826,0.1686693373766118,0.14665086128306354
31,6,Heidi D'Amelio,rank,36.0,False,0.09850104594398364,0.008516010772047597,0.2851930415880683,0.2766770308160207
31,6,Charli D'Amelio,rank,40.0,False,0.15476684892795348,0.008753973283251032,0.3683216162363471,0.35956764295309607
31,6,Vinny Guadagnino,rank,28.0,False,0.09399205617179494,0.022281680013654673,0.23454365167792582,0.21226197166427113
31,6,Shangela,rank,36.0,False,0.15831050026928176,0.0037069716132114502,0.3971145146433508,0.39340754303013936
31,6,Gabby Windey,rank,37.0,False,0.08093368442887636,-0.012491412720174913,0.1970774531745385,0.2095688658947134
31,7,Trevor Donovan,rank,39.0,False,0.2089526223930414,0.009663554772997164,0.5076419627857286,0.4979784080127314
31,7,Daniel Durant,rank,36.5,False,0.10271011381139705,0.011807812901740433,0.23064392923899527,0.21883611633725483
31,7,Wayne Brady,rank,38.0,False,0.10436126482013482,0.012944436300811123,0.264150677504667,0.2512062412038559
31,7,Jordin Sparks,rank,34.5,True,0.037005479196223906,-0.0050614831449800335,0.09219668358720506,0.0972581667321851
31,7,Heidi D'Amelio,rank,35.0,False,0.1315814975759852,0.02231057877829503,0.311507660830061,0.289197082051766
31,7,Charli D'Amelio,rank,39.0,False,0.09771686734470764,0.005290116643684229,0.22910078958866198,0.22381067294497775
31,7,Vinny Guadagnino,rank,31.5,False,0.1491488970868034,0.03606898152939061,0.3566044241303638,0.3205354426009732
31,7,Shangela,rank,36.5,False,0.08176755994405398,0.007896276541495346,0.22965584068283434,0.221759564141339
31,7,Gabby Windey,rank,35.5,False,0.08675569782765134,0.0009289916725619442,0.22010833946878416,0.21917934779622222
31,8,Trevor Donovan,rank,39.0,False,0.13529820368532455,0.05288550036321842,0.28884627366701915,0.23596077330380072
31,8,Daniel Durant,rank,39.0,False,0.17782188649739397,0.06743141606272238,0.3609399078062196,0.29350849174349725
31,8,Wayne Brady,rank,45.0,False,0.13608324423188387,0.006720504078967224,0.39798996149996674,0.3912694574209995
31,8,Heidi D'Amelio,rank,35.0,True,0.05899010593768494,0.0014211130937347924,0.14354066972680565,0.14211955663307085
31,8,Charli D'Amelio,rank,45.0,False,0.08204487357375158,0.002416670775500687,0.19309295474892563,0.19067628397342495
31,8,Vinny Guadagnino,rank,29.0,True,0.06642152643999194,0.0029668348758946986,0.16851026787105963,0.16554343299516494
31,8,Shangela,rank,42.0,False,0.1746120352922135,0.02286238487598661,0.3937055853219348,0.37084320044594815
31,8,Gabby Windey,rank,40.0,False,0.16872812434175494,0.009928283657122311,0.49098229844643926,0.481054014789317
31,9,Trevor Donovan,rank,32.5,True,0.10795609995489382,0.006701824801891694,0.23498876691192416,0.22828694211003248
31,9,Daniel Durant,rank,34.5,True,0.07389497612973935,0.005965322242491619,0.17301182950956578,0.16704650726707415
31,9,Wayne Brady,rank,36.5,False,0.20707288223453854,0.0658329987053371,0.36939267727900665,0.30355967857366956
31,9,Charli D'Amelio,rank,40.0,False,0.21832641744492357,0.014101826583256623,0.7271260341423877,0.7130242075591311
31,9,Shangela,rank,36.5,False,0.2591682327662314,0.036713998316161386,0.45096506835980044,0.41425107004363904
31,9,Gabby Windey,rank,40.0,False,0.133581391469672,0.011702372880612898,0.3637122957605331,0.3520099228799202
31,10,Wayne Brady,rank,38.0,False,0.21179368978777782,0.06708547086137062,0.3578044382937051,0.2907189674323345
31,10,Charli D'Amelio,rank,40.0,False,0.4778882530717282,0.33288535536518504,0.6791664791171701,0.34628112375198505
31,10,Shangela,rank,38.0,False,0.07430679420349652,0.005633253202008099,0.1672938254018171,0.16166057219980898
31,10,Gabby Windey,rank,40.0,False,0.23601126293699773,0.08030634677127066,0.39834625462018214,0.31803990784891145
32,1,Jamie Lynn Spears,rank,15.0,False,0.058801232774709236,-0.0022208227239204695,0.15564028383422834,0.1578611065581488
32,1,Mira Sorvino,rank,17.0,False,0.07902009617116504,0.0001597676649579688,0.16495906471580893,0.16479929705085095
32,1,Barry Williams,rank,16.0,False,0.07352414286299175,-0.021956259671205004,0.3412154761509749,0.36317173582217993
32,1,Alyson Hannigan,rank,13.0,False,0.05719206541901568,-0.0205811444054622,0.2054387473825435,0.2260198917880057
32,1,Xochitl Gomez,rank,18.0,False,0.06691859277845327,-0.019105601628311212,0.26872116759889264,0.28782676922720385
32,1,Adrian Peterson,rank,18.0,False,0.059540630612193016,-0.015661062024008562,0.1451232039509958,0.16078426597500434
32,1,Matt Walsh,rank,12.0,True,0.012530221364373059,-0.03783082669471648,0.050117224584814477,0.08794805127953095
32,1,Tyson Beckford,rank,12.0,False,0.09857268976750463,0.009361125372431622,0.27363010489495404,0.26426897952252243
32,1,Jason Mraz,rank,21.0,False,0.0820989462184781,0.005593463072015449,0.2590685222063338,0.25347505913431834
32,1,Lele Pons,rank,19.0,False,0.1314644407930991,0.011840410549739644,0.2684622683019468,0.25662185775220714
32,1,Harry Jowsey,rank,12.0,False,0.06761574482594966,0.013972301457544356,0.15334808993255467,0.1393757884750103
32,1,Mauricio Umansky,rank,15.0,False,0.07167515267223407,-0.00896179906145601,0.24087567946248786,0.24983747852394386
32,1,Charity Lawson,rank,22.0,False,0.06919311603886188,-0.018579361382588408,0.18809221712841093,0.20667157851099932
32,1,Ariana Madix,rank,21.0,False,0.07185292770097094,0.0009170097253927111,0.19214330918851602,0.1912262994631233
32,2,Jamie Lynn Spears,rank,16.0,True,0.01320451745835117,-0.023574345210066794,0.04074552115635972,0.0643198663664265
32,2,Mira Sorvino,rank,18.0,False,0.051857741638049244,0.0058857332263567985,0.11062746784005092,0.10474173461369413
32,2,Barry Williams,rank,15.0,False,0.10076940802618128,0.028861770802082416,0.24053660284889697,0.21167483204681456
32,2,Alyson Hannigan,rank,19.0,False,0.04960532783545294,0.00216896496251278,0.13633686431228287,0.13416789934977008
32,2,Xochitl Gomez,rank,24.0,False,0.05814423058788928,-0.0038220803019457235,0.23069127261381386,0.2345133529157596
32,2,Adrian Peterson,rank,15.0,False,0.13286241708933524,0.03614907353696901,0.37412584311623776,0.33797676957926875
32,2,Tyson Beckford,rank,18.0,False,0.11374081429284591,0.022331788295791542,0.341268356740999,0.31893656844520746
32,2,Jason Mraz,rank,24.0,False,0.05970572536977596,0.00223487295918245,0.16377769493280617,0.1615428219736237
32,2,Lele Pons,rank,21.0,False,0.07354211388260622,0.0035687624162684265,0.17566351782264666,0.17209475540637822
32,2,Harry Jowsey,rank,15.0,False,0.09034232478698577,0.02612400971009414,0.23105201310723797,0.20492800339714384
32,2,Mauricio Umansky,rank,12.0,False,0.09972891464650377,0.04243674210828349,0.19304883766181496,0.15061209555353147
32,2,Charity Lawson,rank,21.0,False,0.08383406343948537,-0.007748044961870617,0.21849284945188288,0.2262408944137535
32,2,Ariana Madix,rank,20.0,False,0.07266240094653557,0.0051450203106623155,0.20847397987052024,0.2033289595598579
32,3,Mira Sorvino,rank,26.0,False,0.0856334666813688,-0.00555244691351809,0.2367702896892262,0.24232273660274428
32,3,Barry Williams,rank,25.0,False,0.07995224763412714,0.00319106895784136,0.18358629071741683,0.18039522175957548
32,3,Alyson Hannigan,rank,24.0,False,0.10766480086163825,0.006180220196600604,0.3328015261067568,0.3266213059101562
32,3,Xochitl Gomez,rank,32.0,False,0.08861191507217128,0.009468710522307869,0.21651028998445665,0.2070415794621488
32,3,Adrian Peterson,rank,22.0,False,0.09825834425418743,0.027511566391042692,0.21300161792289005,0.18549005153184736
32,3,Tyson Beckford,rank,20.0,True,0.02443839613479746,-0.0302105040172959,0.06330482621373935,0.09351533023103525
32,3,Jason Mraz,rank,34.0,False,0.07112054492947609,-0.012934019874741375,0.22378964896665635,0.23672366884139773
32,3,Lele Pons,rank,27.0,False,0.11607872499959312,0.003909642357154617,0.3708312816410243,0.36692163928386967
32,3,Harry Jowsey,rank,24.0,False,0.09082774054664641,-0.011187159678997406,0.2551511912122555,0.2663383508912529
32,3,Mauricio Umansky,rank,23.0,False,0.0683144751727957,0.0012284890022412447,0.17411631567406527,0.17288782667182404
32,3,Charity Lawson,rank,32.0,False,0.06246861357546006,-0.00757109999629986,0.19213650474975538,0.19970760474605526
32,3,Ariana Madix,rank,34.0,False,0.10663073013773922,0.004668493867413422,0.3128195505749571,0.30815105670754367
32,4,Mira Sorvino,rank,21.0,False,0.08897096646699561,0.010107912737520333,0.2116624974619874,0.20155458472446708
32,4,Barry Williams,rank,18.0,False,0.1152600205842889,0.04197818223460267,0.24227687269979215,0.20029869046518947
32,4,Alyson Hannigan,rank,18.0,False,0.10015353400807966,0.04098454346529864,0.17870958617931132,0.13772504271401267
32,4,Xochitl Gomez,rank,27.0,False,0.1272727113817767,0.0016733489408309703,0.3355412511436707,0.33386790220283974
32,4,Adrian Peterson,rank,21.0,True,0.017110905481323192,-0.01341171263207449,0.047850336063063444,0.06126204869513793
32,4,Jason Mraz,rank,24.0,False,0.08019886044091734,-0.0004931584950953287,0.2507161679493723,0.25120932644446764
32,4,Lele Pons,rank,22.0,False,0.07787366127822948,0.0011349438080004368,0.20839539856849712,0.20726045476049668
32,4,Harry Jowsey,rank,21.0,False,0.1403318897688143,0.01764814336948472,0.28256179032387335,0.2649136469543886
32,4,Mauricio Umansky,rank,19.0,False,0.09217160572757907,0.02357137969234953,0.2230507109935423,0.19947933130119277
32,4,Charity Lawson,rank,24.0,False,0.07071038706803495,0.004139387154653006,0.1930995587338556,0.18896017157920258
32,4,Ariana Madix,rank,25.0,False,0.08994545779396064,0.0018507226451768173,0.2416396645552527,0.23978894191007588
32,5,Mira Sorvino,rank,22.0,True,0.019147637821242982,-0.017042694512125516,0.046705457699830116,0.06374815221195564
32,5,Barry Williams,rank,24.0,False,0.17539987368207005,0.015961426528091724,0.42748788789689884,0.4115264613688071
32,5,Alyson Hannigan,rank,21.0,False,0.17460837119539005,0.02752013837753506,0.42487786585766185,0.39735772748012677
32,5,Xochitl Gomez,rank,28.0,False,0.08225996068780753,0.0046176943369525755,0.18182050392863902,0.17720280959168644
32,5,Jason Mraz,rank,27.0,False,0.11539315601769005,0.006414117210197724,0.3230385787363308,0.31662446152613305
32,5,Lele Pons,rank,24.0,False,0.0752549613142074,0.019142514964952395,0.2049999798430965,0.1858574648781441
32,5,Harry Jowsey,rank,18.0,False,0.10278652754935756,0.032639831613036525,0.20436814171915685,0.17172831010612033
32,5,Mauricio Umansky,rank,24.0,False,0.10406981746654341,0.024097989687774372,0.2948692719702154,0.270771282282441
32,5,Charity Lawson,rank,28.0,False,0.06820796122638682,5.5360154051591753e-05,0.16689487514458837,0.16683951499053679
32,5,Ariana Madix,rank,24.0,False,0.08287173303930255,0.01423798732289928,0.20641852614169334,0.19218053881879407
32,6,Barry Williams,rank,32.0,False,0.09868816882364845,0.021516993394641665,0.2697432471337027,0.24822625373906101
32,6,Alyson Hannigan,rank,31.0,False,0.14370575716039566,0.043395986466256864,0.3327373686013144,0.28934138213505756
32,6,Xochitl Gomez,rank,42.0,False,0.16031643765486134,0.009833803319302795,0.31463989823996646,0.3048060949206637
32,6,Jason Mraz,rank,39.0,False,0.0943105172083216,0.005998829076394194,0.2384061771238107,0.23240734804741653
32,6,Lele Pons,rank,37.0,False,0.09973783278169254,0.020119921838405084,0.21416380072215263,0.19404387888374755
32,6,Harry Jowsey,rank,29.0,False,0.20463174194038986,0.06404038640935952,0.5199153801861023,0.4558749937767428
32,6,Mauricio Umansky,rank,33.0,True,0.02708869489434927,-0.007664011389021864,0.07282264347241509,0.08048665486143695
32,6,Charity Lawson,rank,38.0,False,0.1007060541110463,0.006876933822912858,0.2813477425735287,0.2744708087506158
32,6,Ariana Madix,rank,41.0,False,0.07081479542529406,0.007775070660196193,0.1809587141601758,0.1731836434999796
32,7,Barry Williams,rank,32.5,False,0.15684948017102107,0.07648301054131795,0.3154909056181749,0.23900789507685694
32,7,Alyson Hannigan,rank,35.0,False,0.15633283511213772,0.053053912402848936,0.3198995621217548,0.26684564971890584
32,7,Xochitl Gomez,rank,37.0,False,0.06980560219133661,0.010394206867435658,0.2008495309104143,0.19045532404297863
32,7,Jason Mraz,rank,36.0,False,0.08911851289235552,0.02674085627597854,0.15772938545197265,0.13098852917599413
32,7,Lele Pons,rank,36.5,True,0.021028150567159672,-0.007402039809448001,0.06208813713217157,0.06949017694161957
32,7,Harry Jowsey,rank,32.0,False,0.3000153229392427,0.13222424527368892,0.5313618816080318,0.39913763633434285
32,7,Charity Lawson,rank,36.0,False,0.12747061291132725,0.026083374533383965,0.28210952916806975,0.2560261546346858
32,7,Ariana Madix,rank,37.0,False,0.07937948321541892,0.01864203214582221,0.23107638590525761,0.2124343537594354
32,8,Barry Williams,rank,35.0,True,0.04980150896441269,0.0036694913062793842,0.12045917614074472,0.11678968483446533
32,8,Alyson Hannigan,rank,36.0,False,0.16913110538511897,0.028733431715587184,0.383565340964864,0.3548319092492768
32,8,Xochitl Gomez,rank,40.0,False,0.13388836115656277,0.013196191036946034,0.38297268031148546,0.36977648927453943
32,8,Jason Mraz,rank,33.0,False,0.18657310727460785,0.053969358167069,0.4280574407858297,0.3740880826187607
32,8,Harry Jowsey,rank,28.0,False,0.19776026450915524,0.07485933549179521,0.3488871189093368,0.27402778341754164
32,8,Charity Lawson,rank,39.0,False,0.12835281665382142,0.024816167887412064,0.30164032304552324,0.27682415515811115
32,8,Ariana Madix,rank,42.0,False,0.1344928360563196,0.01725031940563966,0.268635634045611,0.2513853146399714
32,9,Alyson Hannigan,rank,32.0,False,0.1567551204494875,0.05480278896192276,0.2856955883301415,0.23089279936821877
32,9,Xochitl Gomez,rank,41.0,False,0.19062935611549883,0.02111680216304021,0.38664927907005864,0.3655324769070184
32,9,Jason Mraz,rank,43.0,False,0.13265093868715525,0.002564944940369287,0.3800274364905551,0.3774624915501858
32,9,Harry Jowsey,rank,30.0,True,0.06300912062387407,0.004101152308327763,0.1559653150341419,0.15186416272581416
32,9,Charity Lawson,rank,38.0,False,0.11617144629367121,0.008340472910009292,0.35678512858669353,0.34844465567668426
32,9,Ariana Madix,rank,37.0,False,0.3407840178303131,0.02506273842203221,0.7046710917669727,0.6796083533449405
32,10,Alyson Hannigan,rank,25.5,False,0.0811614405776531,0.007026732855919544,0.181285189700155,0.17425845684423547
32,10,Xochitl Gomez,rank,30.0,False,0.33147253978425645,0.12848211970202297,0.6587914953340138,0.5303093756319909
32,10,Jason Mraz,rank,28.5,False,0.33852891838893234,0.13094322573571568,0.6066926389541177,0.47574941321840203
32,10,Charity Lawson,rank,29.5,False,0.07986653762693152,0.00801636084574418,0.1784882680281041,0.17047190718235994
32,10,Ariana Madix,rank,29.0,False,0.16897056362222718,0.054761065292799456,0.30550311093483334,0.2507420456420339
32,11,Alyson Hannigan,rank,26.5,False,0.04989568120141219,0.0032606814699415267,0.11245638050063779,0.10919569903069626
32,11,Xochitl Gomez,rank,30.0,False,0.46523555665107397,0.29898295811287096,0.6971171207575864,0.3981341626447154
32,11,Jason Mraz,rank,30.0,False,0.19348001335844828,0.09462227187968456,0.3311473770095211,0.23652510512983657
32,11,Charity Lawson,rank,29.5,False,0.09470822811320431,0.02915542234459582,0.1728548545112101,0.1436994321666143
32,11,Ariana Madix,rank,29.5,False,0.19668052067586023,0.07236211364959243,0.3544613827541735,0.28209926910458105
33,2,Tori Spelling,rank,19.0,True,0.021504487796123545,-0.016946761225464527,0.05765120775379943,0.07459796897926396
33,2,Eric Roberts,rank,15.0,False,0.09648680354447553,0.044788575929621974,0.17669118731943423,0.13190261138981224
33,2,Reginald VelJohnson,rank,15.0,False,0.1043835952365563,0.04364544627807691,0.19529411283300152,0.1516486665549246
33,2,Chandler Kinney,rank,24.0,False,0.058931301808105414,-0.0048943628748480475,0.13217965792769878,0.13707402080254683
33,2,Dwight Howard ,rank,22.0,False,0.08170038469938201,0.00016994351403287755,0.21156172903415188,0.211391785520119
33,2,Danny Amendola,rank,21.0,False,0.0763336052699645,0.003368978610684449,0.1966449929197147,0.19327601430903027
33,2,Stephen Nedoroscik,rank,22.0,False,0.07984432975111748,0.002940766363425934,0.2032196081002567,0.20027884173683075
33,2,Ilona Maher,rank,21.0,False,0.06009604856226126,0.006220506994450849,0.17220567336476153,0.1659851663703107
33,2,Anna Delvey,rank,17.0,True,0.021985546732540308,-0.034869745441330466,0.05675515552725316,0.09162490096858363
33,2,Brooks Nader,rank,20.0,False,0.10025344587057558,0.019095701382092614,0.24377030698392055,0.22467460560182795
33,2,Phaedra Parks,rank,21.0,False,0.09666087258850406,0.008191152019604037,0.2437582645391414,0.23556711251953735
33,2,Jenn Tran,rank,19.0,False,0.10308559674358415,0.031210049629576492,0.22047356168323473,0.18926351205365824
33,2,Joey Graziadei,rank,22.0,False,0.09873398139680856,0.002695911902825001,0.2619822997704584,0.2592863878676334
33,3,Eric Roberts,rank,23.0,True,0.027281130887302895,-0.023179648540757103,0.08998214835863325,0.11316179689939035
33,3,Reginald VelJohnson,rank,21.0,True,0.03907736434648683,-0.028056418101548172,0.09306499521678471,0.12112141331833289
33,3,Chandler Kinney,rank,34.5,False,0.06996387434844308,0.0005246791227088501,0.1655447156467838,0.16502003652407496
33,3,Dwight Howard ,rank,26.0,False,0.12643438146840877,0.03029203530592539,0.2636573363833219,0.2333653010773965
33,3,Danny Amendola,rank,30.0,False,0.09498690402820051,0.003010771839780428,0.25961298813511513,0.2566022162953347
33,3,Stephen Nedoroscik,rank,31.0,False,0.07862282719025818,-0.011299788049375339,0.17655792812677304,0.18785771617614838
33,3,Ilona Maher,rank,28.0,False,0.09653881570824413,0.010931680376669833,0.28054644072597457,0.26961476034930476
33,3,Brooks Nader,rank,30.5,False,0.06820355750383084,-0.00634880375661046,0.15559320910804783,0.16194201286465829
33,3,Phaedra Parks,rank,28.0,False,0.12821312628327064,0.024473492308503517,0.3187770654043669,0.29430357309586336
33,3,Jenn Tran,rank,31.0,False,0.08148422680344468,0.0033926321444824117,0.2170979101305613,0.21370527798607888
33,3,Joey Graziadei,rank,35.0,False,0.18919379143210915,0.02757521861622745,0.4102371802061143,0.38266196158988686
33,4,Chandler Kinney,rank,32.0,False,0.14206218878647656,0.034947488749366505,0.32206294121061607,0.2871154524612496
33,4,Dwight Howard ,rank,29.0,False,0.09758916296210778,0.02428936321859925,0.23882902904499503,0.21453966582639578
33,4,Danny Amendola,rank,36.0,False,0.08327384784119107,0.00525125741829556,0.20520011513933828,0.1999488577210427
33,4,Stephen Nedoroscik,rank,33.0,False,0.09235397408678471,0.00485499195069692,0.21906257217807348,0.21420758022737657
33,4,Ilona Maher,rank,32.0,False,0.16180349463672683,0.02931185094688242,0.32330273574312995,0.2939908847962475
33,4,Brooks Nader,rank,32.0,True,0.030559782891370794,0.002223717904079551,0.07042619682565052,0.06820247892157097
33,4,Phaedra Parks,rank,32.0,False,0.16058676529719595,0.02919770434905374,0.34144220358637334,0.3122444992373196
33,4,Jenn Tran,rank,32.0,False,0.1232504081060605,0.01997635250803144,0.32393443896563306,0.30395808645760164
33,4,Joey Graziadei,rank,36.0,False,0.10852037539208567,0.00779669865088075,0.2647309381974087,0.256934239546528
33,5,Chandler Kinney,rank,27.0,False,0.08513235940215091,0.0021916323973584745,0.19646274507369818,0.1942711126763397
33,5,Dwight Howard ,rank,24.0,False,0.1799282351001458,0.036373395873616765,0.409339192869881,0.37296579699626425
33,5,Danny Amendola,rank,25.5,False,0.10864323220289276,0.012242969733456802,0.26446231926130465,0.25221934952784786
33,5,Stephen Nedoroscik,rank,24.0,False,0.1408769727581451,0.03507795998852082,0.3734996930421159,0.3384217330535951
33,5,Ilona Maher,rank,26.0,False,0.11526844045751486,0.001258665334226861,0.3629297825546252,0.36167111722039835
33,5,Phaedra Parks,rank,24.0,True,0.043447492656523465,-0.004725431649176643,0.10274228146317797,0.10746771311235462
33,5,Jenn Tran,rank,25.5,False,0.11255212885119306,0.011925798316611898,0.24041971472691145,0.22849391641029956
33,5,Joey Graziadei,rank,26.0,False,0.21415113857143256,0.03050334635850964,0.4078540700796394,0.37735072372112977
33,6,Chandler Kinney,rank,32.0,False,0.15228717719129206,0.00823238075007724,0.36241010838926146,0.3541777276391842
33,6,Dwight Howard ,rank,31.0,False,0.10740644157333576,0.031104678089106958,0.21592706583944538,0.1848223877503384
33,6,Danny Amendola,rank,28.0,False,0.18655947820223692,0.05376006179761721,0.3958911996908975,0.34213113789328026
33,6,Stephen Nedoroscik,rank,28.0,False,0.14876204053612047,0.0407445930450918,0.26387267470738374,0.22312808166229192
33,6,Ilona Maher,rank,24.0,False,0.22780238783109558,0.09435711515837399,0.4001499542642738,0.3057928391058998
33,6,Jenn Tran,rank,31.0,True,0.04104158076758609,0.0012679626194353113,0.09799365913063252,0.09672569651119721
33,6,Joey Graziadei,rank,32.0,False,0.13614089389833203,0.01424951686223256,0.3739839448603861,0.3597344279981535
33,7,Chandler Kinney,rank,30.0,False,0.2747131161613536,0.007658542508603275,0.5659750261905989,0.5583164836819956
33,7,Dwight Howard ,rank,24.0,True,0.06645019661778635,0.003773103261106669,0.16386449775896025,0.1600913944978536
33,7,Danny Amendola,rank,25.5,False,0.1802626584902414,0.02492210838251232,0.3778439222585628,0.3529218138760505
33,7,Stephen Nedoroscik,rank,27.0,False,0.13816147772152423,0.0031509319989745863,0.5020832059031675,0.49893227390419287
33,7,Ilona Maher,rank,26.0,False,0.15568135473525682,0.022524603713055973,0.4749008023381601,0.45237619862510414
33,7,Joey Graziadei,rank,27.5,False,0.18473119627383727,0.008937420352206404,0.47361373405189566,0.46467631369968926
33,8,Chandler Kinney,rank,29.0,False,0.10898885898710033,0.005884576273521468,0.22490450032421846,0.219019924050697
33,8,Danny Amendola,rank,27.0,False,0.06423211325422172,0.006333719191080638,0.14828116891930657,0.14194744972822593
33,8,Stephen Nedoroscik,rank,26.5,False,0.17662106569176741,0.07259432846511295,0.32164517426396916,0.24905084579885622
33,8,Ilona Maher,rank,28.5,False,0.232971103841195,0.10265902633701626,0.3622700420122299,0.2596110156752136
33,8,Joey Graziadei,rank,29.0,False,0.41718685822571405,0.28894698142230263,0.6145875337987347,0.325640552376432
33,9,Chandler Kinney,rank,30.0,False,0.04859635458785488,0.0006061551429287594,0.15080261305833675,0.150196457915408
33,9,Danny Amendola,rank,28.0,False,0.16725893377883974,0.07203701238391491,0.28566445599316026,0.21362744360924535
33,9,Stephen Nedoroscik,rank,29.5,False,0.09809200745957959,0.02488228006832083,0.19233369734737213,0.1674514172790513
33,9,Ilona Maher,rank,28.5,False,0.2831304266418817,0.1757374295000068,0.40435288369242545,0.22861545419241866
33,9,Joey Graziadei,rank,29.5,False,0.4029222775318461,0.2581764902335276,0.5820740144986476,0.32389752426512
34,2,Corey Feldman,rank,15.0,True,0.028847061464115555,-0.023269933956777573,0.07425515678532128,0.09752509074209886
34,2,Danielle Fishel,rank,19.0,False,0.07678902873963346,0.01916354027451079,0.15834113128745392,0.13917759101294314
34,2,Elaine Hendrix,rank,21.0,False,0.07670845138012737,0.004589587033521029,0.2623314812909635,0.2577418942574425
34,2,Baron Davis,rank,18.0,True,0.02359943776225127,-0.017590539436405712,0.05244376888108083,0.07003430831748654
34,2,Jordan Chiles,rank,22.0,False,0.057261617338838826,-0.0032890756334627907,0.14234578182549956,0.14563485745896235
34,2,Andy Richter,rank,16.0,False,0.09460180425703885,0.04246477877096335,0.1837681435490965,0.14130336477813316
34,2,Robert Irwin,rank,22.0,False,0.0761226830791808,-0.02914763326607836,0.19584615808940958,0.22499379135548794
34,2,Hilaria Baldwin,rank,21.0,False,0.06622673819185283,0.0028785366556791127,0.15113466252595145,0.14825612587027234
34,2,Lauren Jauregui,rank,21.0,False,0.0824759056588658,0.00046891268833067906,0.19779398598779152,0.19732507329946083
34,2,Scott Hoying,rank,18.0,False,0.12923898220637034,0.028931803733286465,0.2643936209679066,0.23546181723462012
34,2,Alix Earle,rank,21.0,False,0.06674827999709056,0.0011775290497328672,0.17617640413076283,0.17499887508102996
34,2,Jen Affleck,rank,22.0,False,0.08422917357941719,0.0016301001943430672,0.18403211193615215,0.1824020117418091
34,2,Whitney Leavitt,rank,22.0,False,0.048552498228824625,-0.012031590476709592,0.12494893032442096,0.13698052080113055
34,2,Dylan Efron,rank,20.0,False,0.08859833811639271,0.012698247011686346,0.22000721327468908,0.20730896626300274
34,3,Danielle Fishel,rank,21.0,False,0.08633713588924562,0.00507035614583751,0.21424889891497056,0.20917854276913306
34,3,Elaine Hendrix,rank,21.0,False,0.10207214592264391,0.010769520198595785,0.21001632742136428,0.1992468072227685
34,3,Jordan Chiles,rank,24.0,False,0.08965304301539434,0.006259418158454242,0.23670152609980724,0.230442107941353
34,3,Andy Richter,rank,18.0,False,0.10257958335813319,0.013844224469129557,0.23776342902049566,0.2239192045513661
34,3,Robert Irwin,rank,22.0,False,0.08009235473251694,0.00024783141181208834,0.21391662402102918,0.2136687926092171
34,3,Hilaria Baldwin,rank,22.0,False,0.07157945849889777,-0.009013620710562477,0.20165593912103072,0.2106695598315932
34,3,Lauren Jauregui,rank,18.0,True,0.023340917818014638,-0.017214077057957744,0.05805205719178004,0.07526613424973778
34,3,Scott Hoying,rank,22.0,False,0.0678450707040714,0.00028036143485928207,0.1693960752020521,0.1691157137671928
34,3,Alix Earle,rank,23.0,False,0.08444759728223461,-0.036540405539306126,0.22672792166656835,0.26326832720587445
34,3,Jen Affleck,rank,19.0,False,0.09097422180301645,0.011290241213151059,0.21580930134431256,0.2045190601311615
34,3,Whitney Leavitt,rank,24.0,False,0.0970011188080628,0.0022076722223860062,0.25399884710144816,0.25179117487906216
34,3,Dylan Efron,rank,23.0,False,0.10407735216776891,-0.014096684421261278,0.3347710721637945,0.34886775658505575
34,4,Danielle Fishel,rank,21.0,False,0.08084349837326535,0.01928786366743731,0.17000683354458432,0.150718969877147
34,4,Elaine Hendrix,rank,24.0,False,0.07311715459315511,0.007229025649135067,0.24658909534581422,0.23936006969667914
34,4,Jordan Chiles,rank,24.0,False,0.06665629814289052,-0.011881240111828464,0.2070466993035105,0.21892793941533895
34,4,Andy Richter,rank,18.0,False,0.1058895428860735,0.03340609457516703,0.22617737198847063,0.1927712774133036
34,4,Robert Irwin,rank,22.0,False,0.07299845676802769,0.011935312648611071,0.1758480135214701,0.16391270087285903
34,4,Hilaria Baldwin,rank,23.0,True,0.01621952539362615,-0.012854683177901803,0.04485629732110453,0.05771098049900633
34,4,Scott Hoying,rank,21.0,False,0.14275799104033596,0.04688003064948703,0.29969678120347243,0.2528167505539854
34,4,Alix Earle,rank,24.0,False,0.1853120218260912,0.057949922023382214,0.29873932706348794,0.2407894050401057
34,4,Jen Affleck,rank,23.0,False,0.10999457133971453,0.030891004260197093,0.23894972118634808,0.208058716926151
34,4,Whitney Leavitt,rank,25.0,False,0.07100286656877078,0.0016423282424512958,0.21032460743056763,0.20868227918811633
34,4,Dylan Efron,rank,23.0,False,0.07520807306804866,0.00865183175371835,0.18546033111880442,0.17680849936508608
34,6,Danielle Fishel,rank,36.0,False,0.071649318599294,-0.020714809486185922,0.1868143725279361,0.20752918201412202
34,6,Elaine Hendrix,rank,36.0,False,0.11741644267414486,0.0032862669926434288,0.29495145449681537,0.2916651875041719
34,6,Jordan Chiles,rank,39.0,False,0.08255588039446202,0.00012499608130359802,0.20032293584155436,0.20019793976025077
34,6,Andy Richter,rank,27.0,False,0.11576351326819152,0.019830672564337428,0.28584331428830095,0.26601264172396355
34,6,Robert Irwin,rank,36.0,False,0.09944448104795606,0.0004878076024503117,0.40296123629083974,0.4024734286883894
34,6,Scott Hoying,rank,28.0,True,0.02906748001646341,-0.0038085442944374766,0.07624225950741742,0.08005080380185489
34,6,Alix Earle,rank,35.0,False,0.12551771523104838,0.011532988698394427,0.26820673151186614,0.2566737428134717
34,6,Jen Affleck,rank,32.0,False,0.14035796706261625,0.018131400124452853,0.33871034294890456,0.3205789428244517
34,6,Whitney Leavitt,rank,39.0,False,0.0799597143127544,-0.02448760976828162,0.1808153777762834,0.20530298754456502
34,6,Dylan Efron,rank,32.0,False,0.13826748739306968,0.03611246371624581,0.3182546946599484,0.28214223094370255
34,7,Danielle Fishel,rank,35.0,False,0.09744570967410399,0.022812904909566247,0.2267382645828857,0.20392535967331946
34,7,Elaine Hendrix,rank,32.0,False,0.12106945223186748,0.020023859785771696,0.2947354766001225,0.2747116168143508
34,7,Jordan Chiles,rank,38.0,False,0.13163029963061826,0.013408771374454875,0.317866322531763,0.3044575511573081
34,7,Andy Richter,rank,29.0,False,0.11077997497859023,0.04050251821061994,0.219773737477108,0.17927121926648804
34,7,Robert Irwin,rank,41.0,False,0.11421697021887951,0.0070066844355710645,0.329207638015505,0.32220095357993395
34,7,Alix Earle,rank,43.0,False,0.1032570163660182,0.006209155246709314,0.3032040615656883,0.29699490631897896
34,7,Jen Affleck,rank,34.0,True,0.03105724036983593,-0.00977486955250492,0.08699125028469461,0.09676611983719953
34,7,Whitney Leavitt,rank,42.0,False,0.08540894911050098,0.0064017389918998874,0.2143180758321281,0.20791633684022823
34,7,Dylan Efron,rank,38.0,False,0.20513438741958628,0.03511899430481045,0.42277665331035696,0.3876576590055465
34,8,Danielle Fishel,rank,37.0,True,0.03548314808087852,-0.018568035239234722,0.08974990486690256,0.10831794010613728
34,8,Elaine Hendrix,rank,37.5,False,0.11541537669015633,0.023145448840139995,0.2683914248261559,0.2452459759860159
34,8,Jordan Chiles,rank,39.0,False,0.2488800715753818,0.01702195849989735,0.5610536845647138,0.5440317260648164
34,8,Andy Richter,rank,34.0,False,0.13592035435405375,0.031185399316999297,0.2909777355716928,0.2597923362546935
34,8,Robert Irwin,rank,38.0,False,0.11588512487233446,0.013547465977442696,0.23936993360896033,0.22582246763151764
34,8,Alix Earle,rank,38.5,False,0.0815190620060194,0.006632835220776921,0.20902584939710284,0.2023930141763259
34,8,Whitney Leavitt,rank,39.5,False,0.14294485760767253,0.01328316039886926,0.4141055349942909,0.4008223745954217
34,8,Dylan Efron,rank,38.0,False,0.12395200481350262,0.01161186374087831,0.2897965521138349,0.2781846883729566
34,9,Elaine Hendrix,rank,36.0,False,0.22339224610625794,0.04428770845660898,0.45448588938153833,0.4101981809249293
34,9,Jordan Chiles,rank,39.0,False,0.13751845701869414,0.021448305925732873,0.4088780765520437,0.38742977062631084
34,9,Andy Richter,rank,29.0,True,0.048497798014335916,0.000692601447568987,0.10875557174693969,0.1080629702993707
34,9,Robert Irwin,rank,42.0,False,0.17014149494771078,0.0026472733581209395,0.48593238400229555,0.4832851106441746
34,9,Alix Earle,rank,40.0,False,0.10331978562872221,0.004044351757978315,0.2658751677999475,0.2618308160419692
34,9,Whitney Leavitt,rank,42.0,False,0.21741964972083372,0.0071476873358244175,0.5433340973090075,0.5361864099731831
34,9,Dylan Efron,rank,42.0,False,0.09971056856344797,0.01104178781477279,0.2570504233098553,0.24600863549508248
34,10,Elaine Hendrix,rank,28.5,False,0.19382518812172733,0.0841154079296537,0.3203177680660563,0.23620236013640256
34,10,Jordan Chiles,rank,28.5,False,0.19100432315137578,0.06947498183810677,0.3542464225000458,0.28477144066193905
34,10,Robert Irwin,rank,29.5,False,0.1662384173047051,0.02202638874043144,0.3564420827262003,0.33441569398576887
34,10,Alix Earle,rank,29.0,False,0.09347868016000352,0.030869777284942928,0.1838656733165123,0.15299589603156938
34,10,Whitney Leavitt,rank,29.0,True,0.04368714981395813,0.0026840808159839732,0.10004114167450019,0.09735706085851623
34,10,Dylan Efron,rank,27.5,False,0.3117662414482293,0.15515515516125591,0.5291655380399869,0.374010382878731
34,11,Elaine Hendrix,rank,28.9998,False,0.05033729093257027,0.00320113621389075,0.12983991096530614,0.12663877475141538
34,11,Jordan Chiles,rank,29.666600000000003,False,0.2460472434389299,0.14540873991901518,0.35479745810406327,0.2093887181850481
34,11,Robert Irwin,rank,29.666600000000003,False,0.430789917488511,0.2831809797960161,0.6229950925748703,0.3398141127788542
34,11,Alix Earle,rank,30.0,False,0.17014567213939422,0.08281589149747763,0.2598622752941791,0.17704638379670146
34,11,Dylan Efron,rank,29.3332,False,0.10267987600059467,0.029269646754571756,0.1802021780035365,0.15093253124896475
