Season,Week,Contestant,Is_Controversial,Actual_Method,Counter_Method,Judges_Score,Judge_Rank,Inferred_Fan_Vote,Fan_Vote_Rank,Result_Actual,Result_Counter,Outcome_Changed,Bias_Actual_Kill_FanLoser,Bias_Counter_Kill_FanLoser
1,2,John O'Hurley,False,rank,percentage,26.0,1,0.20691638608347446,3,Safe,Safe,False,False,False
1,2,Kelly Monaco,False,rank,percentage,17.0,5,0.14284016704912797,4,Safe,Safe,False,False,False
1,2,Evander Holyfield,False,rank,percentage,14.0,6,0.2395818377293753,2,Safe,Safe,False,False,False
1,2,Rachel Hunter,False,rank,percentage,24.0,2,0.24637393733150684,1,Safe,Safe,False,False,False
1,2,Joey McIntyre,False,rank,percentage,21.0,3,0.1250328823226247,5,Safe,Safe,False,False,False
1,2,Trista Sutter,False,rank,percentage,19.0,4,0.039254789483891134,6,Eliminated,Eliminated,False,False,False
1,3,John O'Hurley,False,rank,percentage,24.0,2,0.22936352414796565,3,Safe,Safe,False,False,False
1,3,Kelly Monaco,False,rank,percentage,21.0,4,0.29640284156567015,1,Safe,Safe,False,False,False
1,3,Evander Holyfield,False,rank,percentage,13.0,5,0.08760913117838577,5,Eliminated,Eliminated,False,False,False
1,3,Rachel Hunter,False,rank,percentage,26.0,1,0.10247122014645313,4,Safe,Safe,False,False,False
1,3,Joey McIntyre,False,rank,percentage,22.0,3,0.2841532829615235,2,Safe,Safe,False,False,False
1,4,John O'Hurley,False,rank,percentage,21.0,3,0.26313197005763506,3,Safe,Safe,False,False,False
1,4,Kelly Monaco,False,rank,percentage,26.0,1,0.33438338541567975,1,Safe,Safe,False,False,False
1,4,Rachel Hunter,False,rank,percentage,25.0,2,0.12652102168569626,4,Eliminated,Eliminated,False,False,False
1,4,Joey McIntyre,False,rank,percentage,20.0,4,0.27596362284098813,2,Safe,Safe,False,False,False
2,1,Tatum O'Neal,False,rank,percentage,23.0,3,0.06476862710407122,8,Safe,Safe,False,False,False
2,1,Tia Carrere,False,rank,percentage,20.0,6,0.16387542024993834,2,Safe,Safe,False,False,False
2,1,George Hamilton,False,rank,percentage,18.0,8,0.18399005391080744,1,Safe,Safe,False,False,False
2,1,Lisa Rinna,False,rank,percentage,19.0,7,0.11018498912485815,3,Safe,Safe,False,False,False
2,1,Stacy Keibler,False,rank,percentage,22.0,4,0.08032273952557391,7,Safe,Safe,False,False,False
2,1,Jerry Rice,True,rank,percentage,21.0,5,0.10144360120224366,5,Safe,Safe,False,False,False
2,1,Giselle Fernandez,False,rank,percentage,23.0,3,0.05189650546886711,9,Safe,Safe,False,False,False
2,1,Master P,False,rank,percentage,12.0,10,0.10686978731633462,4,Safe,Safe,False,False,False
2,1,Drew Lachey,False,rank,percentage,24.0,1,0.09377851182787983,6,Safe,Safe,False,False,False
2,1,Kenny Mayne,False,rank,percentage,13.0,9,0.04286976426942513,10,Eliminated,Eliminated,False,False,False
2,2,Tatum O'Neal,False,rank,percentage,17.0,8,0.03817001554341289,9,Eliminated,Eliminated,False,False,False
2,2,Tia Carrere,False,rank,percentage,22.0,6,0.09776691363009976,6,Safe,Safe,False,False,False
2,2,George Hamilton,False,rank,percentage,22.0,6,0.09032080130845771,8,Safe,Safe,False,False,False
2,2,Lisa Rinna,False,rank,percentage,20.0,7,0.11799913608623415,4,Safe,Safe,False,False,False
2,2,Stacy Keibler,False,rank,percentage,29.0,1,0.09661699513507754,7,Safe,Safe,False,False,False
2,2,Jerry Rice,True,rank,percentage,23.0,4,0.09779289655638283,5,Safe,Safe,False,False,False
2,2,Giselle Fernandez,False,rank,percentage,24.0,3,0.21608543985292228,1,Safe,Safe,False,False,False
2,2,Master P,False,rank,percentage,16.0,9,0.12724606889438336,2,Safe,Safe,False,False,False
2,2,Drew Lachey,False,rank,percentage,27.0,2,0.11800173299302938,3,Safe,Safe,False,False,False
2,3,Tia Carrere,False,rank,percentage,26.0,3,0.09330949258086675,5,Safe,Safe,True,False,False
2,3,George Hamilton,False,rank,percentage,22.0,6,0.1956594764709805,2,Safe,Safe,True,False,False
2,3,Lisa Rinna,False,rank,percentage,25.0,4,0.2212006916463525,1,Safe,Safe,True,False,False
2,3,Stacy Keibler,False,rank,percentage,27.0,2,0.14852874707738126,3,Safe,Safe,True,False,False
2,3,Jerry Rice,True,rank,percentage,19.0,7,0.09206406014774592,6,Safe,Safe,True,False,False
2,3,Giselle Fernandez,False,rank,percentage,22.0,6,0.03276063523314109,8,Safe,Eliminated,True,False,True
2,3,Master P,False,rank,percentage,14.0,8,0.08850212852931588,7,Eliminated,Safe,True,False,False
2,3,Drew Lachey,False,rank,percentage,27.0,2,0.1279747683142162,4,Safe,Safe,True,False,False
2,4,Tia Carrere,False,rank,percentage,25.0,4,0.11367492262465288,6,Safe,Safe,False,False,False
2,4,George Hamilton,False,rank,percentage,21.0,6,0.12430948843386036,3,Safe,Safe,False,False,False
2,4,Lisa Rinna,False,rank,percentage,26.0,3,0.23801559316738774,1,Safe,Safe,False,False,False
2,4,Stacy Keibler,False,rank,percentage,26.0,3,0.12078294150231722,5,Safe,Safe,False,False,False
2,4,Jerry Rice,True,rank,percentage,24.0,5,0.231645214939482,2,Safe,Safe,False,False,False
2,4,Master P,False,rank,percentage,8.0,7,0.05063154079068276,7,Eliminated,Eliminated,False,False,False
2,4,Drew Lachey,False,rank,percentage,28.0,1,0.12094029854161739,4,Safe,Safe,False,False,False
2,5,Tia Carrere,False,rank,percentage,22.0,6,0.06874584045590419,5,Eliminated,Eliminated,False,False,False
2,5,George Hamilton,False,rank,percentage,24.0,4,0.22660185624577187,2,Safe,Safe,False,False,False
2,5,Lisa Rinna,False,rank,percentage,25.0,3,0.0646073120143231,6,Safe,Safe,False,False,False
2,5,Stacy Keibler,False,rank,percentage,30.0,1,0.1316634852253256,4,Safe,Safe,False,False,False
2,5,Jerry Rice,True,rank,percentage,23.0,5,0.3446002909604599,1,Safe,Safe,False,False,False
2,5,Drew Lachey,False,rank,percentage,27.0,2,0.16378121509821586,3,Safe,Safe,False,False,False
2,6,George Hamilton,False,rank,percentage,23.0,5,0.1009382908126581,5,Eliminated,Eliminated,False,False,False
2,6,Lisa Rinna,False,rank,percentage,27.0,3,0.18389977984138026,3,Safe,Safe,False,False,False
2,6,Stacy Keibler,False,rank,percentage,30.0,2,0.1830174027132099,4,Safe,Safe,False,False,False
2,6,Jerry Rice,True,rank,percentage,23.0,5,0.300983429972892,1,Safe,Safe,False,False,False
2,6,Drew Lachey,False,rank,percentage,30.0,2,0.23116109665985926,2,Safe,Safe,False,False,False
2,7,Lisa Rinna,False,rank,percentage,26.5,3,0.07155933597045751,4,Eliminated,Eliminated,False,False,False
2,7,Stacy Keibler,False,rank,percentage,27.5,2,0.3493745089289904,1,Safe,Safe,False,False,False
2,7,Jerry Rice,True,rank,percentage,20.5,4,0.33813330782572937,2,Safe,Safe,False,False,False
2,7,Drew Lachey,False,rank,percentage,27.5,2,0.24093284727482175,3,Safe,Safe,False,False,False
3,1,Harry Hamlin,False,percentage,rank,17.0,8,0.08869637311261218,6,Safe,Safe,False,False,False
3,1,Vivica A. Fox,False,percentage,rank,22.0,4,0.06620253341570737,9,Safe,Safe,False,False,False
3,1,Monique Coleman,False,percentage,rank,19.0,6,0.1986864346813895,1,Safe,Safe,False,False,False
3,1,Joey Lawrence,False,percentage,rank,21.0,5,0.10595895973208387,3,Safe,Safe,False,False,False
3,1,Mario Lopez,False,percentage,rank,26.0,1,0.049698717946775176,10,Safe,Safe,False,False,False
3,1,Emmitt Smith,False,percentage,rank,24.0,2,0.09200976775087823,5,Safe,Safe,False,False,False
3,1,Shanna Moakler,False,percentage,rank,18.0,7,0.07169515390738235,8,Safe,Safe,False,False,False
3,1,Willa Ford,False,percentage,rank,22.0,4,0.07797179522170065,7,Safe,Safe,False,False,False
3,1,Sara Evans,False,percentage,rank,15.0,10,0.09832226628214467,4,Safe,Safe,False,False,False
3,1,Jerry Springer,False,percentage,rank,16.0,9,0.12640445571756354,2,Safe,Safe,False,False,False
3,1,Tucker Carlson,False,percentage,rank,12.0,11,0.02435354223176274,11,Eliminated,Eliminated,False,False,False
3,2,Harry Hamlin,False,percentage,rank,21.0,9,0.07973836740042789,6,Safe,Safe,False,False,False
3,2,Vivica A. Fox,False,percentage,rank,24.0,4,0.1010398459963649,3,Safe,Safe,False,False,False
3,2,Monique Coleman,False,percentage,rank,26.0,2,0.07203701275965212,7,Safe,Safe,False,False,False
3,2,Joey Lawrence,False,percentage,rank,29.0,1,0.08711217733085297,5,Safe,Safe,False,False,False
3,2,Mario Lopez,False,percentage,rank,21.0,9,0.09250126052664835,4,Safe,Safe,False,False,False
3,2,Emmitt Smith,False,percentage,rank,24.0,4,0.057444472815256116,8,Safe,Safe,False,False,False
3,2,Shanna Moakler,False,percentage,rank,22.0,6,0.007027503691002093,10,Eliminated,Eliminated,False,False,False
3,2,Willa Ford,False,percentage,rank,23.0,5,0.05091880492733097,9,Safe,Safe,False,False,False
3,2,Sara Evans,False,percentage,rank,21.0,9,0.32539111827626754,1,Safe,Safe,False,False,False
3,2,Jerry Springer,False,percentage,rank,19.0,10,0.12678943627619602,2,Safe,Safe,False,False,False
3,3,Harry Hamlin,False,percentage,rank,22.0,7,0.029248358529457105,9,Eliminated,Eliminated,False,False,False
3,3,Vivica A. Fox,False,percentage,rank,27.0,2,0.07086217267109675,7,Safe,Safe,False,False,False
3,3,Monique Coleman,False,percentage,rank,27.0,2,0.13519828126735622,3,Safe,Safe,False,False,False
3,3,Joey Lawrence,False,percentage,rank,22.0,7,0.1281998839676467,4,Safe,Safe,False,False,False
3,3,Mario Lopez,False,percentage,rank,22.0,7,0.09932876393472298,6,Safe,Safe,False,False,False
3,3,Emmitt Smith,False,percentage,rank,19.0,9,0.1875119301132318,1,Safe,Safe,False,False,False
3,3,Willa Ford,False,percentage,rank,22.0,7,0.11292989663708762,5,Safe,Safe,False,False,False
3,3,Sara Evans,False,percentage,rank,25.0,3,0.06998252059216378,8,Safe,Safe,False,False,False
3,3,Jerry Springer,False,percentage,rank,21.0,8,0.16673819228723719,2,Safe,Safe,False,False,False
3,4,Vivica A. Fox,False,percentage,rank,24.0,6,0.02226240148109554,8,Eliminated,Eliminated,False,False,False
3,4,Monique Coleman,False,percentage,rank,24.0,6,0.1258636735102688,4,Safe,Safe,False,False,False
3,4,Joey Lawrence,False,percentage,rank,27.0,3,0.06737418878251188,7,Safe,Safe,False,False,False
3,4,Mario Lopez,False,percentage,rank,29.0,1,0.08378591081845095,6,Safe,Safe,False,False,False
3,4,Emmitt Smith,False,percentage,rank,24.0,6,0.14257804327975873,2,Safe,Safe,False,False,False
3,4,Willa Ford,False,percentage,rank,28.0,2,0.3118254947738194,1,Safe,Safe,False,False,False
3,4,Sara Evans,False,percentage,rank,20.0,8,0.13770436701844388,3,Safe,Safe,False,False,False
3,4,Jerry Springer,False,percentage,rank,22.0,7,0.10860592033565133,5,Safe,Safe,False,False,False
3,5,Monique Coleman,False,percentage,rank,27.0,4,0.11995427091922847,4,Safe,Safe,True,False,False
3,5,Joey Lawrence,False,percentage,rank,25.0,5,0.11065631115661272,5,Safe,Safe,True,False,False
3,5,Mario Lopez,False,percentage,rank,27.0,4,0.30125859888677897,1,Safe,Safe,True,False,False
3,5,Emmitt Smith,False,percentage,rank,27.0,4,0.23803966423275677,2,Safe,Safe,True,False,False
3,5,Willa Ford,False,percentage,rank,27.0,4,0.019417047112882634,7,Eliminated,Safe,True,True,False
3,5,Sara Evans,False,percentage,rank,24.0,7,0.12259874858288096,3,Safe,Safe,True,False,False
3,5,Jerry Springer,False,percentage,rank,24.0,7,0.08807535910886033,6,Safe,Eliminated,True,False,False
3,7,Monique Coleman,False,percentage,rank,27.0,4,0.2322534889178582,2,Safe,Safe,False,False,False
3,7,Joey Lawrence,False,percentage,rank,28.5,2,0.20869299398826371,4,Safe,Safe,False,False,False
3,7,Mario Lopez,False,percentage,rank,28.0,3,0.2637095187979915,1,Safe,Safe,False,False,False
3,7,Emmitt Smith,False,percentage,rank,28.5,2,0.21663264769528653,3,Safe,Safe,False,False,False
3,7,Jerry Springer,False,percentage,rank,23.0,5,0.07871135060060043,5,Eliminated,Eliminated,False,False,False
3,8,Monique Coleman,False,percentage,rank,26.5,4,0.05153424346106204,4,Eliminated,Eliminated,False,False,False
3,8,Joey Lawrence,False,percentage,rank,27.0,3,0.5311498712978828,1,Safe,Safe,False,False,False
3,8,Mario Lopez,False,percentage,rank,28.5,1,0.23060246391930705,2,Safe,Safe,False,False,False
3,8,Emmitt Smith,False,percentage,rank,27.0,3,0.18671342132174792,3,Safe,Safe,False,False,False
4,2,John Ratzenberger,False,percentage,rank,21.0,9,0.07406384376540846,8,Safe,Safe,False,False,False
4,2,Ian Ziering,False,percentage,rank,22.0,5,0.09059638622358943,4,Safe,Safe,False,False,False
4,2,Clyde Drexler,False,percentage,rank,18.0,11,0.08854953171637815,6,Safe,Safe,False,False,False
4,2,Laila Ali,False,percentage,rank,27.0,1,0.06888612931012242,10,Safe,Safe,False,False,False
4,2,Apolo Anton Ohno,False,percentage,rank,26.0,2,0.08661618080318677,7,Safe,Safe,False,False,False
4,2,Shandi Finnessey,False,percentage,rank,20.0,10,0.07151700974940542,9,Safe,Safe,False,False,False
4,2,Paulina Porizkova,False,percentage,rank,21.0,9,0.01687711786543118,11,Eliminated,Eliminated,False,False,False
4,2,Heather Mills,False,percentage,rank,24.0,4,0.0896895402083998,5,Safe,Safe,False,False,False
4,2,Billy Ray Cyrus,False,percentage,rank,21.0,9,0.13666323150995144,2,Safe,Safe,False,False,False
4,2,Joey Fatone,False,percentage,rank,24.0,4,0.15636951832530693,1,Safe,Safe,False,False,False
4,2,Leeza Gibbons,False,percentage,rank,21.0,9,0.12017151052281988,3,Safe,Safe,False,False,False
4,3,John Ratzenberger,False,percentage,rank,20.0,9,0.08064011882985654,6,Safe,Safe,False,False,False
4,3,Ian Ziering,False,percentage,rank,24.0,4,0.06449102420690156,8,Safe,Safe,False,False,False
4,3,Clyde Drexler,False,percentage,rank,16.0,10,0.08271943509207101,5,Safe,Safe,False,False,False
4,3,Laila Ali,False,percentage,rank,21.0,8,0.1638378891340419,2,Safe,Safe,False,False,False
4,3,Apolo Anton Ohno,False,percentage,rank,23.0,5,0.07344045542396971,7,Safe,Safe,False,False,False
4,3,Shandi Finnessey,False,percentage,rank,21.0,8,0.013555050757389374,10,Eliminated,Eliminated,False,False,False
4,3,Heather Mills,False,percentage,rank,24.0,4,0.2675674595830418,1,Safe,Safe,False,False,False
4,3,Billy Ray Cyrus,False,percentage,rank,21.0,8,0.0942752976964082,4,Safe,Safe,False,False,False
4,3,Joey Fatone,False,percentage,rank,24.0,4,0.059836055760564895,9,Safe,Safe,False,False,False
4,3,Leeza Gibbons,False,percentage,rank,24.0,4,0.09963721351575593,3,Safe,Safe,False,False,False
4,4,John Ratzenberger,False,percentage,rank,16.0,8,0.0960310797205497,7,Safe,Safe,False,False,False
4,4,Ian Ziering,False,percentage,rank,24.0,3,0.13363232053888935,3,Safe,Safe,False,False,False
4,4,Clyde Drexler,False,percentage,rank,15.0,9,0.09652352268935514,6,Safe,Safe,False,False,False
4,4,Laila Ali,False,percentage,rank,21.0,6,0.1084194803645921,4,Safe,Safe,False,False,False
4,4,Apolo Anton Ohno,False,percentage,rank,26.0,2,0.2293439091021898,1,Safe,Safe,False,False,False
4,4,Heather Mills,False,percentage,rank,23.0,4,0.10092080526977246,5,Safe,Safe,False,False,False
4,4,Billy Ray Cyrus,False,percentage,rank,21.0,6,0.054973066347159545,8,Safe,Safe,False,False,False
4,4,Joey Fatone,False,percentage,rank,28.0,1,0.15125758674856055,2,Safe,Safe,False,False,False
4,4,Leeza Gibbons,False,percentage,rank,16.0,8,0.028898229218929768,9,Eliminated,Eliminated,False,False,False
4,5,John Ratzenberger,False,percentage,rank,18.0,6,0.07487240483301372,7,Safe,Safe,False,False,False
4,5,Ian Ziering,False,percentage,rank,24.0,4,0.09547500900621046,5,Safe,Safe,False,False,False
4,5,Clyde Drexler,False,percentage,rank,13.0,8,0.044023046622093456,8,Eliminated,Eliminated,False,False,False
4,5,Laila Ali,False,percentage,rank,28.0,2,0.09966050041602374,3,Safe,Safe,False,False,False
4,5,Apolo Anton Ohno,False,percentage,rank,30.0,1,0.3290734677519946,1,Safe,Safe,False,False,False
4,5,Heather Mills,False,percentage,rank,21.0,5,0.16727717388983318,2,Safe,Safe,False,False,False
4,5,Billy Ray Cyrus,False,percentage,rank,17.0,7,0.09412417713053421,6,Safe,Safe,False,False,False
4,5,Joey Fatone,False,percentage,rank,25.0,3,0.09549422035029853,4,Safe,Safe,False,False,False
4,6,John Ratzenberger,False,percentage,rank,19.0,7,0.2681201381093385,1,Safe,Safe,False,False,False
4,6,Ian Ziering,False,percentage,rank,24.0,4,0.11712571981328847,4,Safe,Safe,False,False,False
4,6,Laila Ali,False,percentage,rank,28.0,2,0.15029896790391986,3,Safe,Safe,False,False,False
4,6,Apolo Anton Ohno,False,percentage,rank,28.0,2,0.2452332635296233,2,Safe,Safe,False,False,False
4,6,Heather Mills,False,percentage,rank,23.0,5,0.03096911544125685,7,Eliminated,Eliminated,False,False,False
4,6,Billy Ray Cyrus,False,percentage,rank,21.0,6,0.09743361581466242,5,Safe,Safe,False,False,False
4,6,Joey Fatone,False,percentage,rank,27.0,3,0.09081917938791126,6,Safe,Safe,False,False,False
4,7,John Ratzenberger,False,percentage,rank,22.5,5,0.049178131321867984,6,Eliminated,Eliminated,False,False,False
4,7,Ian Ziering,False,percentage,rank,27.0,4,0.11839871872811329,5,Safe,Safe,False,False,False
4,7,Laila Ali,False,percentage,rank,29.5,2,0.2839689778380233,1,Safe,Safe,False,False,False
4,7,Apolo Anton Ohno,False,percentage,rank,27.0,4,0.18770216356680325,3,Safe,Safe,False,False,False
4,7,Billy Ray Cyrus,False,percentage,rank,19.0,6,0.23971906157467587,2,Safe,Safe,False,False,False
4,7,Joey Fatone,False,percentage,rank,29.5,2,0.12103294697051593,4,Safe,Safe,False,False,False
4,8,Ian Ziering,False,percentage,rank,23.5,4,0.2737057234523977,2,Safe,Safe,False,False,False
4,8,Laila Ali,False,percentage,rank,26.5,3,0.3029668485486166,1,Safe,Safe,False,False,False
4,8,Apolo Anton Ohno,False,percentage,rank,29.0,1,0.2061805155073716,3,Safe,Safe,False,False,False
4,8,Billy Ray Cyrus,False,percentage,rank,19.0,5,0.05681637844520522,5,Eliminated,Eliminated,False,False,False
4,8,Joey Fatone,False,percentage,rank,27.5,2,0.16033053404640843,4,Safe,Safe,False,False,False
4,9,Ian Ziering,False,percentage,rank,29.0,4,0.060016208378783166,4,Eliminated,Eliminated,False,False,False
4,9,Laila Ali,False,percentage,rank,30.0,2,0.4426519211257739,1,Safe,Safe,False,False,False
4,9,Apolo Anton Ohno,False,percentage,rank,29.5,3,0.34494362875655976,2,Safe,Safe,False,False,False
4,9,Joey Fatone,False,percentage,rank,30.0,2,0.15238824173888338,3,Safe,Safe,False,False,False
5,1,Cameron Mathison,False,percentage,rank,21.0,9,0.05568119721392675,10,Safe,Safe,False,False,False
5,1,Jane Seymour,False,percentage,rank,24.0,4,0.17355781437145057,1,Safe,Safe,False,False,False
5,1,Sabrina Bryan,True,percentage,rank,26.0,1,0.1038204067616824,3,Safe,Safe,False,False,False
5,1,Jennie Garth,False,percentage,rank,21.0,9,0.07982904856344739,6,Safe,Safe,False,False,False
5,1,Floyd Mayweather Jr. ,False,percentage,rank,18.0,11,0.13276033646654303,2,Safe,Safe,False,False,False
5,1,Josie Maran,False,percentage,rank,16.0,12,0.016826240121359498,12,Eliminated,Eliminated,False,False,False
5,1,Albert Reed,False,percentage,rank,21.0,9,0.0946126791074305,4,Safe,Safe,False,False,False
5,1,Helio Castroneves,False,percentage,rank,25.0,2,0.05952099301424346,9,Safe,Safe,False,False,False
5,1,Mel B,False,percentage,rank,24.0,4,0.06960400485232746,7,Safe,Safe,False,False,False
5,1,Wayne Newton,False,percentage,rank,19.0,10,0.06933389195608683,8,Safe,Safe,False,False,False
5,1,Marie Osmond,True,percentage,rank,21.0,9,0.05243486912658498,11,Safe,Safe,False,False,False
5,1,Mark Cuban,False,percentage,rank,21.0,9,0.09201851844491817,5,Safe,Safe,False,False,False
5,2,Cameron Mathison,False,percentage,rank,21.0,9,0.12738164259251947,3,Safe,Safe,False,False,False
5,2,Jane Seymour,False,percentage,rank,21.0,9,0.09164660770139714,5,Safe,Safe,False,False,False
5,2,Sabrina Bryan,True,percentage,rank,26.0,2,0.07305186331981721,9,Safe,Safe,False,False,False
5,2,Jennie Garth,False,percentage,rank,21.0,9,0.08667554357535608,7,Safe,Safe,False,False,False
5,2,Floyd Mayweather Jr. ,False,percentage,rank,21.0,9,0.10429413680134905,4,Safe,Safe,False,False,False
5,2,Albert Reed,False,percentage,rank,21.0,9,0.01407949872900445,11,Eliminated,Eliminated,False,False,False
5,2,Helio Castroneves,False,percentage,rank,27.0,1,0.12964305218881536,2,Safe,Safe,False,False,False
5,2,Mel B,False,percentage,rank,23.0,4,0.09005390876086986,6,Safe,Safe,False,False,False
5,2,Wayne Newton,False,percentage,rank,15.0,11,0.1432144058501668,1,Safe,Safe,False,False,False
5,2,Marie Osmond,True,percentage,rank,24.0,3,0.06079179636780334,10,Safe,Safe,False,False,False
5,2,Mark Cuban,False,percentage,rank,18.0,10,0.07916754411290244,8,Safe,Safe,False,False,False
5,3,Cameron Mathison,False,percentage,rank,23.0,7,0.09304863144149304,6,Safe,Safe,False,False,False
5,3,Jane Seymour,False,percentage,rank,27.0,3,0.08074013182615677,7,Safe,Safe,False,False,False
5,3,Sabrina Bryan,True,percentage,rank,27.0,3,0.11431176934846621,4,Safe,Safe,False,False,False
5,3,Jennie Garth,False,percentage,rank,26.0,5,0.07071186668262505,8,Safe,Safe,False,False,False
5,3,Floyd Mayweather Jr. ,False,percentage,rank,21.0,8,0.11670176983950115,3,Safe,Safe,False,False,False
5,3,Helio Castroneves,False,percentage,rank,24.0,6,0.1859760731743745,1,Safe,Safe,False,False,False
5,3,Mel B,False,percentage,rank,27.0,3,0.05401542683273218,9,Safe,Safe,False,False,False
5,3,Wayne Newton,False,percentage,rank,18.0,10,0.02605016222879558,10,Eliminated,Eliminated,False,False,False
5,3,Marie Osmond,True,percentage,rank,26.0,5,0.09519816061921604,5,Safe,Safe,False,False,False
5,3,Mark Cuban,False,percentage,rank,20.0,9,0.1632460080066394,2,Safe,Safe,False,False,False
5,4,Cameron Mathison,False,percentage,rank,27.0,4,0.08493135130174194,5,Safe,Safe,False,False,False
5,4,Jane Seymour,False,percentage,rank,26.0,7,0.2000640636113196,2,Safe,Safe,False,False,False
5,4,Sabrina Bryan,True,percentage,rank,30.0,1,0.1093391999384085,4,Safe,Safe,False,False,False
5,4,Jennie Garth,False,percentage,rank,27.0,4,0.12214351117959493,3,Safe,Safe,False,False,False
5,4,Floyd Mayweather Jr. ,False,percentage,rank,23.0,8,0.020530601743298828,9,Eliminated,Eliminated,False,False,False
5,4,Helio Castroneves,False,percentage,rank,27.0,4,0.23390630737752252,1,Safe,Safe,False,False,False
5,4,Mel B,False,percentage,rank,26.0,7,0.07628454098762916,7,Safe,Safe,False,False,False
5,4,Marie Osmond,True,percentage,rank,26.0,7,0.08086433350171861,6,Safe,Safe,False,False,False
5,4,Mark Cuban,False,percentage,rank,22.0,9,0.07193609035876682,8,Safe,Safe,False,False,False
5,5,Cameron Mathison,False,percentage,rank,26.0,4,0.09640175015171384,7,Safe,Safe,False,False,False
5,5,Jane Seymour,False,percentage,rank,26.0,4,0.12136078037467186,5,Safe,Safe,False,False,False
5,5,Sabrina Bryan,True,percentage,rank,28.0,2,0.19812382486234234,1,Safe,Safe,False,False,False
5,5,Jennie Garth,False,percentage,rank,25.0,5,0.1142051267283708,6,Safe,Safe,False,False,False
5,5,Helio Castroneves,False,percentage,rank,23.0,6,0.15057395555675798,3,Safe,Safe,False,False,False
5,5,Mel B,False,percentage,rank,29.0,1,0.12203852446413246,4,Safe,Safe,False,False,False
5,5,Marie Osmond,True,percentage,rank,21.0,8,0.1557564470016845,2,Safe,Safe,False,False,False
5,5,Mark Cuban,False,percentage,rank,21.0,8,0.04153959086032635,8,Eliminated,Eliminated,False,False,False
5,6,Cameron Mathison,False,percentage,rank,25.0,5,0.20139948076156702,2,Safe,Safe,False,False,False
5,6,Jane Seymour,False,percentage,rank,22.0,7,0.2577825460797401,1,Safe,Safe,False,False,False
5,6,Sabrina Bryan,True,percentage,rank,25.0,5,0.024363287107211827,7,Eliminated,Eliminated,False,False,False
5,6,Jennie Garth,False,percentage,rank,27.0,3,0.10158974243112988,6,Safe,Safe,False,False,False
5,6,Helio Castroneves,False,percentage,rank,28.0,2,0.18220792963550478,3,Safe,Safe,False,False,False
5,6,Mel B,False,percentage,rank,30.0,1,0.1264185889822854,4,Safe,Safe,False,False,False
5,6,Marie Osmond,True,percentage,rank,23.0,6,0.10623842500256006,5,Safe,Safe,False,False,False
5,7,Cameron Mathison,False,percentage,rank,25.5,5,0.19004373333896743,3,Safe,Safe,False,False,False
5,7,Jane Seymour,False,percentage,rank,25.0,6,0.03720236180973635,6,Eliminated,Eliminated,False,False,False
5,7,Jennie Garth,False,percentage,rank,26.5,2,0.13436479896732265,5,Safe,Safe,False,False,False
5,7,Helio Castroneves,False,percentage,rank,26.0,4,0.24907442967636745,1,Safe,Safe,False,False,False
5,7,Mel B,False,percentage,rank,27.0,1,0.22424688331358852,2,Safe,Safe,False,False,False
5,7,Marie Osmond,True,percentage,rank,26.0,4,0.16506779289401805,4,Safe,Safe,False,False,False
5,8,Cameron Mathison,False,percentage,rank,25.5,3,0.07045237871982266,5,Eliminated,Eliminated,False,False,False
5,8,Jennie Garth,False,percentage,rank,25.0,4,0.15485840625426425,4,Safe,Safe,False,False,False
5,8,Helio Castroneves,False,percentage,rank,28.5,1,0.27546302068916884,2,Safe,Safe,False,False,False
5,8,Mel B,False,percentage,rank,28.0,2,0.3108903440607265,1,Safe,Safe,False,False,False
5,8,Marie Osmond,True,percentage,rank,24.5,5,0.18833585027601682,3,Safe,Safe,False,False,False
5,9,Jennie Garth,False,percentage,rank,29.0,3,0.07306469560367583,4,Eliminated,Eliminated,False,False,False
5,9,Helio Castroneves,False,percentage,rank,30.0,2,0.4677018913921998,1,Safe,Safe,False,False,False
5,9,Mel B,False,percentage,rank,30.0,2,0.25834613924411864,2,Safe,Safe,False,False,False
5,9,Marie Osmond,True,percentage,rank,28.0,4,0.20088727376000512,3,Safe,Safe,False,False,False
6,2,Cristian de la Fuente,False,percentage,rank,20.0,8,0.08686919473414574,6,Safe,Safe,False,False,False
6,2,Steve Guttenberg,False,percentage,rank,16.0,11,0.1193163734895419,3,Safe,Safe,False,False,False
6,2,Priscilla Presley,False,percentage,rank,21.0,7,0.07540407236308286,8,Safe,Safe,False,False,False
6,2,Marlee Matlin,False,percentage,rank,24.0,5,0.08337874672124057,7,Safe,Safe,False,False,False
6,2,Shannon Elizabeth,False,percentage,rank,24.0,5,0.13082419931417386,1,Safe,Safe,False,False,False
6,2,Marissa Jaret Winokur,False,percentage,rank,21.0,7,0.1282447689149435,2,Safe,Safe,False,False,False
6,2,Jason Taylor,False,percentage,rank,27.0,2,0.10016599215236333,5,Safe,Safe,False,False,False
6,2,Kristi Yamaguchi,False,percentage,rank,27.0,2,0.05982159085961944,10,Safe,Safe,False,False,False
6,2,Monica Seles,False,percentage,rank,15.0,12,0.02710813716553435,11,Eliminated,Eliminated,False,False,False
6,2,Penn Jillette,False,percentage,rank,17.0,10,0.02101066454831142,12,Safe,Safe,False,False,False
6,2,Adam Carolla,False,percentage,rank,19.0,9,0.10324004760993817,4,Safe,Safe,False,False,False
6,2,Mario,False,percentage,rank,26.0,3,0.06461621212710339,9,Safe,Safe,False,False,False
6,3,Cristian de la Fuente,False,percentage,rank,25.0,3,0.11945355806297854,3,Safe,Safe,False,False,False
6,3,Steve Guttenberg,False,percentage,rank,21.0,9,0.01643299617851776,10,Eliminated,Eliminated,False,False,False
6,3,Priscilla Presley,False,percentage,rank,26.0,2,0.081918077720944,7,Safe,Safe,False,False,False
6,3,Marlee Matlin,False,percentage,rank,21.0,9,0.1642630934288427,2,Safe,Safe,False,False,False
6,3,Shannon Elizabeth,False,percentage,rank,24.0,4,0.0982104175097315,6,Safe,Safe,False,False,False
6,3,Marissa Jaret Winokur,False,percentage,rank,19.0,10,0.06551473945479698,9,Safe,Safe,False,False,False
6,3,Jason Taylor,False,percentage,rank,23.0,5,0.10043134556766056,5,Safe,Safe,False,False,False
6,3,Kristi Yamaguchi,False,percentage,rank,27.0,1,0.07559100027602556,8,Safe,Safe,False,False,False
6,3,Adam Carolla,False,percentage,rank,21.0,9,0.11112516883138758,4,Safe,Safe,False,False,False
6,3,Mario,False,percentage,rank,21.0,9,0.16705960296911532,1,Safe,Safe,False,False,False
6,4,Cristian de la Fuente,False,percentage,rank,26.0,4,0.11569118185482107,6,Safe,Safe,False,False,False
6,4,Priscilla Presley,False,percentage,rank,22.0,8,0.12919100991725832,3,Safe,Safe,False,False,False
6,4,Marlee Matlin,False,percentage,rank,24.0,7,0.1492795844437528,1,Safe,Safe,False,False,False
6,4,Shannon Elizabeth,False,percentage,rank,28.0,3,0.1249050223642899,4,Safe,Safe,False,False,False
6,4,Marissa Jaret Winokur,False,percentage,rank,24.0,7,0.13558084276682755,2,Safe,Safe,False,False,False
6,4,Jason Taylor,False,percentage,rank,29.0,2,0.09141711305154973,8,Safe,Safe,False,False,False
6,4,Kristi Yamaguchi,False,percentage,rank,29.0,2,0.09303866035001732,7,Safe,Safe,False,False,False
6,4,Adam Carolla,False,percentage,rank,19.0,9,0.03802244998163131,9,Eliminated,Eliminated,False,False,False
6,4,Mario,False,percentage,rank,24.0,7,0.12287413526985143,5,Safe,Safe,False,False,False
6,5,Cristian de la Fuente,False,percentage,rank,23.0,6,0.34442963882329597,1,Safe,Safe,False,False,False
6,5,Priscilla Presley,False,percentage,rank,21.0,8,0.026886627647798277,8,Eliminated,Eliminated,False,False,False
6,5,Marlee Matlin,False,percentage,rank,22.0,7,0.0868102560560633,6,Safe,Safe,False,False,False
6,5,Shannon Elizabeth,False,percentage,rank,23.0,6,0.08919084282417247,5,Safe,Safe,False,False,False
6,5,Marissa Jaret Winokur,False,percentage,rank,24.0,4,0.1175652430369649,3,Safe,Safe,False,False,False
6,5,Jason Taylor,False,percentage,rank,27.0,3,0.10861634573334086,4,Safe,Safe,False,False,False
6,5,Kristi Yamaguchi,False,percentage,rank,29.0,1,0.14769474294031149,2,Safe,Safe,False,False,False
6,5,Mario,False,percentage,rank,27.0,3,0.0788063029380524,7,Safe,Safe,False,False,False
6,6,Cristian de la Fuente,False,percentage,rank,27.0,3,0.14410863811506908,3,Safe,Safe,False,False,False
6,6,Marlee Matlin,False,percentage,rank,21.0,7,0.04769940210630586,7,Eliminated,Eliminated,False,False,False
6,6,Shannon Elizabeth,False,percentage,rank,24.0,6,0.20861584390191812,2,Safe,Safe,False,False,False
6,6,Marissa Jaret Winokur,False,percentage,rank,26.0,4,0.10307350633520021,6,Safe,Safe,False,False,False
6,6,Jason Taylor,False,percentage,rank,24.0,6,0.25195017321733965,1,Safe,Safe,False,False,False
6,6,Kristi Yamaguchi,False,percentage,rank,30.0,1,0.13199505753177782,4,Safe,Safe,False,False,False
6,6,Mario,False,percentage,rank,28.0,2,0.11255737879238976,5,Safe,Safe,False,False,False
6,7,Cristian de la Fuente,False,percentage,rank,23.0,6,0.1126766046810135,4,Safe,Safe,False,False,False
6,7,Shannon Elizabeth,False,percentage,rank,25.5,5,0.03005505488627416,6,Eliminated,Eliminated,False,False,False
6,7,Marissa Jaret Winokur,False,percentage,rank,26.0,3,0.08980894021232248,5,Safe,Safe,False,False,False
6,7,Jason Taylor,False,percentage,rank,27.5,1,0.22898357648443635,2,Safe,Safe,False,False,False
6,7,Kristi Yamaguchi,False,percentage,rank,27.0,2,0.3154938421118441,1,Safe,Safe,False,False,False
6,7,Mario,False,percentage,rank,25.5,5,0.22298198162410907,3,Safe,Safe,False,False,False
6,8,Cristian de la Fuente,False,percentage,rank,28.5,1,0.2813690228822222,2,Safe,Safe,False,False,False
6,8,Marissa Jaret Winokur,False,percentage,rank,25.0,5,0.136948690005153,3,Safe,Safe,False,False,False
6,8,Jason Taylor,False,percentage,rank,26.0,4,0.12624898276252514,4,Safe,Safe,False,False,False
6,8,Kristi Yamaguchi,False,percentage,rank,27.5,2,0.4128862756886047,1,Safe,Safe,False,False,False
6,8,Mario,False,percentage,rank,26.5,3,0.04254702866149466,5,Eliminated,Eliminated,False,False,False
6,9,Cristian de la Fuente,False,percentage,rank,28.0,2,0.6723375207812968,1,Safe,Safe,False,False,False
6,9,Marissa Jaret Winokur,False,percentage,rank,26.0,4,0.060449862530229125,4,Eliminated,Eliminated,False,False,False
6,9,Jason Taylor,False,percentage,rank,27.5,3,0.14630642670021585,2,Safe,Safe,False,False,False
6,9,Kristi Yamaguchi,False,percentage,rank,28.5,1,0.12090618998825782,3,Safe,Safe,False,False,False
7,1,Ted McGinley,False,percentage,rank,18.5,10,0.011732987614416669,13,Safe,Safe,False,False,False
7,1,Cloris Leachman,False,percentage,rank,16.0,12,0.08673783475918251,4,Safe,Safe,False,False,False
7,1,Susan Lucci,False,percentage,rank,18.5,10,0.07135290260611628,8,Safe,Safe,False,False,False
7,1,Cody Linley,False,percentage,rank,20.5,6,0.08658393909200604,5,Safe,Safe,False,False,False
7,1,Misty May-Treanor,False,percentage,rank,21.0,5,0.08180964652592065,7,Safe,Safe,False,False,False
7,1,Maurice Greene,False,percentage,rank,19.5,7,0.09689072497366844,3,Safe,Safe,False,False,False
7,1,Warren Sapp,False,percentage,rank,21.5,4,0.14822302147785063,1,Safe,Safe,False,False,False
7,1,Jeffrey Ross,False,percentage,rank,12.0,13,0.02806295937351777,12,Eliminated,Eliminated,False,False,False
7,1,Toni Braxton,False,percentage,rank,22.5,2,0.06582254140167443,10,Safe,Safe,False,False,False
7,1,Lance Bass,False,percentage,rank,21.5,4,0.0643854455625208,11,Safe,Safe,False,False,False
7,1,Kim Kardashian,False,percentage,rank,18.5,10,0.10188627964330133,2,Safe,Safe,False,False,False
7,1,Rocco DiSpirito,False,percentage,rank,17.5,11,0.07031447376426794,9,Safe,Safe,False,False,False
7,1,Brooke Burke,False,percentage,rank,24.5,1,0.08619724320555507,6,Safe,Safe,False,False,False
7,2,Cloris Leachman,False,percentage,rank,15.0,11,0.23174093366737666,1,Safe,Safe,False,False,False
7,2,Susan Lucci,False,percentage,rank,21.0,6,0.08932105523223521,4,Safe,Safe,False,False,False
7,2,Cody Linley,False,percentage,rank,21.0,6,0.06359480687025074,10,Safe,Safe,False,False,False
7,2,Misty May-Treanor,False,percentage,rank,21.0,6,0.0785182882318553,5,Safe,Safe,False,False,False
7,2,Maurice Greene,False,percentage,rank,19.0,8,0.06433534759906315,9,Safe,Safe,False,False,False
7,2,Warren Sapp,False,percentage,rank,24.0,2,0.07744920020015891,7,Safe,Safe,False,False,False
7,2,Toni Braxton,False,percentage,rank,23.0,3,0.07420507273669918,8,Safe,Safe,False,False,False
7,2,Lance Bass,False,percentage,rank,20.0,7,0.12637515854248918,2,Safe,Safe,False,False,False
7,2,Kim Kardashian,False,percentage,rank,17.0,9,0.012297733277063164,11,Eliminated,Eliminated,False,False,False
7,2,Rocco DiSpirito,False,percentage,rank,16.0,10,0.07838395173267666,6,Safe,Safe,False,False,False
7,2,Brooke Burke,False,percentage,rank,24.0,2,0.10377845191013073,3,Safe,Safe,False,False,False
7,4,Cloris Leachman,False,percentage,rank,22.0,7,0.13654443141560124,3,Safe,Safe,False,False,False
7,4,Susan Lucci,False,percentage,rank,24.0,3,0.1454303258118159,1,Safe,Safe,False,False,False
7,4,Cody Linley,False,percentage,rank,23.0,4,0.12371947964960488,5,Safe,Safe,False,False,False
7,4,Maurice Greene,False,percentage,rank,20.0,8,0.08450150156393621,8,Safe,Safe,False,False,False
7,4,Warren Sapp,False,percentage,rank,22.0,7,0.09745440723215956,7,Safe,Safe,False,False,False
7,4,Toni Braxton,False,percentage,rank,22.0,7,0.11320758306000833,6,Safe,Safe,False,False,False
7,4,Lance Bass,False,percentage,rank,26.0,2,0.13955209943167035,2,Safe,Safe,False,False,False
7,4,Rocco DiSpirito,False,percentage,rank,18.0,9,0.03584744783835781,9,Eliminated,Eliminated,False,False,False
7,4,Brooke Burke,False,percentage,rank,26.0,2,0.12374272399684662,4,Safe,Safe,False,False,False
7,5,Cloris Leachman,False,percentage,rank,21.0,8,0.23404587549445774,1,Safe,Safe,False,False,False
7,5,Susan Lucci,False,percentage,rank,22.0,6,0.20802677082955368,2,Safe,Safe,False,False,False
7,5,Cody Linley,False,percentage,rank,28.0,2,0.12550315516804267,4,Safe,Safe,False,False,False
7,5,Maurice Greene,False,percentage,rank,27.0,3,0.07619313432833345,7,Safe,Safe,False,False,False
7,5,Warren Sapp,False,percentage,rank,25.0,4,0.08791384516486345,6,Safe,Safe,False,False,False
7,5,Toni Braxton,False,percentage,rank,22.0,6,0.022138874174938417,8,Eliminated,Eliminated,False,False,False
7,5,Lance Bass,False,percentage,rank,21.0,8,0.11331848020697151,5,Safe,Safe,False,False,False
7,5,Brooke Burke,False,percentage,rank,29.0,1,0.13285986463283972,3,Safe,Safe,False,False,False
7,6,Cloris Leachman,False,percentage,rank,15.0,7,0.06005406571137337,7,Eliminated,Eliminated,False,False,False
7,6,Susan Lucci,False,percentage,rank,23.0,5,0.17903228828296924,2,Safe,Safe,False,False,False
7,6,Cody Linley,False,percentage,rank,23.0,5,0.17125209825985893,3,Safe,Safe,False,False,False
7,6,Maurice Greene,False,percentage,rank,21.0,6,0.10149687143893787,6,Safe,Safe,False,False,False
7,6,Warren Sapp,False,percentage,rank,25.0,3,0.12147900675280224,5,Safe,Safe,False,False,False
7,6,Lance Bass,False,percentage,rank,27.0,1,0.16127335677921917,4,Safe,Safe,False,False,False
7,6,Brooke Burke,False,percentage,rank,26.0,2,0.20541231277483982,1,Safe,Safe,False,False,False
7,7,Susan Lucci,False,percentage,rank,24.0,4,0.04181163205108545,6,Eliminated,Eliminated,False,False,False
7,7,Cody Linley,False,percentage,rank,22.0,5,0.338220480352485,1,Safe,Safe,False,False,False
7,7,Maurice Greene,False,percentage,rank,25.0,3,0.11973019704729772,4,Safe,Safe,False,False,False
7,7,Warren Sapp,False,percentage,rank,21.0,6,0.1547485327524164,3,Safe,Safe,False,False,False
7,7,Lance Bass,False,percentage,rank,25.0,3,0.11159518322871004,5,Safe,Safe,False,False,False
7,7,Brooke Burke,False,percentage,rank,30.0,1,0.2338939745680042,2,Safe,Safe,False,False,False
7,8,Cody Linley,False,percentage,rank,24.0,5,0.30694963412170095,2,Safe,Safe,False,False,False
7,8,Maurice Greene,False,percentage,rank,24.0,5,0.05380925021771888,5,Eliminated,Eliminated,False,False,False
7,8,Warren Sapp,False,percentage,rank,27.0,2,0.12422942436251488,4,Safe,Safe,False,False,False
7,8,Lance Bass,False,percentage,rank,25.0,3,0.36169578107848244,1,Safe,Safe,False,False,False
7,8,Brooke Burke,False,percentage,rank,27.5,1,0.1533159102195832,3,Safe,Safe,False,False,False
7,9,Cody Linley,False,percentage,rank,23.0,4,0.08447443186571231,4,Eliminated,Eliminated,False,False,False
7,9,Warren Sapp,False,percentage,rank,24.5,3,0.385793295647744,1,Safe,Safe,False,False,False
7,9,Lance Bass,False,percentage,rank,28.5,1,0.22986655177036525,3,Safe,Safe,False,False,False
7,9,Brooke Burke,False,percentage,rank,24.5,3,0.2998657207161789,2,Safe,Safe,False,False,False
8,2,Gilles Marini,False,percentage,rank,27.0,1,0.09266299045681052,5,Safe,Safe,False,False,False
8,2,Denise Richards,False,percentage,rank,21.0,5,0.07593569256900137,8,Safe,Safe,False,False,False
8,2,David Alan Grier,False,percentage,rank,17.0,12,0.05981722387138758,11,Safe,Safe,False,False,False
8,2,Lawrence Taylor,False,percentage,rank,20.0,8,0.109526134680379,1,Safe,Safe,False,False,False
8,2,Ty Murray,False,percentage,rank,20.0,8,0.10520970160996714,2,Safe,Safe,False,False,False
8,2,Shawn Johnson,False,percentage,rank,24.0,3,0.0814874922550875,6,Safe,Safe,False,False,False
8,2,Steve Wozniak,False,percentage,rank,17.0,12,0.09422278638508474,4,Safe,Safe,False,False,False
8,2,Belinda Carlisle,False,percentage,rank,18.0,10,0.007153355027383982,13,Eliminated,Eliminated,False,False,False
8,2,Chuck Wicks,False,percentage,rank,20.0,8,0.07688253824444019,7,Safe,Safe,False,False,False
8,2,Lil' Kim,False,percentage,rank,23.0,4,0.0705933470018672,10,Safe,Safe,False,False,False
8,2,Steve-O,False,percentage,rank,14.0,13,0.09959550088957451,3,Safe,Safe,False,False,False
8,2,Holly Madison,False,percentage,rank,18.0,10,0.07524977091271627,9,Safe,Safe,False,False,False
8,2,Melissa Rycroft,False,percentage,rank,26.0,2,0.05166346609629986,12,Safe,Safe,False,False,False
8,3,Gilles Marini,False,percentage,rank,27.0,3,0.061735747990952536,10,Safe,Safe,False,False,False
8,3,Denise Richards,False,percentage,rank,16.0,10,0.005555406399317048,12,Eliminated,Eliminated,False,False,False
8,3,David Alan Grier,False,percentage,rank,24.0,5,0.04752061243716227,11,Safe,Safe,False,False,False
8,3,Lawrence Taylor,False,percentage,rank,20.0,8,0.07111025832907632,8,Safe,Safe,False,False,False
8,3,Ty Murray,False,percentage,rank,23.0,7,0.0690862000987652,9,Safe,Safe,False,False,False
8,3,Shawn Johnson,False,percentage,rank,27.0,3,0.1498020717488308,1,Safe,Safe,False,False,False
8,3,Steve Wozniak,False,percentage,rank,10.0,12,0.09846634120796606,5,Safe,Safe,False,False,False
8,3,Chuck Wicks,False,percentage,rank,23.0,7,0.09980550058822836,4,Safe,Safe,False,False,False
8,3,Lil' Kim,False,percentage,rank,25.0,4,0.12048759787575113,2,Safe,Safe,False,False,False
8,3,Steve-O,False,percentage,rank,15.0,11,0.07339272442021334,7,Safe,Safe,False,False,False
8,3,Holly Madison,False,percentage,rank,17.0,9,0.08972620780745466,6,Safe,Safe,False,False,False
8,3,Melissa Rycroft,False,percentage,rank,27.0,3,0.11331133109628266,3,Safe,Safe,False,False,False
8,4,Gilles Marini,False,percentage,rank,30.0,1,0.07093571003128309,8,Safe,Safe,False,False,False
8,4,David Alan Grier,False,percentage,rank,22.0,7,0.09577530567191847,5,Safe,Safe,False,False,False
8,4,Lawrence Taylor,False,percentage,rank,19.0,8,0.11565923007486603,4,Safe,Safe,False,False,False
8,4,Ty Murray,False,percentage,rank,25.0,5,0.06809172455845083,9,Safe,Safe,False,False,False
8,4,Shawn Johnson,False,percentage,rank,25.0,5,0.0788679827101097,7,Safe,Safe,False,False,False
8,4,Steve Wozniak,False,percentage,rank,12.0,11,0.026462336429235296,11,Eliminated,Eliminated,False,False,False
8,4,Chuck Wicks,False,percentage,rank,22.0,7,0.1255357869048194,2,Safe,Safe,False,False,False
8,4,Lil' Kim,False,percentage,rank,27.0,3,0.12312987083578726,3,Safe,Safe,False,False,False
8,4,Steve-O,False,percentage,rank,15.0,10,0.18351099985608849,1,Safe,Safe,False,False,False
8,4,Holly Madison,False,percentage,rank,16.0,9,0.026818367217999923,10,Safe,Safe,False,False,False
8,4,Melissa Rycroft,False,percentage,rank,29.0,2,0.08521268570944185,6,Safe,Safe,False,False,False
8,5,Gilles Marini,False,percentage,rank,29.0,1,0.10979389646575732,6,Safe,Safe,True,False,False
8,5,David Alan Grier,False,percentage,rank,22.0,6,0.02125852721726056,9,Eliminated,Safe,True,True,False
8,5,Lawrence Taylor,False,percentage,rank,20.0,8,0.10847806653966095,8,Safe,Eliminated,True,False,False
8,5,Ty Murray,False,percentage,rank,21.0,7,0.109493531784607,7,Safe,Safe,True,False,False
8,5,Shawn Johnson,False,percentage,rank,26.0,3,0.11560394782226038,5,Safe,Safe,True,False,False
8,5,Chuck Wicks,False,percentage,rank,23.0,5,0.12348323897477201,3,Safe,Safe,True,False,False
8,5,Lil' Kim,False,percentage,rank,26.0,3,0.1619864529240281,1,Safe,Safe,True,False,False
8,5,Steve-O,False,percentage,rank,18.0,9,0.13030040247099242,2,Safe,Safe,True,False,False
8,5,Melissa Rycroft,False,percentage,rank,25.0,4,0.11960193580066283,4,Safe,Safe,True,False,False
8,6,Gilles Marini,False,percentage,rank,26.0,4,0.1124747909207493,4,Safe,Safe,False,False,False
8,6,Lawrence Taylor,False,percentage,rank,22.0,6,0.20994324248209528,2,Safe,Safe,False,False,False
8,6,Ty Murray,False,percentage,rank,18.0,7,0.11257699852135664,3,Safe,Safe,False,False,False
8,6,Shawn Johnson,False,percentage,rank,26.0,4,0.10450081217757977,5,Safe,Safe,False,False,False
8,6,Chuck Wicks,False,percentage,rank,23.0,5,0.08938214277598369,7,Safe,Safe,False,False,False
8,6,Lil' Kim,False,percentage,rank,28.0,1,0.23811508258070338,1,Safe,Safe,False,False,False
8,6,Steve-O,False,percentage,rank,16.0,8,0.03938235374310859,8,Eliminated,Eliminated,False,False,False
8,6,Melissa Rycroft,False,percentage,rank,27.0,2,0.0936245767984249,6,Safe,Safe,False,False,False
8,7,Gilles Marini,False,percentage,rank,27.0,4,0.4441539999340977,1,Safe,Safe,False,False,False
8,7,Lawrence Taylor,False,percentage,rank,21.0,7,0.03442194724557786,7,Eliminated,Eliminated,False,False,False
8,7,Ty Murray,False,percentage,rank,24.0,6,0.14743605414316607,2,Safe,Safe,False,False,False
8,7,Shawn Johnson,False,percentage,rank,28.0,2,0.08148855361320725,6,Safe,Safe,False,False,False
8,7,Chuck Wicks,False,percentage,rank,27.0,4,0.113455181117657,3,Safe,Safe,False,False,False
8,7,Lil' Kim,False,percentage,rank,26.0,5,0.09304258095603148,4,Safe,Safe,False,False,False
8,7,Melissa Rycroft,False,percentage,rank,29.0,1,0.08600168299026417,5,Safe,Safe,False,False,False
8,8,Gilles Marini,False,percentage,rank,27.5,2,0.19479554496466064,2,Safe,Safe,False,False,False
8,8,Ty Murray,False,percentage,rank,26.0,4,0.16707135179342647,4,Safe,Safe,False,False,False
8,8,Shawn Johnson,False,percentage,rank,26.0,4,0.19384040865150975,3,Safe,Safe,False,False,False
8,8,Chuck Wicks,False,percentage,rank,25.5,5,0.05354434204747296,6,Eliminated,Eliminated,False,False,False
8,8,Lil' Kim,False,percentage,rank,28.0,1,0.12830701941530584,5,Safe,Safe,False,False,False
8,8,Melissa Rycroft,False,percentage,rank,23.0,6,0.26244133312762485,1,Safe,Safe,False,False,False
8,9,Gilles Marini,False,percentage,rank,28.0,3,0.26509961070115634,2,Safe,Safe,False,False,False
8,9,Ty Murray,False,percentage,rank,23.0,5,0.2718482710563465,1,Safe,Safe,False,False,False
8,9,Shawn Johnson,False,percentage,rank,28.0,3,0.21219795776941686,3,Safe,Safe,False,False,False
8,9,Lil' Kim,False,percentage,rank,26.0,4,0.06439888982985628,5,Eliminated,Eliminated,False,False,False
8,9,Melissa Rycroft,False,percentage,rank,28.5,1,0.18645527064322331,4,Safe,Safe,False,False,False
8,10,Gilles Marini,False,percentage,rank,30.0,1,0.31769785331481715,2,Safe,Safe,False,False,False
8,10,Ty Murray,False,percentage,rank,24.0,4,0.08629050482897718,4,Eliminated,Eliminated,False,False,False
8,10,Shawn Johnson,False,percentage,rank,28.0,2,0.21135067694886903,3,Safe,Safe,False,False,False
8,10,Melissa Rycroft,False,percentage,rank,27.5,3,0.3846609649073373,1,Safe,Safe,False,False,False
9,1,Ashley Hamiliton,False,percentage,rank,18.9999,16,0.004347260498364884,15,Safe,Safe,False,False,False
9,1,Debi Mazar,False,percentage,rank,22.0,11,0.061232027209719236,10,Safe,Safe,False,False,False
9,1,Melissa Joan Hart,False,percentage,rank,24.0,9,0.08219141436186009,4,Safe,Safe,False,False,False
9,1,Mark Dacascos,False,percentage,rank,28.9998,6,0.04231918145365002,14,Safe,Safe,False,False,False
9,1,Chuck Liddell,False,percentage,rank,22.0,11,0.08380900549488883,3,Safe,Safe,False,False,False
9,1,Natalie Coughlin,False,percentage,rank,26.9998,8,0.06130757793948225,9,Safe,Safe,False,False,False
9,1,Louie Vito,False,percentage,rank,26.9998,8,0.04741168572971053,13,Safe,Safe,False,False,False
9,1,Michael Irvin,False,percentage,rank,19.0,14,0.10250314601476697,1,Safe,Safe,False,False,False
9,1,Joanna Krupa,False,percentage,rank,33.9999,1,0.0975932946035413,2,Safe,Safe,False,False,False
9,1,Kathy Ireland,False,percentage,rank,19.9999,13,0.06723046411287478,8,Safe,Safe,False,False,False
9,1,Tom DeLay,False,percentage,rank,19.9999,13,0.0589312668228763,11,Safe,Safe,False,False,False
9,1,Macy Gray,False,percentage,rank,18.9999,16,0.003796545615693614,16,Eliminated,Eliminated,False,False,False
9,1,Aaron Carter,False,percentage,rank,31.9999,2,0.05704169098782483,12,Safe,Safe,False,False,False
9,1,Mya,False,percentage,rank,30.9999,3,0.07518299257359297,6,Safe,Safe,False,False,False
9,1,Donny Osmond,False,percentage,rank,29.9999,5,0.0737019979014293,7,Safe,Safe,False,False,False
9,1,Kelly Osbourne,False,percentage,rank,30.9998,4,0.08140044867972354,5,Safe,Safe,False,False,False
9,2,Debi Mazar,False,percentage,rank,21.0,6,0.0748641728533131,4,Safe,Safe,False,False,False
9,2,Melissa Joan Hart,False,percentage,rank,19.0,12,0.1088918548181938,3,Safe,Safe,False,False,False
9,2,Mark Dacascos,False,percentage,rank,21.0,6,0.059243135510180484,9,Safe,Safe,False,False,False
9,2,Chuck Liddell,False,percentage,rank,19.0,12,0.07185305371235515,6,Safe,Safe,False,False,False
9,2,Natalie Coughlin,False,percentage,rank,21.0,6,0.05081982653885179,11,Safe,Safe,False,False,False
9,2,Louie Vito,False,percentage,rank,19.0,12,0.15514164237263348,1,Safe,Safe,False,False,False
9,2,Michael Irvin,False,percentage,rank,20.0,8,0.12918366566858286,2,Safe,Safe,False,False,False
9,2,Joanna Krupa,False,percentage,rank,20.0,8,0.07462954955563465,5,Safe,Safe,False,False,False
9,2,Kathy Ireland,False,percentage,rank,18.0,14,0.0027248071930275628,14,Eliminated,Eliminated,False,False,False
9,2,Tom DeLay,False,percentage,rank,18.0,14,0.04742507491434929,13,Safe,Safe,False,False,False
9,2,Aaron Carter,False,percentage,rank,27.0,2,0.05345945367243433,10,Safe,Safe,False,False,False
9,2,Mya,False,percentage,rank,27.0,2,0.06127791292178852,7,Safe,Safe,False,False,False
9,2,Donny Osmond,False,percentage,rank,25.0,3,0.06088175091196164,8,Safe,Safe,False,False,False
9,2,Kelly Osbourne,False,percentage,rank,19.0,12,0.04960409935669188,12,Safe,Safe,False,False,False
9,3,Debi Mazar,False,percentage,rank,17.0,11,0.016075805125590682,13,Eliminated,Eliminated,False,False,False
9,3,Melissa Joan Hart,False,percentage,rank,19.0,8,0.11379378119984719,2,Safe,Safe,False,False,False
9,3,Mark Dacascos,False,percentage,rank,18.0,9,0.06303081582899606,9,Safe,Safe,False,False,False
9,3,Chuck Liddell,False,percentage,rank,17.0,11,0.07277040948590252,7,Safe,Safe,False,False,False
9,3,Natalie Coughlin,False,percentage,rank,26.0,2,0.0998448920649581,3,Safe,Safe,False,False,False
9,3,Louie Vito,False,percentage,rank,20.0,7,0.05104003711730425,11,Safe,Safe,False,False,False
9,3,Michael Irvin,False,percentage,rank,14.0,13,0.09787009573312576,4,Safe,Safe,False,False,False
9,3,Joanna Krupa,False,percentage,rank,23.0,3,0.08930965926531306,5,Safe,Safe,False,False,False
9,3,Tom DeLay,False,percentage,rank,15.0,12,0.07577124048557499,6,Safe,Safe,False,False,False
9,3,Aaron Carter,False,percentage,rank,21.0,5,0.05497537945168427,10,Safe,Safe,False,False,False
9,3,Mya,False,percentage,rank,27.0,1,0.045627971377224824,12,Safe,Safe,False,False,False
9,3,Donny Osmond,False,percentage,rank,21.0,5,0.06961652646992465,8,Safe,Safe,False,False,False
9,3,Kelly Osbourne,False,percentage,rank,20.0,7,0.15027338639455437,1,Safe,Safe,False,False,False
9,4,Melissa Joan Hart,False,percentage,rank,28.0,2,0.12319869162069769,3,Safe,Safe,False,False,False
9,4,Mark Dacascos,False,percentage,rank,22.0,7,0.053915361638929626,10,Safe,Safe,False,False,False
9,4,Chuck Liddell,False,percentage,rank,17.0,9,0.01603764619251401,11,Eliminated,Eliminated,False,False,False
9,4,Natalie Coughlin,False,percentage,rank,24.0,5,0.09335338682435962,6,Safe,Safe,False,False,False
9,4,Louie Vito,False,percentage,rank,16.0,11,0.09478603800396086,5,Safe,Safe,False,False,False
9,4,Michael Irvin,False,percentage,rank,16.0,11,0.08384504516943037,8,Safe,Safe,False,False,False
9,4,Joanna Krupa,False,percentage,rank,26.0,3,0.15129541404290558,1,Safe,Safe,False,False,False
9,4,Aaron Carter,False,percentage,rank,18.0,8,0.10063031816349091,4,Safe,Safe,False,False,False
9,4,Mya,False,percentage,rank,28.0,2,0.05877216153979328,9,Safe,Safe,False,False,False
9,4,Donny Osmond,False,percentage,rank,24.0,5,0.13853277232189684,2,Safe,Safe,False,False,False
9,4,Kelly Osbourne,False,percentage,rank,23.0,6,0.08563316448202024,7,Safe,Safe,False,False,False
9,5,Melissa Joan Hart,False,percentage,rank,23.0,7,0.052926173853002974,9,Safe,Safe,False,False,False
9,5,Mark Dacascos,False,percentage,rank,26.0,3,0.07712454616708211,5,Safe,Safe,False,False,False
9,5,Natalie Coughlin,False,percentage,rank,22.0,9,0.005035577492914624,10,Eliminated,Eliminated,False,False,False
9,5,Louie Vito,False,percentage,rank,22.0,9,0.3142824041461561,1,Safe,Safe,False,False,False
9,5,Michael Irvin,False,percentage,rank,21.0,10,0.11198970010122833,3,Safe,Safe,False,False,False
9,5,Joanna Krupa,False,percentage,rank,24.0,6,0.06894356706394832,7,Safe,Safe,False,False,False
9,5,Aaron Carter,False,percentage,rank,24.0,6,0.06899564783947242,6,Safe,Safe,False,False,False
9,5,Mya,False,percentage,rank,27.0,2,0.10147234763896615,4,Safe,Safe,False,False,False
9,5,Donny Osmond,False,percentage,rank,29.0,1,0.13096897949353936,2,Safe,Safe,False,False,False
9,5,Kelly Osbourne,False,percentage,rank,24.0,6,0.06826105620368939,8,Safe,Safe,False,False,False
9,6,Melissa Joan Hart,False,percentage,rank,23.9999,8,0.03778025099619789,8,Safe,Safe,False,False,False
9,6,Mark Dacascos,False,percentage,rank,32.0,4,0.1738528330437095,2,Safe,Safe,False,False,False
9,6,Louie Vito,False,percentage,rank,24.0,7,0.03705752645493349,9,Eliminated,Eliminated,False,False,False
9,6,Michael Irvin,False,percentage,rank,21.9998,9,0.11989510926005299,4,Safe,Safe,False,False,False
9,6,Joanna Krupa,False,percentage,rank,35.9999,1,0.06526659093581998,7,Safe,Safe,False,False,False
9,6,Aaron Carter,False,percentage,rank,32.9998,3,0.2233215168098858,1,Safe,Safe,False,False,False
9,6,Mya,False,percentage,rank,33.0,2,0.09006226283771714,6,Safe,Safe,False,False,False
9,6,Donny Osmond,False,percentage,rank,30.9999,5,0.13885674157730862,3,Safe,Safe,False,False,False
9,6,Kelly Osbourne,False,percentage,rank,24.9998,6,0.11390716808437532,5,Safe,Safe,False,False,False
9,7,Mark Dacascos,False,percentage,rank,21.5,7,0.045410123900022505,6,Eliminated,Safe,True,False,False
9,7,Michael Irvin,False,percentage,rank,23.5,6,0.0391009965145084,7,Safe,Eliminated,True,False,True
9,7,Joanna Krupa,False,percentage,rank,27.5,1,0.14350819243301252,3,Safe,Safe,True,False,False
9,7,Aaron Carter,False,percentage,rank,26.5,2,0.14215249788422876,4,Safe,Safe,True,False,False
9,7,Mya,False,percentage,rank,24.5,5,0.2938605668616524,1,Safe,Safe,True,False,False
9,7,Donny Osmond,False,percentage,rank,26.0,4,0.13556193122959734,5,Safe,Safe,True,False,False
9,7,Kelly Osbourne,False,percentage,rank,26.0,4,0.20040569117697848,2,Safe,Safe,True,False,False
9,8,Joanna Krupa,False,percentage,rank,26.0,2,0.15060902306780533,4,Safe,Safe,False,False,False
9,8,Aaron Carter,False,percentage,rank,25.0,5,0.06394972251779378,5,Eliminated,Eliminated,False,False,False
9,8,Mya,False,percentage,rank,29.5,1,0.2687361419591417,2,Safe,Safe,False,False,False
9,8,Donny Osmond,False,percentage,rank,25.0,5,0.20461533662239423,3,Safe,Safe,False,False,False
9,8,Kelly Osbourne,False,percentage,rank,25.5,3,0.3120897758328664,1,Safe,Safe,False,False,False
9,9,Joanna Krupa,False,percentage,rank,27.0,2,0.05652606952093167,4,Eliminated,Eliminated,False,False,False
9,9,Mya,False,percentage,rank,28.9999,1,0.14031765957972658,3,Safe,Safe,False,False,False
9,9,Donny Osmond,False,percentage,rank,24.666600000000003,4,0.5260496749105428,1,Safe,Safe,False,False,False
9,9,Kelly Osbourne,False,percentage,rank,25.9998,3,0.2771065959887999,2,Safe,Safe,False,False,False
10,2,Aiden Turner,False,percentage,rank,19.0,8,0.08158101629194087,6,Safe,Safe,False,False,False
10,2,Shannen Doherty,False,percentage,rank,20.0,7,0.006948564780496027,11,Eliminated,Eliminated,False,False,False
10,2,Niecy Nash,False,percentage,rank,21.0,5,0.08011343371705647,7,Safe,Safe,False,False,False
10,2,Buzz Aldrin,False,percentage,rank,12.0,11,0.19915237675818967,1,Safe,Safe,False,False,False
10,2,Chad Ochocinco,False,percentage,rank,16.0,9,0.07657865062144321,8,Safe,Safe,False,False,False
10,2,Evan Lysacek,False,percentage,rank,24.0,2,0.05632749314171955,9,Safe,Safe,False,False,False
10,2,Pamela Anderson,False,percentage,rank,22.0,4,0.04790057156557044,10,Safe,Safe,False,False,False
10,2,Nicole Scherzinger,False,percentage,rank,28.0,1,0.17149421901390596,2,Safe,Safe,False,False,False
10,2,Erin Andrews,False,percentage,rank,23.0,3,0.09016952814728359,4,Safe,Safe,False,False,False
10,2,Kate Gosselin,False,percentage,rank,15.0,10,0.08487588923271455,5,Safe,Safe,False,False,False
10,2,Jake Pavelka,False,percentage,rank,20.0,7,0.10485825672967883,3,Safe,Safe,False,False,False
10,3,Aiden Turner,False,percentage,rank,20.0,8,0.11089754871487296,2,Safe,Safe,False,False,False
10,3,Niecy Nash,False,percentage,rank,21.0,6,0.08282982511552613,8,Safe,Safe,False,False,False
10,3,Buzz Aldrin,False,percentage,rank,13.0,10,0.02821153654532431,10,Eliminated,Eliminated,False,False,False
10,3,Chad Ochocinco,False,percentage,rank,20.0,8,0.08688565926590612,6,Safe,Safe,False,False,False
10,3,Evan Lysacek,False,percentage,rank,26.0,1,0.0864997139096222,7,Safe,Safe,False,False,False
10,3,Pamela Anderson,False,percentage,rank,21.0,6,0.2479306349600246,1,Safe,Safe,False,False,False
10,3,Nicole Scherzinger,False,percentage,rank,23.0,3,0.10353930500072751,3,Safe,Safe,False,False,False
10,3,Erin Andrews,False,percentage,rank,23.0,3,0.06270385269693989,9,Safe,Safe,False,False,False
10,3,Kate Gosselin,False,percentage,rank,15.0,9,0.09336107644810772,5,Safe,Safe,False,False,False
10,3,Jake Pavelka,False,percentage,rank,21.0,6,0.09714084734294831,4,Safe,Safe,False,False,False
10,4,Aiden Turner,False,percentage,rank,16.5,8,0.03256070568009626,9,Eliminated,Eliminated,False,False,False
10,4,Niecy Nash,False,percentage,rank,18.0,7,0.09672708513209118,6,Safe,Safe,False,False,False
10,4,Chad Ochocinco,False,percentage,rank,22.0,4,0.09889079973914959,5,Safe,Safe,False,False,False
10,4,Evan Lysacek,False,percentage,rank,26.0,1,0.14356415340468362,3,Safe,Safe,False,False,False
10,4,Pamela Anderson,False,percentage,rank,23.5,3,0.07654504850342815,8,Safe,Safe,False,False,False
10,4,Nicole Scherzinger,False,percentage,rank,25.0,2,0.16649525899926285,1,Safe,Safe,False,False,False
10,4,Erin Andrews,False,percentage,rank,19.5,5,0.15833922449726615,2,Safe,Safe,False,False,False
10,4,Kate Gosselin,False,percentage,rank,16.0,9,0.14028503301639336,4,Safe,Safe,False,False,False
10,4,Jake Pavelka,False,percentage,rank,19.0,6,0.08659269102762898,7,Safe,Safe,False,False,False
10,5,Niecy Nash,False,percentage,rank,18.0,7,0.11559157488128179,5,Safe,Safe,False,False,False
10,5,Chad Ochocinco,False,percentage,rank,18.0,7,0.1546512455110589,2,Safe,Safe,False,False,False
10,5,Evan Lysacek,False,percentage,rank,27.0,2,0.07808086525370557,7,Safe,Safe,False,False,False
10,5,Pamela Anderson,False,percentage,rank,21.0,5,0.1484971242137256,3,Safe,Safe,False,False,False
10,5,Nicole Scherzinger,False,percentage,rank,29.0,1,0.11338908258926676,6,Safe,Safe,False,False,False
10,5,Erin Andrews,False,percentage,rank,22.0,4,0.21513479470045183,1,Safe,Safe,False,False,False
10,5,Kate Gosselin,False,percentage,rank,15.0,8,0.034167331084706765,8,Eliminated,Eliminated,False,False,False
10,5,Jake Pavelka,False,percentage,rank,23.0,3,0.1404879817658027,4,Safe,Safe,False,False,False
10,6,Niecy Nash,False,percentage,rank,25.9998,6,0.22456962248704063,2,Safe,Safe,False,False,False
10,6,Chad Ochocinco,False,percentage,rank,30.9999,3,0.2743080282937082,1,Safe,Safe,False,False,False
10,6,Evan Lysacek,False,percentage,rank,27.0,5,0.10888163715662193,4,Safe,Safe,False,False,False
10,6,Pamela Anderson,False,percentage,rank,29.9998,4,0.09316810757311841,6,Safe,Safe,False,False,False
10,6,Nicole Scherzinger,False,percentage,rank,35.9999,1,0.09614230244573285,5,Safe,Safe,False,False,False
10,6,Erin Andrews,False,percentage,rank,34.0,2,0.16672952081466363,3,Safe,Safe,False,False,False
10,6,Jake Pavelka,False,percentage,rank,24.9999,7,0.03620078122911343,7,Eliminated,Eliminated,False,False,False
10,7,Niecy Nash,False,percentage,rank,24.5,6,0.12039441018560133,4,Safe,Safe,False,False,False
10,7,Chad Ochocinco,False,percentage,rank,26.0,3,0.0927648026553941,5,Safe,Safe,False,False,False
10,7,Evan Lysacek,False,percentage,rank,27.0,2,0.40549109940809175,1,Safe,Safe,False,False,False
10,7,Pamela Anderson,False,percentage,rank,25.5,5,0.03271582088405256,6,Eliminated,Eliminated,False,False,False
10,7,Nicole Scherzinger,False,percentage,rank,27.0,2,0.21477621422910284,2,Safe,Safe,False,False,False
10,7,Erin Andrews,False,percentage,rank,25.5,5,0.1338576526377596,3,Safe,Safe,False,False,False
10,8,Niecy Nash,False,percentage,rank,21.5,5,0.06995250326529481,5,Eliminated,Eliminated,False,False,False
10,8,Chad Ochocinco,False,percentage,rank,22.5,4,0.24814712864747288,3,Safe,Safe,False,False,False
10,8,Evan Lysacek,False,percentage,rank,26.5,3,0.26193087220868383,1,Safe,Safe,False,False,False
10,8,Nicole Scherzinger,False,percentage,rank,29.5,1,0.16554408002982804,4,Safe,Safe,False,False,False
10,8,Erin Andrews,False,percentage,rank,26.5,3,0.25442541584872025,2,Safe,Safe,False,False,False
10,9,Chad Ochocinco,False,percentage,rank,26.0,4,0.06967827261323427,4,Eliminated,Eliminated,False,False,False
10,9,Evan Lysacek,False,percentage,rank,29.5,2,0.20592912525540874,3,Safe,Safe,False,False,False
10,9,Nicole Scherzinger,False,percentage,rank,29.5,2,0.21812994395879226,2,Safe,Safe,False,False,False
10,9,Erin Andrews,False,percentage,rank,28.0,3,0.5062626581725632,1,Safe,Safe,False,False,False
11,1,David Hasselhoff,False,percentage,rank,15.0,12,0.030130851513894885,12,Eliminated,Eliminated,False,False,False
11,1,Florence Henderson,False,percentage,rank,18.0,8,0.07916383862678282,8,Safe,Safe,False,False,False
11,1,Kyle Massey,False,percentage,rank,23.0,3,0.07121570116066739,9,Safe,Safe,False,False,False
11,1,Jennifer Grey,False,percentage,rank,24.0,1,0.059414555551274666,11,Safe,Safe,False,False,False
11,1,Rick Fox,False,percentage,rank,22.0,4,0.08931682276713301,6,Safe,Safe,False,False,False
11,1,Kurt Warner,False,percentage,rank,19.0,6,0.08304414238401533,7,Safe,Safe,False,False,False
11,1,Margaret Cho,False,percentage,rank,15.0,12,0.09097521866321494,5,Safe,Safe,False,False,False
11,1,Michael Bolton,False,percentage,rank,16.0,9,0.10761120899214935,2,Safe,Safe,False,False,False
11,1,Brandy,False,percentage,rank,23.0,3,0.064428666410717,10,Safe,Safe,False,False,False
11,1,The Situation,False,percentage,rank,15.0,12,0.12002795541046674,1,Safe,Safe,False,False,False
11,1,Audrina Patridge,False,percentage,rank,19.0,6,0.09789271925414857,4,Safe,Safe,False,False,False
11,1,Bristol Palin,True,percentage,rank,18.0,8,0.10677831926553488,3,Safe,Safe,False,False,False
11,2,Florence Henderson,False,percentage,rank,19.0,8,0.05705061418187247,9,Safe,Safe,False,False,False
11,2,Kyle Massey,False,percentage,rank,22.0,4,0.05605594969332168,10,Safe,Safe,False,False,False
11,2,Jennifer Grey,False,percentage,rank,24.0,1,0.07787447994817816,7,Safe,Safe,False,False,False
11,2,Rick Fox,False,percentage,rank,21.0,7,0.12160234832142455,3,Safe,Safe,False,False,False
11,2,Kurt Warner,False,percentage,rank,21.0,7,0.08506051144918854,6,Safe,Safe,False,False,False
11,2,Margaret Cho,False,percentage,rank,18.0,10,0.08931363034584054,5,Safe,Safe,False,False,False
11,2,Michael Bolton,False,percentage,rank,12.0,11,0.03033105039408666,11,Eliminated,Eliminated,False,False,False
11,2,Brandy,False,percentage,rank,21.0,7,0.15465709116878912,1,Safe,Safe,False,False,False
11,2,The Situation,False,percentage,rank,18.0,10,0.13883060728584729,2,Safe,Safe,False,False,False
11,2,Audrina Patridge,False,percentage,rank,23.0,2,0.06916311639077706,8,Safe,Safe,False,False,False
11,2,Bristol Palin,True,percentage,rank,22.0,4,0.12006060082067278,4,Safe,Safe,False,False,False
11,3,Florence Henderson,False,percentage,rank,20.0,8,0.13429039974270146,3,Safe,Safe,False,False,False
11,3,Kyle Massey,False,percentage,rank,23.0,6,0.1369421698423445,2,Safe,Safe,False,False,False
11,3,Jennifer Grey,False,percentage,rank,24.0,4,0.09415347053766786,6,Safe,Safe,False,False,False
11,3,Rick Fox,False,percentage,rank,24.0,4,0.16062405240156177,1,Safe,Safe,False,False,False
11,3,Kurt Warner,False,percentage,rank,23.0,6,0.1133047222574546,4,Safe,Safe,False,False,False
11,3,Margaret Cho,False,percentage,rank,18.0,10,0.028886579289740665,10,Eliminated,Eliminated,False,False,False
11,3,Brandy,False,percentage,rank,24.0,4,0.07054148207804678,8,Safe,Safe,False,False,False
11,3,The Situation,False,percentage,rank,20.0,8,0.08273110145108395,7,Safe,Safe,False,False,False
11,3,Audrina Patridge,False,percentage,rank,26.0,1,0.11161660097847717,5,Safe,Safe,False,False,False
11,3,Bristol Palin,True,percentage,rank,19.0,9,0.06690942142092224,9,Safe,Safe,False,False,False
11,4,Florence Henderson,False,percentage,rank,17.5,6,0.0661988784819465,8,Safe,Safe,False,False,False
11,4,Kyle Massey,False,percentage,rank,20.0,4,0.11284559474990502,4,Safe,Safe,False,False,False
11,4,Jennifer Grey,False,percentage,rank,28.0,1,0.1947320803587001,1,Safe,Safe,False,False,False
11,4,Rick Fox,False,percentage,rank,19.5,5,0.09154701408993711,7,Safe,Safe,False,False,False
11,4,Kurt Warner,False,percentage,rank,17.0,7,0.09442762724855584,6,Safe,Safe,False,False,False
11,4,Brandy,False,percentage,rank,24.0,2,0.10674876219753311,5,Safe,Safe,False,False,False
11,4,The Situation,False,percentage,rank,14.0,9,0.028243277003840727,9,Eliminated,Eliminated,False,False,False
11,4,Audrina Patridge,False,percentage,rank,23.0,3,0.1613675034091589,2,Safe,Safe,False,False,False
11,4,Bristol Palin,True,percentage,rank,16.0,8,0.14388926246042297,3,Safe,Safe,False,False,False
11,5,Florence Henderson,False,percentage,rank,21.0,6,0.02528168524527979,8,Eliminated,Eliminated,False,False,False
11,5,Kyle Massey,False,percentage,rank,20.0,7,0.11536858268244954,2,Safe,Safe,False,False,False
11,5,Jennifer Grey,False,percentage,rank,25.0,2,0.1062950948160777,3,Safe,Safe,False,False,False
11,5,Rick Fox,False,percentage,rank,24.0,4,0.09902048906010201,4,Safe,Safe,False,False,False
11,5,Kurt Warner,False,percentage,rank,24.0,4,0.3779919395400962,1,Safe,Safe,False,False,False
11,5,Brandy,False,percentage,rank,27.0,1,0.08859775252930964,7,Safe,Safe,False,False,False
11,5,Audrina Patridge,False,percentage,rank,23.0,5,0.09551818431218419,5,Safe,Safe,False,False,False
11,5,Bristol Palin,True,percentage,rank,18.0,8,0.09192627181450037,6,Safe,Safe,False,False,False
11,6,Kyle Massey,False,percentage,rank,29.9999,4,0.18395710287836053,2,Safe,Safe,True,False,False
11,6,Jennifer Grey,False,percentage,rank,29.0,5,0.15349581143901325,4,Safe,Safe,True,False,False
11,6,Rick Fox,False,percentage,rank,30.0,3,0.11048984381692381,5,Safe,Safe,True,False,False
11,6,Kurt Warner,False,percentage,rank,21.9999,7,0.25229952910676984,1,Safe,Safe,True,False,False
11,6,Brandy,False,percentage,rank,35.9999,1,0.16629226208318015,3,Safe,Safe,True,False,False
11,6,Audrina Patridge,False,percentage,rank,31.9998,2,0.025228463924612112,7,Eliminated,Safe,True,True,False
11,6,Bristol Palin,True,percentage,rank,27.9998,6,0.10823698675114059,6,Safe,Eliminated,True,False,False
11,7,Kyle Massey,False,percentage,rank,33.5,5,0.10833314908005726,4,Safe,Safe,False,False,False
11,7,Jennifer Grey,False,percentage,rank,36.5,2,0.06961360824131994,5,Safe,Safe,False,False,False
11,7,Rick Fox,False,percentage,rank,34.5,4,0.02198739139026026,6,Eliminated,Eliminated,False,False,False
11,7,Kurt Warner,False,percentage,rank,35.0,3,0.12240291955677994,2,Safe,Safe,False,False,False
11,7,Brandy,False,percentage,rank,36.5,2,0.5646490625210862,1,Safe,Safe,False,False,False
11,7,Bristol Palin,True,percentage,rank,32.5,6,0.11301386921049522,3,Safe,Safe,False,False,False
11,8,Kyle Massey,False,percentage,rank,28.0,3,0.2503919344653409,2,Safe,Safe,False,False,False
11,8,Jennifer Grey,False,percentage,rank,28.5,2,0.45157475187331075,1,Safe,Safe,False,False,False
11,8,Kurt Warner,False,percentage,rank,24.0,4,0.05118778911877713,5,Eliminated,Eliminated,False,False,False
11,8,Brandy,False,percentage,rank,28.5,2,0.10715239248132517,4,Safe,Safe,False,False,False
11,8,Bristol Palin,True,percentage,rank,23.5,5,0.13969313206124595,3,Safe,Safe,False,False,False
11,9,Kyle Massey,False,percentage,rank,29.0,2,0.2617628768709765,2,Safe,Safe,False,False,False
11,9,Jennifer Grey,False,percentage,rank,30.0,1,0.26102407840219705,3,Safe,Safe,False,False,False
11,9,Brandy,False,percentage,rank,28.5,3,0.07488692774846412,4,Eliminated,Eliminated,False,False,False
11,9,Bristol Palin,True,percentage,rank,26.5,4,0.40232611697836274,1,Safe,Safe,False,False,False
12,2,Ralph Macchio,False,percentage,rank,21.0,4,0.08568134009612599,6,Safe,Safe,False,False,False
12,2,Chelsea Kane,False,percentage,rank,18.0,8,0.1117521954958485,4,Safe,Safe,False,False,False
12,2,Kirstie Alley,False,percentage,rank,20.0,5,0.07108295689927978,9,Safe,Safe,False,False,False
12,2,Hines Ward,False,percentage,rank,23.0,3,0.06340561248884516,10,Safe,Safe,False,False,False
12,2,Sugar Ray Leonard,False,percentage,rank,17.0,11,0.15404186057396405,1,Safe,Safe,False,False,False
12,2,Chris Jericho,False,percentage,rank,23.0,3,0.0892785372607411,5,Safe,Safe,False,False,False
12,2,Petra Nemcova,False,percentage,rank,18.0,8,0.1261029238546935,2,Safe,Safe,False,False,False
12,2,Mike Catherwood,False,percentage,rank,17.0,11,0.027476415457151723,11,Eliminated,Eliminated,False,False,False
12,2,Romeo,False,percentage,rank,23.0,3,0.07277498591882026,8,Safe,Safe,False,False,False
12,2,Wendy Williams,False,percentage,rank,17.0,11,0.07897031387926887,7,Safe,Safe,False,False,False
12,2,Kendra Wilkinson,False,percentage,rank,19.0,6,0.11943285807526086,3,Safe,Safe,False,False,False
12,3,Ralph Macchio,False,percentage,rank,21.0,7,0.07465011710939896,7,Safe,Safe,False,False,False
12,3,Chelsea Kane,False,percentage,rank,23.0,4,0.06598492355127061,9,Safe,Safe,False,False,False
12,3,Kirstie Alley,False,percentage,rank,21.0,7,0.08497341570436003,6,Safe,Safe,False,False,False
12,3,Hines Ward,False,percentage,rank,25.0,2,0.1711420358927523,1,Safe,Safe,False,False,False
12,3,Sugar Ray Leonard,False,percentage,rank,20.0,9,0.1482170746978784,3,Safe,Safe,False,False,False
12,3,Chris Jericho,False,percentage,rank,21.0,7,0.15653638221148244,2,Safe,Safe,False,False,False
12,3,Petra Nemcova,False,percentage,rank,25.0,2,0.07070484671393168,8,Safe,Safe,False,False,False
12,3,Romeo,False,percentage,rank,20.0,9,0.10187104252089227,4,Safe,Safe,False,False,False
12,3,Wendy Williams,False,percentage,rank,15.0,10,0.025629986643695035,10,Eliminated,Eliminated,False,False,False
12,3,Kendra Wilkinson,False,percentage,rank,23.0,4,0.10029017495433917,5,Safe,Safe,False,False,False
12,4,Ralph Macchio,False,percentage,rank,25.0,3,0.22781173175946207,1,Safe,Safe,False,False,False
12,4,Chelsea Kane,False,percentage,rank,26.0,1,0.07555511573945424,8,Safe,Safe,False,False,False
12,4,Kirstie Alley,False,percentage,rank,22.0,7,0.10724987211207197,4,Safe,Safe,False,False,False
12,4,Hines Ward,False,percentage,rank,25.0,3,0.08672282029287808,6,Safe,Safe,False,False,False
12,4,Sugar Ray Leonard,False,percentage,rank,21.0,8,0.030270474300229503,9,Eliminated,Eliminated,False,False,False
12,4,Chris Jericho,False,percentage,rank,23.0,6,0.13651661142784208,3,Safe,Safe,False,False,False
12,4,Petra Nemcova,False,percentage,rank,23.0,6,0.0854547518431803,7,Safe,Safe,False,False,False
12,4,Romeo,False,percentage,rank,23.0,6,0.10212352608164497,5,Safe,Safe,False,False,False
12,4,Kendra Wilkinson,False,percentage,rank,18.0,9,0.14829509644323707,2,Safe,Safe,False,False,False
12,5,Ralph Macchio,False,percentage,rank,22.0,8,0.11491023267875242,4,Safe,Safe,False,False,False
12,5,Chelsea Kane,False,percentage,rank,26.0,4,0.14422044460499842,3,Safe,Safe,False,False,False
12,5,Kirstie Alley,False,percentage,rank,23.0,5,0.10859272545302334,5,Safe,Safe,False,False,False
12,5,Hines Ward,False,percentage,rank,27.0,1,0.09358057042142497,6,Safe,Safe,False,False,False
12,5,Chris Jericho,False,percentage,rank,26.0,4,0.08385383554256201,7,Safe,Safe,False,False,False
12,5,Petra Nemcova,False,percentage,rank,22.0,8,0.031225391881836848,8,Eliminated,Eliminated,False,False,False
12,5,Romeo,False,percentage,rank,26.0,4,0.205548352237205,2,Safe,Safe,False,False,False
12,5,Kendra Wilkinson,False,percentage,rank,22.0,8,0.21806844718019722,1,Safe,Safe,False,False,False
12,6,Ralph Macchio,False,percentage,rank,24.0,6,0.214993684585373,1,Safe,Safe,False,False,False
12,6,Chelsea Kane,False,percentage,rank,28.0,2,0.09374078021333707,6,Safe,Safe,False,False,False
12,6,Kirstie Alley,False,percentage,rank,26.0,4,0.15177223719081592,4,Safe,Safe,False,False,False
12,6,Hines Ward,False,percentage,rank,27.0,3,0.1825079650345559,3,Safe,Safe,False,False,False
12,6,Chris Jericho,False,percentage,rank,22.0,7,0.042611131673609685,7,Eliminated,Eliminated,False,False,False
12,6,Romeo,False,percentage,rank,28.0,2,0.21494075203919702,2,Safe,Safe,False,False,False
12,6,Kendra Wilkinson,False,percentage,rank,25.0,5,0.09943344926311216,5,Safe,Safe,False,False,False
12,7,Ralph Macchio,False,percentage,rank,33.0,2,0.15354293851276907,5,Safe,Safe,False,False,False
12,7,Chelsea Kane,False,percentage,rank,32.0,3,0.20501564312568418,2,Safe,Safe,False,False,False
12,7,Kirstie Alley,False,percentage,rank,30.0,6,0.16620395833151788,4,Safe,Safe,False,False,False
12,7,Hines Ward,False,percentage,rank,33.0,2,0.17366952945083564,3,Safe,Safe,False,False,False
12,7,Romeo,False,percentage,rank,30.0,6,0.25516232490930435,1,Safe,Safe,False,False,False
12,7,Kendra Wilkinson,False,percentage,rank,30.5,4,0.04640560566988834,6,Eliminated,Eliminated,False,False,False
12,8,Ralph Macchio,False,percentage,rank,23.0,5,0.23495222800995866,3,Safe,Safe,False,False,False
12,8,Chelsea Kane,False,percentage,rank,27.5,1,0.273152074937485,2,Safe,Safe,False,False,False
12,8,Kirstie Alley,False,percentage,rank,26.5,3,0.16092190585391208,4,Safe,Safe,False,False,False
12,8,Hines Ward,False,percentage,rank,27.0,2,0.27706934394872357,1,Safe,Safe,False,False,False
12,8,Romeo,False,percentage,rank,26.0,4,0.05390444724992024,5,Eliminated,Eliminated,False,False,False
12,9,Ralph Macchio,False,percentage,rank,24.0,4,0.09378157514962032,4,Eliminated,Eliminated,False,False,False
12,9,Chelsea Kane,False,percentage,rank,36.5,1,0.3832498921384518,1,Safe,Safe,False,False,False
12,9,Kirstie Alley,False,percentage,rank,27.0,3,0.2588230522207256,3,Safe,Safe,False,False,False
12,9,Hines Ward,False,percentage,rank,30.0,2,0.2641454804912023,2,Safe,Safe,False,False,False
13,1,Elisabetta Canalis,False,percentage,rank,15.0,11,0.09058750018430525,5,Safe,Safe,False,False,False
13,1,David Arquette,False,percentage,rank,18.0,6,0.08338970050809787,6,Safe,Safe,False,False,False
13,1,Ricki Lake,False,percentage,rank,20.0,4,0.06594436290101975,9,Safe,Safe,False,False,False
13,1,J.R. Martinez,False,percentage,rank,22.0,2,0.062090427351292894,10,Safe,Safe,False,False,False
13,1,Metta World Peace (Ron),False,percentage,rank,14.0,12,0.016231390533907875,12,Eliminated,Eliminated,False,False,False
13,1,Hope Solo,False,percentage,rank,21.0,3,0.07429543853964762,7,Safe,Safe,False,False,False
13,1,Chynna Phillips,False,percentage,rank,22.0,2,0.1048425470217876,4,Safe,Safe,False,False,False
13,1,Kristin Cavallari,False,percentage,rank,19.0,5,0.06991590769121152,8,Safe,Safe,False,False,False
13,1,Carson Kressley,False,percentage,rank,17.0,8,0.041734229115792804,11,Safe,Safe,False,False,False
13,1,Chaz Bono,False,percentage,rank,17.0,8,0.15237194873587365,1,Safe,Safe,False,False,False
13,1,Nancy Grace,False,percentage,rank,16.0,10,0.10875373759990675,3,Safe,Safe,False,False,False
13,1,Rob Kardashian,False,percentage,rank,16.0,10,0.12984280981715626,2,Safe,Safe,False,False,False
13,2,Elisabetta Canalis,False,percentage,rank,21.0,7,0.011159675377400173,11,Eliminated,Eliminated,False,False,False
13,2,David Arquette,False,percentage,rank,18.0,10,0.10431563411495844,5,Safe,Safe,False,False,False
13,2,Ricki Lake,False,percentage,rank,23.0,1,0.09645217289076603,6,Safe,Safe,False,False,False
13,2,J.R. Martinez,False,percentage,rank,22.0,3,0.05287527729019773,9,Safe,Safe,False,False,False
13,2,Hope Solo,False,percentage,rank,19.0,8,0.12101485878647514,3,Safe,Safe,False,False,False
13,2,Chynna Phillips,False,percentage,rank,21.0,7,0.07657466247992142,7,Safe,Safe,False,False,False
13,2,Kristin Cavallari,False,percentage,rank,22.0,3,0.07023979879413829,8,Safe,Safe,False,False,False
13,2,Carson Kressley,False,percentage,rank,18.0,10,0.12624149462919107,2,Safe,Safe,False,False,False
13,2,Chaz Bono,False,percentage,rank,17.0,11,0.11632935796614426,4,Safe,Safe,False,False,False
13,2,Nancy Grace,False,percentage,rank,21.0,7,0.17732839914294035,1,Safe,Safe,False,False,False
13,2,Rob Kardashian,False,percentage,rank,21.0,7,0.047468668527867526,10,Safe,Safe,False,False,False
13,3,David Arquette,False,percentage,rank,24.0,7,0.12408251266350545,3,Safe,Safe,True,False,False
13,3,Ricki Lake,False,percentage,rank,27.0,1,0.08217296094484813,9,Safe,Safe,True,False,False
13,3,J.R. Martinez,False,percentage,rank,26.0,3,0.10345347684756136,5,Safe,Safe,True,False,False
13,3,Hope Solo,False,percentage,rank,24.0,7,0.0977291679715323,7,Safe,Safe,True,False,False
13,3,Chynna Phillips,False,percentage,rank,26.0,3,0.12041513327037938,4,Safe,Safe,True,False,False
13,3,Kristin Cavallari,False,percentage,rank,24.0,7,0.018802460405790807,10,Eliminated,Safe,True,True,False
13,3,Carson Kressley,False,percentage,rank,23.0,8,0.1289968409905908,2,Safe,Safe,True,False,False
13,3,Chaz Bono,False,percentage,rank,18.0,10,0.09265288241559821,8,Safe,Eliminated,True,False,False
13,3,Nancy Grace,False,percentage,rank,21.0,9,0.10072560514166654,6,Safe,Safe,True,False,False
13,3,Rob Kardashian,False,percentage,rank,24.0,7,0.13096895934852584,1,Safe,Safe,True,False,False
13,4,David Arquette,False,percentage,rank,23.0,5,0.07058553279845053,8,Safe,Safe,False,False,False
13,4,Ricki Lake,False,percentage,rank,29.0,1,0.07901247905427206,7,Safe,Safe,False,False,False
13,4,J.R. Martinez,False,percentage,rank,26.0,2,0.0946875489788819,6,Safe,Safe,False,False,False
13,4,Hope Solo,False,percentage,rank,24.0,4,0.14094389719271333,3,Safe,Safe,False,False,False
13,4,Chynna Phillips,False,percentage,rank,21.0,8,0.024161565280573047,9,Eliminated,Eliminated,False,False,False
13,4,Carson Kressley,False,percentage,rank,20.0,9,0.17537245045902805,1,Safe,Safe,False,False,False
13,4,Chaz Bono,False,percentage,rank,21.0,8,0.1597968677268009,2,Safe,Safe,False,False,False
13,4,Nancy Grace,False,percentage,rank,21.0,8,0.11819997437827344,5,Safe,Safe,False,False,False
13,4,Rob Kardashian,False,percentage,rank,24.0,4,0.1372396841310078,4,Safe,Safe,False,False,False
13,5,David Arquette,False,percentage,rank,25.0,3,0.07530970525171651,7,Safe,Safe,False,False,False
13,5,Ricki Lake,False,percentage,rank,24.0,5,0.18190463496831724,2,Safe,Safe,False,False,False
13,5,J.R. Martinez,False,percentage,rank,28.0,1,0.15694709330222037,3,Safe,Safe,False,False,False
13,5,Hope Solo,False,percentage,rank,24.0,5,0.2160670569391894,1,Safe,Safe,False,False,False
13,5,Carson Kressley,False,percentage,rank,19.0,8,0.029799253164185857,8,Eliminated,Eliminated,False,False,False
13,5,Chaz Bono,False,percentage,rank,21.0,7,0.08276734168448935,6,Safe,Safe,False,False,False
13,5,Nancy Grace,False,percentage,rank,22.0,6,0.12039091496806419,5,Safe,Safe,False,False,False
13,5,Rob Kardashian,False,percentage,rank,25.0,3,0.1368139997218174,4,Safe,Safe,False,False,False
13,6,David Arquette,False,percentage,rank,23.0,4,0.19400480040877935,1,Safe,Safe,False,False,False
13,6,Ricki Lake,False,percentage,rank,29.0,2,0.1795135128926573,3,Safe,Safe,False,False,False
13,6,J.R. Martinez,False,percentage,rank,29.0,2,0.15581332770804687,4,Safe,Safe,False,False,False
13,6,Hope Solo,False,percentage,rank,20.0,6,0.1885408304285841,2,Safe,Safe,False,False,False
13,6,Chaz Bono,False,percentage,rank,19.0,7,0.04964558637485103,7,Eliminated,Eliminated,False,False,False
13,6,Nancy Grace,False,percentage,rank,24.0,3,0.09222325899660855,6,Safe,Safe,False,False,False
13,6,Rob Kardashian,False,percentage,rank,22.0,5,0.14025868319047427,5,Safe,Safe,False,False,False
13,7,David Arquette,False,percentage,rank,23.5,5,0.03679320229566278,6,Eliminated,Eliminated,False,False,False
13,7,Ricki Lake,False,percentage,rank,26.5,1,0.09084347609703486,5,Safe,Safe,False,False,False
13,7,J.R. Martinez,False,percentage,rank,24.0,4,0.1543167183879308,4,Safe,Safe,False,False,False
13,7,Hope Solo,False,percentage,rank,25.0,3,0.25922945642926726,2,Safe,Safe,False,False,False
13,7,Nancy Grace,False,percentage,rank,22.0,6,0.16547994788993578,3,Safe,Safe,False,False,False
13,7,Rob Kardashian,False,percentage,rank,25.5,2,0.2933371989001681,1,Safe,Safe,False,False,False
13,8,Ricki Lake,False,percentage,rank,26.0,3,0.22857840137914148,3,Safe,Safe,False,False,False
13,8,J.R. Martinez,False,percentage,rank,30.0,1,0.11675525311274841,4,Safe,Safe,False,False,False
13,8,Hope Solo,False,percentage,rank,26.0,3,0.34252634943032156,1,Safe,Safe,False,False,False
13,8,Nancy Grace,False,percentage,rank,22.0,5,0.061103720138791964,5,Eliminated,Eliminated,False,False,False
13,8,Rob Kardashian,False,percentage,rank,25.5,4,0.25103627593899525,2,Safe,Safe,False,False,False
13,9,Ricki Lake,False,percentage,rank,33.4999,1,0.10046148190786923,3,Safe,Safe,False,False,False
13,9,J.R. Martinez,False,percentage,rank,28.0,3,0.3619426596140159,2,Safe,Safe,False,False,False
13,9,Hope Solo,False,percentage,rank,24.4998,4,0.08882004730327758,4,Eliminated,Eliminated,False,False,False
13,9,Rob Kardashian,False,percentage,rank,32.4998,2,0.44877581117483695,1,Safe,Safe,False,False,False
14,2,William Levy,False,percentage,rank,25.0,4,0.06914145720239284,6,Safe,Safe,False,False,False
14,2,Jack Wagner,False,percentage,rank,21.0,9,0.06439430680601212,8,Safe,Safe,False,False,False
14,2,Sherri Sheperd,False,percentage,rank,23.0,6,0.15588914483210903,2,Safe,Safe,False,False,False
14,2,Jaleel White,False,percentage,rank,22.0,7,0.05175939338779774,10,Safe,Safe,False,False,False
14,2,Roshon Fegan,False,percentage,rank,26.0,2,0.1109119294856728,3,Safe,Safe,False,False,False
14,2,Melissa Gilbert,False,percentage,rank,20.0,10,0.08198408183705051,4,Safe,Safe,False,False,False
14,2,Martina Navratilova,False,percentage,rank,17.0,12,0.01572301162872655,12,Eliminated,Eliminated,False,False,False
14,2,Donald Driver,False,percentage,rank,24.0,5,0.07052498697133944,5,Safe,Safe,False,False,False
14,2,Gavin DeGraw,False,percentage,rank,21.0,9,0.21729747925176127,1,Safe,Safe,False,False,False
14,2,Gladys Knight,False,percentage,rank,19.0,11,0.054414166139814146,9,Safe,Safe,False,False,False
14,2,Katherine Jenkins,False,percentage,rank,26.0,2,0.04288277021270009,11,Safe,Safe,False,False,False
14,2,Maria Menounos,False,percentage,rank,25.0,4,0.06507727224462351,7,Safe,Safe,False,False,False
14,3,William Levy,False,percentage,rank,28.0,2,0.08029569299049168,8,Safe,Safe,False,False,False
14,3,Jack Wagner,False,percentage,rank,24.0,11,0.01151618981179376,11,Eliminated,Eliminated,False,False,False
14,3,Sherri Sheperd,False,percentage,rank,24.0,11,0.09138831657637046,5,Safe,Safe,False,False,False
14,3,Jaleel White,False,percentage,rank,25.0,6,0.10412809465238276,3,Safe,Safe,False,False,False
14,3,Roshon Fegan,False,percentage,rank,25.0,6,0.08507569172673277,6,Safe,Safe,False,False,False
14,3,Melissa Gilbert,False,percentage,rank,24.0,11,0.07209175826164471,9,Safe,Safe,False,False,False
14,3,Donald Driver,False,percentage,rank,26.0,4,0.09796266007422945,4,Safe,Safe,False,False,False
14,3,Gavin DeGraw,False,percentage,rank,24.0,11,0.13761806920896713,2,Safe,Safe,False,False,False
14,3,Gladys Knight,False,percentage,rank,24.0,11,0.08061400569255288,7,Safe,Safe,False,False,False
14,3,Katherine Jenkins,False,percentage,rank,29.0,1,0.17616703023477528,1,Safe,Safe,False,False,False
14,3,Maria Menounos,False,percentage,rank,27.0,3,0.0631424907700605,10,Safe,Safe,False,False,False
14,4,William Levy,False,percentage,rank,22.0,8,0.07961828497462234,5,Safe,Safe,False,False,False
14,4,Sherri Sheperd,False,percentage,rank,21.0,9,0.016712609782726068,10,Eliminated,Eliminated,False,False,False
14,4,Jaleel White,False,percentage,rank,22.0,8,0.0751479905979405,6,Safe,Safe,False,False,False
14,4,Roshon Fegan,False,percentage,rank,26.0,3,0.10867267853449579,3,Safe,Safe,False,False,False
14,4,Melissa Gilbert,False,percentage,rank,22.0,8,0.27291815968061284,1,Safe,Safe,False,False,False
14,4,Donald Driver,False,percentage,rank,27.0,1,0.14828013161306874,2,Safe,Safe,False,False,False
14,4,Gavin DeGraw,False,percentage,rank,23.0,5,0.06733523060768289,8,Safe,Safe,False,False,False
14,4,Gladys Knight,False,percentage,rank,20.0,10,0.0975371959589059,4,Safe,Safe,False,False,False
14,4,Katherine Jenkins,False,percentage,rank,24.0,4,0.06842572121236117,7,Safe,Safe,False,False,False
14,4,Maria Menounos,False,percentage,rank,26.0,3,0.06535199703758474,9,Safe,Safe,False,False,False
14,5,William Levy,False,percentage,rank,29.0,2,0.10563374221615901,6,Safe,Safe,False,False,False
14,5,Jaleel White,False,percentage,rank,24.0,6,0.11618362683287185,5,Safe,Safe,False,False,False
14,5,Roshon Fegan,False,percentage,rank,26.0,5,0.12312922186892254,3,Safe,Safe,False,False,False
14,5,Melissa Gilbert,False,percentage,rank,21.0,8,0.14577543442808297,2,Safe,Safe,False,False,False
14,5,Donald Driver,False,percentage,rank,27.0,4,0.09444577404569152,8,Safe,Safe,False,False,False
14,5,Gavin DeGraw,False,percentage,rank,19.0,9,0.032159413896537425,9,Eliminated,Eliminated,False,False,False
14,5,Gladys Knight,False,percentage,rank,22.0,7,0.09808534510001289,7,Safe,Safe,False,False,False
14,5,Katherine Jenkins,False,percentage,rank,29.0,2,0.16613306275858886,1,Safe,Safe,False,False,False
14,5,Maria Menounos,False,percentage,rank,27.0,4,0.11845437885313373,4,Safe,Safe,False,False,False
14,6,William Levy,False,percentage,rank,36.0,3,0.08194012966727258,6,Safe,Safe,False,False,False
14,6,Jaleel White,False,percentage,rank,36.9998,2,0.05901658713189407,7,Safe,Safe,False,False,False
14,6,Roshon Fegan,False,percentage,rank,27.9998,7,0.10437660442388419,3,Safe,Safe,False,False,False
14,6,Melissa Gilbert,False,percentage,rank,30.0,5,0.09970964006278729,4,Safe,Safe,False,False,False
14,6,Donald Driver,False,percentage,rank,33.9999,4,0.2434207408348279,2,Safe,Safe,False,False,False
14,6,Gladys Knight,False,percentage,rank,24.0,8,0.029172207245062354,8,Eliminated,Eliminated,False,False,False
14,6,Katherine Jenkins,False,percentage,rank,38.9999,1,0.29024362345738863,1,Safe,Safe,False,False,False
14,6,Maria Menounos,False,percentage,rank,29.9999,6,0.09212046717688155,5,Safe,Safe,False,False,False
14,7,William Levy,False,percentage,rank,26.5,4,0.11123614122682286,5,Safe,Safe,False,False,False
14,7,Jaleel White,False,percentage,rank,25.5,6,0.029331915362048495,7,Eliminated,Eliminated,False,False,False
14,7,Roshon Fegan,False,percentage,rank,26.0,5,0.17725415571954026,2,Safe,Safe,False,False,False
14,7,Melissa Gilbert,False,percentage,rank,23.5,7,0.1751443889176002,3,Safe,Safe,False,False,False
14,7,Donald Driver,False,percentage,rank,26.5,4,0.28791584225374967,1,Safe,Safe,False,False,False
14,7,Katherine Jenkins,False,percentage,rank,27.0,2,0.12644734303414876,4,Safe,Safe,False,False,False
14,7,Maria Menounos,False,percentage,rank,28.5,1,0.09267021348609028,6,Safe,Safe,False,False,False
14,8,William Levy,False,percentage,rank,28.5,1,0.11387631564579574,2,Safe,Safe,False,False,False
14,8,Roshon Fegan,False,percentage,rank,28.0,2,0.038766483585031486,6,Safe,Safe,False,False,False
14,8,Melissa Gilbert,False,percentage,rank,25.5,6,0.04311779064212822,5,Eliminated,Eliminated,False,False,False
14,8,Donald Driver,False,percentage,rank,27.5,4,0.6015356837141563,1,Safe,Safe,False,False,False
14,8,Katherine Jenkins,False,percentage,rank,27.5,4,0.09680696498714876,4,Safe,Safe,False,False,False
14,8,Maria Menounos,False,percentage,rank,26.5,5,0.10589676142573899,3,Safe,Safe,False,False,False
14,9,William Levy,False,percentage,rank,29.0,2,0.3307528748581518,1,Safe,Safe,True,False,False
14,9,Donald Driver,False,percentage,rank,28.5,3,0.30525487370056664,2,Safe,Safe,True,False,False
14,9,Katherine Jenkins,False,percentage,rank,28.0,4,0.27150671823022016,3,Safe,Eliminated,True,False,False
14,9,Maria Menounos,False,percentage,rank,29.5,1,0.09248553321106134,4,Eliminated,Safe,True,True,False
15,1,Gilles Marini,False,percentage,rank,24.0,2,0.06036195118939286,9,Safe,Safe,False,False,False
15,1,Sabrina Bryan,True,percentage,rank,22.5,3,0.04900897655224947,12,Safe,Safe,False,False,False
15,1,Kirstie Alley,False,percentage,rank,19.0,12,0.06670746550574046,7,Safe,Safe,False,False,False
15,1,Kelly Monaco,False,percentage,rank,21.5,8,0.0654851880269654,8,Safe,Safe,False,False,False
15,1,Apolo Anton Ohno,False,percentage,rank,22.0,5,0.04998507325197185,11,Safe,Safe,False,False,False
15,1,Emmitt Smith,False,percentage,rank,24.5,1,0.09157312239669409,4,Safe,Safe,False,False,False
15,1,Shawn Johnson,False,percentage,rank,22.0,5,0.08147853788034512,5,Safe,Safe,False,False,False
15,1,Pamela Anderson,False,percentage,rank,17.0,13,0.006821665879371145,13,Eliminated,Eliminated,False,False,False
15,1,Helio Castroneves,False,percentage,rank,21.5,8,0.10295904348186996,3,Safe,Safe,False,False,False
15,1,Joey Fatone,False,percentage,rank,20.5,10,0.05172611523746842,10,Safe,Safe,False,False,False
15,1,Drew Lachey,False,percentage,rank,21.5,8,0.06961799012238763,6,Safe,Safe,False,False,False
15,1,Bristol Palin,True,percentage,rank,19.5,11,0.11446777244946996,2,Safe,Safe,False,False,False
15,1,Melissa Rycroft,False,percentage,rank,21.0,9,0.1898070980260724,1,Safe,Safe,False,False,False
15,2,Gilles Marini,False,percentage,rank,25.5,2,0.08822440441760514,4,Safe,Safe,False,False,False
15,2,Sabrina Bryan,True,percentage,rank,26.0,1,0.11626767751030807,2,Safe,Safe,False,False,False
15,2,Kirstie Alley,False,percentage,rank,21.0,11,0.08416235243626957,5,Safe,Safe,False,False,False
15,2,Kelly Monaco,False,percentage,rank,22.0,10,0.0800716025992309,6,Safe,Safe,False,False,False
15,2,Apolo Anton Ohno,False,percentage,rank,24.5,4,0.07206827168599024,9,Safe,Safe,False,False,False
15,2,Emmitt Smith,False,percentage,rank,22.5,9,0.09433017819594568,3,Safe,Safe,False,False,False
15,2,Shawn Johnson,False,percentage,rank,25.0,3,0.06630562076749132,11,Safe,Safe,False,False,False
15,2,Helio Castroneves,False,percentage,rank,23.0,6,0.07450104520796967,8,Safe,Safe,False,False,False
15,2,Joey Fatone,False,percentage,rank,22.5,9,0.005334875354166331,12,Eliminated,Eliminated,False,False,False
15,2,Drew Lachey,False,percentage,rank,22.5,9,0.17483565607324392,1,Safe,Safe,False,False,False
15,2,Bristol Palin,True,percentage,rank,18.0,12,0.07532430803107948,7,Safe,Safe,False,False,False
15,2,Melissa Rycroft,False,percentage,rank,23.5,5,0.06857400772069971,10,Safe,Safe,False,False,False
15,3,Gilles Marini,False,percentage,rank,25.5,7,0.11182213562263998,3,Safe,Safe,False,False,False
15,3,Sabrina Bryan,True,percentage,rank,25.5,7,0.0695465214143522,9,Safe,Safe,False,False,False
15,3,Kirstie Alley,False,percentage,rank,24.0,10,0.07073581678018091,8,Safe,Safe,False,False,False
15,3,Kelly Monaco,False,percentage,rank,27.0,2,0.15644030173360254,1,Safe,Safe,False,False,False
15,3,Apolo Anton Ohno,False,percentage,rank,25.5,7,0.10905367965995362,4,Safe,Safe,False,False,False
15,3,Emmitt Smith,False,percentage,rank,25.0,8,0.08820278485526241,7,Safe,Safe,False,False,False
15,3,Shawn Johnson,False,percentage,rank,26.5,3,0.09862075884271981,6,Safe,Safe,False,False,False
15,3,Helio Castroneves,False,percentage,rank,25.5,7,0.019946884863430568,11,Safe,Safe,False,False,False
15,3,Drew Lachey,False,percentage,rank,24.0,10,0.025247460331349957,10,Eliminated,Eliminated,False,False,False
15,3,Bristol Palin,True,percentage,rank,22.5,11,0.10615233458915016,5,Safe,Safe,False,False,False
15,3,Melissa Rycroft,False,percentage,rank,27.0,2,0.144231321307358,2,Safe,Safe,False,False,False
15,4,Gilles Marini,False,percentage,rank,39.5,2,0.07554354407642215,8,Safe,Safe,False,False,False
15,4,Sabrina Bryan,True,percentage,rank,35.5,6,0.13836003206762104,3,Safe,Safe,False,False,False
15,4,Kirstie Alley,False,percentage,rank,30.0,9,0.15090251369680113,2,Safe,Safe,False,False,False
15,4,Kelly Monaco,False,percentage,rank,37.5,3,0.12351214114710575,4,Safe,Safe,False,False,False
15,4,Apolo Anton Ohno,False,percentage,rank,34.5,7,0.09984127471434752,5,Safe,Safe,False,False,False
15,4,Emmitt Smith,False,percentage,rank,36.0,5,0.2100897856759118,1,Safe,Safe,False,False,False
15,4,Shawn Johnson,False,percentage,rank,39.5,2,0.08035454666841894,7,Safe,Safe,False,False,False
15,4,Bristol Palin,True,percentage,rank,32.0,8,0.025466991103218883,9,Eliminated,Eliminated,False,False,False
15,4,Melissa Rycroft,False,percentage,rank,37.0,4,0.09592917085015348,6,Safe,Safe,False,False,False
15,6,Gilles Marini,False,percentage,rank,27.5,6,0.06853010204038745,7,Safe,Eliminated,True,False,False
15,6,Sabrina Bryan,True,percentage,rank,30.0,2,0.016501898676002488,8,Eliminated,Safe,True,True,False
15,6,Kirstie Alley,False,percentage,rank,27.5,6,0.10234289762424312,6,Safe,Safe,True,False,False
15,6,Kelly Monaco,False,percentage,rank,27.0,7,0.1818921425331059,2,Safe,Safe,True,False,False
15,6,Apolo Anton Ohno,False,percentage,rank,30.0,2,0.24912274409148882,1,Safe,Safe,True,False,False
15,6,Emmitt Smith,False,percentage,rank,26.5,8,0.12918538120305162,4,Safe,Safe,True,False,False
15,6,Shawn Johnson,False,percentage,rank,28.0,4,0.1484926407396845,3,Safe,Safe,True,False,False
15,6,Melissa Rycroft,False,percentage,rank,29.5,3,0.10393219309203476,5,Safe,Safe,True,False,False
15,8,Gilles Marini,False,percentage,rank,29.2777,3,0.034800369513920376,7,Safe,Safe,False,False,False
15,8,Kirstie Alley,False,percentage,rank,25.5,7,0.04284046208208256,6,Eliminated,Eliminated,False,False,False
15,8,Kelly Monaco,False,percentage,rank,28.3333,5,0.23982194289992398,2,Safe,Safe,False,False,False
15,8,Apolo Anton Ohno,False,percentage,rank,29.2777,3,0.1282969637530706,4,Safe,Safe,False,False,False
15,8,Emmitt Smith,False,percentage,rank,29.0554,4,0.17824179459101624,3,Safe,Safe,False,False,False
15,8,Shawn Johnson,False,percentage,rank,27.8333,6,0.1182616227043679,5,Safe,Safe,False,False,False
15,8,Melissa Rycroft,False,percentage,rank,30.0,1,0.2577368444556196,1,Safe,Safe,False,False,False
15,9,Kelly Monaco,False,percentage,rank,27.111,4,0.21617433410392162,3,Safe,Safe,True,False,False
15,9,Apolo Anton Ohno,False,percentage,rank,28.611,3,0.07849711496406145,5,Eliminated,Safe,True,True,False
15,9,Emmitt Smith,False,percentage,rank,27.0,5,0.09068480743236432,4,Safe,Eliminated,True,False,False
15,9,Shawn Johnson,False,percentage,rank,29.5,1,0.3400961715191973,1,Safe,Safe,True,False,False
15,9,Melissa Rycroft,False,percentage,rank,28.7777,2,0.2745475719804549,2,Safe,Safe,True,False,False
16,3,Ingo Rademacher,False,percentage,rank,21.0,8,0.10683018086267299,3,Safe,Safe,False,False,False
16,3,Zendaya,False,percentage,rank,25.9998,2,0.08281129633226027,7,Safe,Safe,False,False,False
16,3,Victor Ortiz,False,percentage,rank,23.0,5,0.06536773760238461,10,Safe,Safe,False,False,False
16,3,Alexandra Raisman,False,percentage,rank,23.0,5,0.06584293592441463,9,Safe,Safe,False,False,False
16,3,Jacoby Jones,False,percentage,rank,25.9998,2,0.07191074189266182,8,Safe,Safe,False,False,False
16,3,D. L. Hughley,False,percentage,rank,16.0,10,0.1040205471754152,4,Safe,Safe,False,False,False
16,3,Andy Dick,False,percentage,rank,18.0,9,0.08932284724522485,5,Safe,Safe,False,False,False
16,3,Wynonna Judd,False,percentage,rank,15.0,11,0.022254939508732554,11,Eliminated,Eliminated,False,False,False
16,3,Kellie Pickler,False,percentage,rank,25.0,3,0.08887352862958141,6,Safe,Safe,False,False,False
16,3,Lisa Vanderpump,False,percentage,rank,21.0,8,0.11438194062380624,2,Safe,Safe,False,False,False
16,3,Sean Lowe,False,percentage,rank,21.0,8,0.18838330420284594,1,Safe,Safe,False,False,False
16,4,Ingo Rademacher,False,percentage,rank,23.0,5,0.12784099137545185,3,Safe,Safe,False,False,False
16,4,Zendaya,False,percentage,rank,26.0,3,0.1450173203611193,2,Safe,Safe,False,False,False
16,4,Victor Ortiz,False,percentage,rank,18.0,10,0.10962380359073869,4,Safe,Safe,False,False,False
16,4,Alexandra Raisman,False,percentage,rank,27.0,1,0.10070761598970583,5,Safe,Safe,False,False,False
16,4,Jacoby Jones,False,percentage,rank,24.0,4,0.056396748716828274,9,Safe,Safe,False,False,False
16,4,D. L. Hughley,False,percentage,rank,21.0,7,0.08603545269210003,6,Safe,Safe,False,False,False
16,4,Andy Dick,False,percentage,rank,21.0,7,0.0760593697621831,8,Safe,Safe,False,False,False
16,4,Kellie Pickler,False,percentage,rank,26.0,3,0.18965969194128623,1,Safe,Safe,False,False,False
16,4,Lisa Vanderpump,False,percentage,rank,18.0,10,0.02825842434813818,10,Eliminated,Eliminated,False,False,False
16,4,Sean Lowe,False,percentage,rank,20.0,8,0.08040058122244781,7,Safe,Safe,False,False,False
16,5,Ingo Rademacher,False,percentage,rank,21.0,7,0.10383850587902668,5,Safe,Safe,False,False,False
16,5,Zendaya,False,percentage,rank,29.0,1,0.08504869191735794,6,Safe,Safe,False,False,False
16,5,Victor Ortiz,False,percentage,rank,21.0,7,0.17881880919530166,2,Safe,Safe,False,False,False
16,5,Alexandra Raisman,False,percentage,rank,25.0,4,0.07629977457844306,7,Safe,Safe,False,False,False
16,5,Jacoby Jones,False,percentage,rank,26.0,3,0.1530676468812659,3,Safe,Safe,False,False,False
16,5,D. L. Hughley,False,percentage,rank,18.0,9,0.028922199099262354,9,Eliminated,Eliminated,False,False,False
16,5,Andy Dick,False,percentage,rank,18.0,9,0.19046888243382176,1,Safe,Safe,False,False,False
16,5,Kellie Pickler,False,percentage,rank,27.0,2,0.0708418898552321,8,Safe,Safe,False,False,False
16,5,Sean Lowe,False,percentage,rank,24.0,5,0.11269360016028704,4,Safe,Safe,False,False,False
16,6,Ingo Rademacher,False,percentage,rank,23.0,5,0.07558434539406708,7,Safe,Safe,False,False,False
16,6,Zendaya,False,percentage,rank,25.5,3,0.38402116815215376,1,Safe,Safe,False,False,False
16,6,Victor Ortiz,False,percentage,rank,20.0,8,0.017318678398184302,8,Eliminated,Eliminated,False,False,False
16,6,Alexandra Raisman,False,percentage,rank,26.0,2,0.10555641080083553,4,Safe,Safe,False,False,False
16,6,Jacoby Jones,False,percentage,rank,22.5,6,0.1255303066227646,2,Safe,Safe,False,False,False
16,6,Andy Dick,False,percentage,rank,21.5,7,0.08310439825076164,6,Safe,Safe,False,False,False
16,6,Kellie Pickler,False,percentage,rank,27.0,1,0.12179722139798997,3,Safe,Safe,False,False,False
16,6,Sean Lowe,False,percentage,rank,23.0,5,0.08708747098324233,5,Safe,Safe,False,False,False
16,7,Ingo Rademacher,False,percentage,rank,25.0,5,0.09331336732391211,6,Safe,Safe,False,False,False
16,7,Zendaya,False,percentage,rank,30.0,2,0.10116591236130322,4,Safe,Safe,False,False,False
16,7,Alexandra Raisman,False,percentage,rank,32.0,1,0.26158789709082736,2,Safe,Safe,False,False,False
16,7,Jacoby Jones,False,percentage,rank,27.0,4,0.09661511530054935,5,Safe,Safe,False,False,False
16,7,Andy Dick,False,percentage,rank,17.0,7,0.05434112482853482,7,Eliminated,Eliminated,False,False,False
16,7,Kellie Pickler,False,percentage,rank,29.0,3,0.10126515665058543,3,Safe,Safe,False,False,False
16,7,Sean Lowe,False,percentage,rank,24.0,6,0.29171142644428766,1,Safe,Safe,False,False,False
16,8,Ingo Rademacher,False,percentage,rank,24.0,5,0.1718358197528769,2,Safe,Safe,False,False,False
16,8,Zendaya,False,percentage,rank,29.0,1,0.10418663212354663,5,Safe,Safe,False,False,False
16,8,Alexandra Raisman,False,percentage,rank,28.0,2,0.13499337696039096,4,Safe,Safe,False,False,False
16,8,Jacoby Jones,False,percentage,rank,26.0,4,0.369887120259722,1,Safe,Safe,False,False,False
16,8,Kellie Pickler,False,percentage,rank,27.5,3,0.16867676326091124,3,Safe,Safe,False,False,False
16,8,Sean Lowe,False,percentage,rank,21.0,6,0.05042028764255263,6,Eliminated,Eliminated,False,False,False
16,9,Ingo Rademacher,False,percentage,rank,25.5,5,0.05064769904266656,5,Eliminated,Eliminated,False,False,False
16,9,Zendaya,False,percentage,rank,27.5,4,0.16125679371931081,3,Safe,Safe,False,False,False
16,9,Alexandra Raisman,False,percentage,rank,29.5,2,0.2953800439687737,2,Safe,Safe,False,False,False
16,9,Jacoby Jones,False,percentage,rank,29.5,2,0.12436405914281731,4,Safe,Safe,False,False,False
16,9,Kellie Pickler,False,percentage,rank,29.0,3,0.36835140412643025,1,Safe,Safe,False,False,False
16,10,Zendaya,False,percentage,rank,30.0,2,0.269997569315965,2,Safe,Safe,False,False,False
16,10,Alexandra Raisman,False,percentage,rank,29.0,3,0.06297652307651892,4,Eliminated,Eliminated,False,False,False
16,10,Jacoby Jones,False,percentage,rank,27.9999,4,0.1721721348377017,3,Safe,Safe,False,False,False
16,10,Kellie Pickler,False,percentage,rank,30.0,2,0.49485377276981507,1,Safe,Safe,False,False,False
17,2,Valerie Harper,False,percentage,rank,19.0,10,0.1151130548409376,4,Safe,Safe,False,False,False
17,2,Brant Daugherty,False,percentage,rank,23.0,7,0.1272390157828219,1,Safe,Safe,False,False,False
17,2,Elizabeth Berkley Lauren,False,percentage,rank,25.0,3,0.12644833820507506,2,Safe,Safe,False,False,False
17,2,Leah Remini,False,percentage,rank,24.0,6,0.09266175400923497,5,Safe,Safe,False,False,False
17,2,Corbin Bleu,False,percentage,rank,26.0,1,0.06793423704666726,9,Safe,Safe,False,False,False
17,2,Amber Riley,False,percentage,rank,24.0,6,0.06943823600628693,7,Safe,Safe,False,False,False
17,2,Keyshawn Johnson,False,percentage,rank,18.0,11,0.015202467707356773,12,Eliminated,Eliminated,False,False,False
17,2,Bill Engvall,True,percentage,rank,21.0,8,0.06408825218378468,10,Safe,Safe,False,False,False
17,2,Christina Milian,False,percentage,rank,25.0,3,0.0716608143264221,6,Safe,Safe,False,False,False
17,2,"Nicole ""Snooki"" Polizzi",False,percentage,rank,20.0,9,0.06074038017254048,11,Safe,Safe,False,False,False
17,2,Jack Osbourne,False,percentage,rank,24.0,6,0.06896754746466352,8,Safe,Safe,False,False,False
17,2,Bill Nye,False,percentage,rank,17.0,12,0.1205059022542113,3,Safe,Safe,False,False,False
17,3,Valerie Harper,False,percentage,rank,16.0,11,0.13771990497426115,2,Safe,Safe,False,False,False
17,3,Brant Daugherty,False,percentage,rank,27.0,1,0.0618354497982371,10,Safe,Safe,False,False,False
17,3,Elizabeth Berkley Lauren,False,percentage,rank,25.0,5,0.11081267627939032,4,Safe,Safe,False,False,False
17,3,Leah Remini,False,percentage,rank,24.0,8,0.11463638923898818,3,Safe,Safe,False,False,False
17,3,Corbin Bleu,False,percentage,rank,26.0,3,0.0824916459350429,7,Safe,Safe,False,False,False
17,3,Amber Riley,False,percentage,rank,24.0,8,0.06587285468904899,9,Safe,Safe,False,False,False
17,3,Bill Engvall,True,percentage,rank,24.0,8,0.13798050728717492,1,Safe,Safe,False,False,False
17,3,Christina Milian,False,percentage,rank,26.0,3,0.06758941389766264,8,Safe,Safe,False,False,False
17,3,"Nicole ""Snooki"" Polizzi",False,percentage,rank,25.0,5,0.09672583436834897,5,Safe,Safe,False,False,False
17,3,Jack Osbourne,False,percentage,rank,22.0,9,0.09642501616601265,6,Safe,Safe,False,False,False
17,3,Bill Nye,False,percentage,rank,16.0,11,0.027910307365831374,11,Eliminated,Eliminated,False,False,False
17,4,Valerie Harper,False,percentage,rank,18.0,10,0.026184323586492645,10,Eliminated,Eliminated,False,False,False
17,4,Brant Daugherty,False,percentage,rank,21.0,9,0.18431634783272363,1,Safe,Safe,False,False,False
17,4,Elizabeth Berkley Lauren,False,percentage,rank,27.0,3,0.07507425710856316,9,Safe,Safe,False,False,False
17,4,Leah Remini,False,percentage,rank,24.0,7,0.0917071990041328,7,Safe,Safe,False,False,False
17,4,Corbin Bleu,False,percentage,rank,27.0,3,0.11204006272196897,3,Safe,Safe,False,False,False
17,4,Amber Riley,False,percentage,rank,27.0,3,0.12687576872279957,2,Safe,Safe,False,False,False
17,4,Bill Engvall,True,percentage,rank,21.0,9,0.0814697878082244,8,Safe,Safe,False,False,False
17,4,Christina Milian,False,percentage,rank,24.0,7,0.0985484278658031,6,Safe,Safe,False,False,False
17,4,"Nicole ""Snooki"" Polizzi",False,percentage,rank,24.0,7,0.10188125055138056,5,Safe,Safe,False,False,False
17,4,Jack Osbourne,False,percentage,rank,24.0,7,0.10190257479791116,4,Safe,Safe,False,False,False
17,5,Brant Daugherty,False,percentage,rank,27.0,5,0.16273653322875273,2,Safe,Safe,True,False,False
17,5,Elizabeth Berkley Lauren,False,percentage,rank,26.0,7,0.08818246289998086,7,Safe,Safe,True,False,False
17,5,Leah Remini,False,percentage,rank,22.0,9,0.2028318797589281,1,Safe,Safe,True,False,False
17,5,Corbin Bleu,False,percentage,rank,28.0,2,0.11336333910814426,4,Safe,Safe,True,False,False
17,5,Amber Riley,False,percentage,rank,26.0,7,0.08073798940886644,8,Safe,Eliminated,True,False,False
17,5,Bill Engvall,True,percentage,rank,24.0,8,0.10056849439170414,5,Safe,Safe,True,False,False
17,5,Christina Milian,False,percentage,rank,28.0,2,0.01852233912808815,9,Eliminated,Safe,True,True,False
17,5,"Nicole ""Snooki"" Polizzi",False,percentage,rank,27.0,5,0.09309462184684239,6,Safe,Safe,True,False,False
17,5,Jack Osbourne,False,percentage,rank,27.0,5,0.1399623402286932,3,Safe,Safe,True,False,False
17,7,Brant Daugherty,False,percentage,rank,28.5,4,0.16097659137645345,2,Safe,Safe,False,False,False
17,7,Elizabeth Berkley Lauren,False,percentage,rank,27.0,6,0.10574820523568404,5,Safe,Safe,False,False,False
17,7,Leah Remini,False,percentage,rank,26.5,7,0.15814784002142274,3,Safe,Safe,False,False,False
17,7,Corbin Bleu,False,percentage,rank,29.5,2,0.08640682528417909,7,Safe,Safe,False,False,False
17,7,Amber Riley,False,percentage,rank,29.5,2,0.0949125905196041,6,Safe,Safe,False,False,False
17,7,Bill Engvall,True,percentage,rank,25.0,8,0.23536905360111438,1,Safe,Safe,False,False,False
17,7,"Nicole ""Snooki"" Polizzi",False,percentage,rank,27.0,6,0.03321606059679531,8,Eliminated,Eliminated,False,False,False
17,7,Jack Osbourne,False,percentage,rank,28.5,4,0.12522283336474796,4,Safe,Safe,False,False,False
17,8,Brant Daugherty,False,percentage,rank,27.0,5,0.024034454092382532,7,Eliminated,Eliminated,False,False,False
17,8,Elizabeth Berkley Lauren,False,percentage,rank,25.0,6,0.2017694035606638,2,Safe,Safe,False,False,False
17,8,Leah Remini,False,percentage,rank,28.0,4,0.10298430889007713,4,Safe,Safe,False,False,False
17,8,Corbin Bleu,False,percentage,rank,30.0,2,0.37132534501175307,1,Safe,Safe,False,False,False
17,8,Amber Riley,False,percentage,rank,28.0,4,0.0888123695837724,5,Safe,Safe,False,False,False
17,8,Bill Engvall,True,percentage,rank,24.0,7,0.12368070727422269,3,Safe,Safe,False,False,False
17,8,Jack Osbourne,False,percentage,rank,30.0,2,0.08739341158712823,6,Safe,Safe,False,False,False
17,9,Elizabeth Berkley Lauren,False,percentage,rank,28.0,2,0.03637988235576472,6,Eliminated,Safe,True,True,False
17,9,Leah Remini,False,percentage,rank,27.0,4,0.1738417248464326,3,Safe,Safe,True,False,False
17,9,Corbin Bleu,False,percentage,rank,29.0,1,0.16409201835821693,4,Safe,Safe,True,False,False
17,9,Amber Riley,False,percentage,rank,25.5,5,0.2937147187235543,1,Safe,Safe,True,False,False
17,9,Bill Engvall,True,percentage,rank,21.0,6,0.21940129320918209,2,Safe,Safe,True,False,False
17,9,Jack Osbourne,False,percentage,rank,27.0,4,0.11257036250684936,5,Safe,Eliminated,True,False,False
17,10,Leah Remini,False,percentage,rank,32.5,4,0.05821519127442709,5,Eliminated,Eliminated,False,False,False
17,10,Corbin Bleu,False,percentage,rank,37.5,2,0.40858888334176247,1,Safe,Safe,False,False,False
17,10,Amber Riley,False,percentage,rank,39.5,1,0.24127979220330853,2,Safe,Safe,False,False,False
17,10,Bill Engvall,True,percentage,rank,30.0,5,0.16946372533995796,3,Safe,Safe,False,False,False
17,10,Jack Osbourne,False,percentage,rank,35.5,3,0.12245240784054388,4,Safe,Safe,False,False,False
17,11,Corbin Bleu,False,percentage,rank,29.6664,2,0.20088455559653448,3,Safe,Safe,False,False,False
17,11,Amber Riley,False,percentage,rank,31.3332,1,0.3014793099392892,2,Safe,Safe,False,False,False
17,11,Bill Engvall,True,percentage,rank,25.4999,4,0.09282476956052214,4,Eliminated,Eliminated,False,False,False
17,11,Jack Osbourne,False,percentage,rank,27.9999,3,0.4048113649036544,1,Safe,Safe,False,False,False
18,2,Billy Dee Williams,False,percentage,rank,15.0,11,0.09192670349349374,6,Safe,Safe,False,False,False
18,2,Danica McKellar,False,percentage,rank,24.0,5,0.0792315851837203,7,Safe,Safe,False,False,False
18,2,James Maslow,False,percentage,rank,25.0,3,0.0774496312379086,8,Safe,Safe,False,False,False
18,2,Candace Cameron Bure,False,percentage,rank,21.0,10,0.06583516154640963,10,Safe,Safe,False,False,False
18,2,Sean Avery,False,percentage,rank,21.0,10,0.015075150435837171,11,Eliminated,Eliminated,False,False,False
18,2,Charlie White,False,percentage,rank,25.0,3,0.07019545398408433,9,Safe,Safe,False,False,False
18,2,Amy Purdy,False,percentage,rank,24.0,5,0.12164485390474274,3,Safe,Safe,False,False,False
18,2,Meryl Davis,False,percentage,rank,25.0,3,0.10617297648720642,4,Safe,Safe,False,False,False
18,2,Drew Carey,False,percentage,rank,21.0,10,0.13427685072754506,2,Safe,Safe,False,False,False
18,2,Cody Simpson,False,percentage,rank,22.0,6,0.14184344370844343,1,Safe,Safe,False,False,False
18,2,NeNe Leakes,False,percentage,rank,21.0,10,0.09634818929060857,5,Safe,Safe,False,False,False
18,5,Danica McKellar,False,percentage,rank,39.0,2,0.11241536960123781,5,Safe,Safe,False,False,False
18,5,James Maslow,False,percentage,rank,40.0,1,0.2284599144305622,1,Safe,Safe,False,False,False
18,5,Candace Cameron Bure,False,percentage,rank,35.0,7,0.18661792182091322,2,Safe,Safe,False,False,False
18,5,Charlie White,False,percentage,rank,37.0,4,0.07228981167367796,8,Safe,Safe,False,False,False
18,5,Amy Purdy,False,percentage,rank,37.0,4,0.07538073077777772,6,Safe,Safe,False,False,False
18,5,Meryl Davis,False,percentage,rank,36.0,6,0.07335958034736748,7,Safe,Safe,False,False,False
18,5,Drew Carey,False,percentage,rank,28.0,9,0.11837254320084337,3,Safe,Safe,False,False,False
18,5,Cody Simpson,False,percentage,rank,34.0,8,0.015504103123992951,9,Eliminated,Eliminated,False,False,False
18,5,NeNe Leakes,False,percentage,rank,36.0,6,0.11760002502362714,4,Safe,Safe,False,False,False
18,6,Danica McKellar,False,percentage,rank,36.0,4,0.22967137824039563,2,Safe,Safe,False,False,False
18,6,James Maslow,False,percentage,rank,35.0,5,0.11077662977211408,3,Safe,Safe,False,False,False
18,6,Candace Cameron Bure,False,percentage,rank,32.0,8,0.2846341338444054,1,Safe,Safe,False,False,False
18,6,Charlie White,False,percentage,rank,36.0,4,0.08933720161941913,5,Safe,Safe,False,False,False
18,6,Amy Purdy,False,percentage,rank,38.0,2,0.09028939030752654,4,Safe,Safe,False,False,False
18,6,Meryl Davis,False,percentage,rank,40.0,1,0.07597706293079486,7,Safe,Safe,False,False,False
18,6,Drew Carey,False,percentage,rank,32.0,8,0.03414227415561927,8,Eliminated,Eliminated,False,False,False
18,6,NeNe Leakes,False,percentage,rank,33.0,6,0.08517192912972582,6,Safe,Safe,False,False,False
18,7,Danica McKellar,False,percentage,rank,36.0,4,0.11746632073338922,4,Safe,Safe,False,False,False
18,7,James Maslow,False,percentage,rank,35.0,6,0.34156982873175196,1,Safe,Safe,False,False,False
18,7,Candace Cameron Bure,False,percentage,rank,37.0,3,0.11164860607932516,5,Safe,Safe,False,False,False
18,7,Charlie White,False,percentage,rank,35.5,5,0.12773711401203972,3,Safe,Safe,False,False,False
18,7,Amy Purdy,False,percentage,rank,37.5,2,0.07840511503870373,6,Safe,Safe,False,False,False
18,7,Meryl Davis,False,percentage,rank,39.0,1,0.1892213116401291,2,Safe,Safe,False,False,False
18,7,NeNe Leakes,False,percentage,rank,33.0,7,0.033951703764660675,7,Eliminated,Eliminated,False,False,False
18,8,Danica McKellar,False,percentage,rank,38.0,3,0.0426633985097835,6,Eliminated,Safe,True,True,False
18,8,James Maslow,False,percentage,rank,36.0,6,0.18486731311453358,3,Safe,Safe,True,False,False
18,8,Candace Cameron Bure,False,percentage,rank,36.0,6,0.1480041344183394,4,Safe,Eliminated,True,False,False
18,8,Charlie White,False,percentage,rank,40.0,2,0.23887769757443095,2,Safe,Safe,True,False,False
18,8,Amy Purdy,False,percentage,rank,40.0,2,0.14257949958445781,5,Safe,Safe,True,False,False
18,8,Meryl Davis,False,percentage,rank,36.0,6,0.2430079567984554,1,Safe,Safe,True,False,False
18,9,James Maslow,False,percentage,rank,38.0,4,0.15142889087110664,4,Safe,Safe,False,False,False
18,9,Candace Cameron Bure,False,percentage,rank,36.0,5,0.2441478565370346,3,Safe,Safe,False,False,False
18,9,Charlie White,False,percentage,rank,38.0,4,0.05499072804957815,5,Eliminated,Eliminated,False,False,False
18,9,Amy Purdy,False,percentage,rank,39.0,2,0.25092882456170384,2,Safe,Safe,False,False,False
18,9,Meryl Davis,False,percentage,rank,40.0,1,0.2985036999805786,1,Safe,Safe,False,False,False
18,10,James Maslow,False,percentage,rank,29.0,3,0.06194676766728333,4,Eliminated,Eliminated,False,False,False
18,10,Candace Cameron Bure,False,percentage,rank,25.9998,4,0.2069084661671909,2,Safe,Safe,False,False,False
18,10,Amy Purdy,False,percentage,rank,29.666600000000003,2,0.18577098653630622,3,Safe,Safe,False,False,False
18,10,Meryl Davis,False,percentage,rank,30.0,1,0.545373779629221,1,Safe,Safe,False,False,False
19,1,Antonio Sabato Jr.,False,percentage,rank,25.0,11,0.07777381996580963,6,Safe,Safe,False,False,False
19,1,Jonathan Bennett,False,percentage,rank,30.0,6,0.08573986801767629,5,Safe,Safe,False,False,False
19,1,Lea Thompson,False,percentage,rank,32.0,4,0.1914503333891739,1,Safe,Safe,False,False,False
19,1,Janel Parrish,False,percentage,rank,29.0,8,0.08867009637323109,4,Safe,Safe,False,False,False
19,1,Alfonso Ribeiro,False,percentage,rank,36.0,1,0.04504699562675791,12,Safe,Safe,False,False,False
19,1,Lolo Jones,False,percentage,rank,22.0,12,0.012418839927703788,13,Eliminated,Eliminated,False,False,False
19,1,Randy Couture,False,percentage,rank,31.0,5,0.05919339228236799,9,Safe,Safe,False,False,False
19,1,Tommy Chong,False,percentage,rank,27.0,9,0.04624730645036764,11,Safe,Safe,False,False,False
19,1,Betsey Johnson,False,percentage,rank,20.0,13,0.0701730815913049,8,Safe,Safe,False,False,False
19,1,Michael Waltrip,False,percentage,rank,25.0,11,0.058587604428464946,10,Safe,Safe,False,False,False
19,1,Tavis Smiley,False,percentage,rank,29.0,8,0.09502818375717587,3,Safe,Safe,False,False,False
19,1,Bethany Mota,False,percentage,rank,32.0,4,0.0734767655386768,7,Safe,Safe,False,False,False
19,1,Sadie Robertson,False,percentage,rank,34.0,2,0.09619371265128977,2,Safe,Safe,False,False,False
19,2,Antonio Sabato Jr.,False,percentage,rank,31.0,6,0.060061967826361785,10,Safe,Safe,False,False,False
19,2,Jonathan Bennett,False,percentage,rank,30.0,7,0.061167000093702434,9,Safe,Safe,False,False,False
19,2,Lea Thompson,False,percentage,rank,35.0,1,0.07637977007237957,6,Safe,Safe,False,False,False
19,2,Janel Parrish,False,percentage,rank,34.0,2,0.06885323162038716,7,Safe,Safe,False,False,False
19,2,Alfonso Ribeiro,False,percentage,rank,32.0,4,0.11727429307807156,3,Safe,Safe,False,False,False
19,2,Randy Couture,False,percentage,rank,28.0,11,0.11162078851204547,4,Safe,Safe,False,False,False
19,2,Tommy Chong,False,percentage,rank,28.0,11,0.06222967870906682,8,Safe,Safe,False,False,False
19,2,Betsey Johnson,False,percentage,rank,28.0,11,0.13714915415330795,2,Safe,Safe,False,False,False
19,2,Michael Waltrip,False,percentage,rank,24.0,12,0.15517272084801392,1,Safe,Safe,False,False,False
19,2,Tavis Smiley,False,percentage,rank,28.0,11,0.015279717466112508,12,Eliminated,Eliminated,False,False,False
19,2,Bethany Mota,False,percentage,rank,33.0,3,0.053843579862170025,11,Safe,Safe,False,False,False
19,2,Sadie Robertson,False,percentage,rank,31.0,6,0.0809680977583805,5,Safe,Safe,False,False,False
19,3,Antonio Sabato Jr.,False,percentage,rank,29.0,9,0.06442854997807848,8,Safe,Safe,False,False,False
19,3,Jonathan Bennett,False,percentage,rank,32.0,6,0.12278647646869231,2,Safe,Safe,False,False,False
19,3,Lea Thompson,False,percentage,rank,31.0,7,0.09675266638772596,5,Safe,Safe,False,False,False
19,3,Janel Parrish,False,percentage,rank,40.0,2,0.05486860456639753,10,Safe,Safe,False,False,False
19,3,Alfonso Ribeiro,False,percentage,rank,32.0,6,0.06200343154377691,9,Safe,Safe,False,False,False
19,3,Randy Couture,False,percentage,rank,26.0,11,0.019108809922154357,11,Eliminated,Eliminated,False,False,False
19,3,Tommy Chong,False,percentage,rank,34.0,3,0.22804502076033656,1,Safe,Safe,False,False,False
19,3,Betsey Johnson,False,percentage,rank,29.0,9,0.07371930741958749,6,Safe,Safe,False,False,False
19,3,Michael Waltrip,False,percentage,rank,28.0,10,0.10306191013674687,4,Safe,Safe,False,False,False
19,3,Bethany Mota,False,percentage,rank,40.0,2,0.10365552431230483,3,Safe,Safe,False,False,False
19,3,Sadie Robertson,False,percentage,rank,32.0,6,0.07156969850419811,7,Safe,Safe,False,False,False
19,4,Antonio Sabato Jr.,False,percentage,rank,29.0,7,0.11178052202684777,4,Safe,Safe,False,False,False
19,4,Jonathan Bennett,False,percentage,rank,24.0,10,0.1115402662783014,5,Safe,Safe,False,False,False
19,4,Lea Thompson,False,percentage,rank,39.0,2,0.10105642122769327,6,Safe,Safe,False,False,False
19,4,Janel Parrish,False,percentage,rank,36.0,4,0.1255975208506655,3,Safe,Safe,False,False,False
19,4,Alfonso Ribeiro,False,percentage,rank,40.0,1,0.08164868747472737,7,Safe,Safe,False,False,False
19,4,Tommy Chong,False,percentage,rank,28.0,8,0.0666344591837446,8,Safe,Safe,False,False,False
19,4,Betsey Johnson,False,percentage,rank,29.0,7,0.012076287465651321,10,Eliminated,Eliminated,False,False,False
19,4,Michael Waltrip,False,percentage,rank,25.0,9,0.16421292988632358,2,Safe,Safe,False,False,False
19,4,Bethany Mota,False,percentage,rank,33.0,5,0.16877359226816735,1,Safe,Safe,False,False,False
19,4,Sadie Robertson,False,percentage,rank,37.0,3,0.056679313337877416,9,Safe,Safe,False,False,False
19,6,Antonio Sabato Jr.,False,percentage,rank,28.0,9,0.0891699538666538,5,Safe,Safe,False,False,False
19,6,Jonathan Bennett,False,percentage,rank,32.0,6,0.017821862076066727,9,Eliminated,Eliminated,False,False,False
19,6,Lea Thompson,False,percentage,rank,32.0,6,0.11884245246037689,4,Safe,Safe,False,False,False
19,6,Janel Parrish,False,percentage,rank,33.0,4,0.055466185123437,8,Safe,Safe,False,False,False
19,6,Alfonso Ribeiro,False,percentage,rank,39.0,1,0.22037045151363013,2,Safe,Safe,False,False,False
19,6,Tommy Chong,False,percentage,rank,28.0,9,0.23836509293792815,1,Safe,Safe,False,False,False
19,6,Michael Waltrip,False,percentage,rank,30.0,7,0.07882732261851183,6,Safe,Safe,False,False,False
19,6,Bethany Mota,False,percentage,rank,36.0,2,0.11935344819127565,3,Safe,Safe,False,False,False
19,6,Sadie Robertson,False,percentage,rank,35.0,3,0.06178323121212072,7,Safe,Safe,False,False,False
19,7,Antonio Sabato Jr.,False,percentage,rank,29.5,7,0.034137157419354754,8,Eliminated,Eliminated,False,False,False
19,7,Lea Thompson,False,percentage,rank,35.0,2,0.13238644093390375,4,Safe,Safe,False,False,False
19,7,Janel Parrish,False,percentage,rank,33.5,4,0.14423253262608468,2,Safe,Safe,False,False,False
19,7,Alfonso Ribeiro,False,percentage,rank,34.0,3,0.14248264275660907,3,Safe,Safe,False,False,False
19,7,Tommy Chong,False,percentage,rank,30.0,6,0.12493138491750297,5,Safe,Safe,False,False,False
19,7,Michael Waltrip,False,percentage,rank,28.0,8,0.08069340141853247,7,Safe,Safe,False,False,False
19,7,Bethany Mota,False,percentage,rank,37.5,1,0.22200599089298118,1,Safe,Safe,False,False,False
19,7,Sadie Robertson,False,percentage,rank,31.0,5,0.11913044903503059,6,Safe,Safe,False,False,False
19,8,Lea Thompson,False,percentage,rank,32.0,5,0.1077488225823649,5,Safe,Safe,False,False,False
19,8,Janel Parrish,False,percentage,rank,43.0,1,0.13654717043161657,4,Safe,Safe,False,False,False
19,8,Alfonso Ribeiro,False,percentage,rank,41.0,2,0.21707437574247646,2,Safe,Safe,False,False,False
19,8,Tommy Chong,False,percentage,rank,29.0,6,0.09730217535644564,6,Safe,Safe,False,False,False
19,8,Michael Waltrip,False,percentage,rank,25.0,7,0.044160491155319594,7,Eliminated,Eliminated,False,False,False
19,8,Bethany Mota,False,percentage,rank,40.0,3,0.25969796066588446,1,Safe,Safe,False,False,False
19,8,Sadie Robertson,False,percentage,rank,38.0,4,0.13746900406589316,3,Safe,Safe,False,False,False
19,9,Lea Thompson,False,percentage,rank,35.0,5,0.03743447878581631,6,Eliminated,Eliminated,False,False,False
19,9,Janel Parrish,False,percentage,rank,38.5,2,0.14838822025352538,3,Safe,Safe,False,False,False
19,9,Alfonso Ribeiro,False,percentage,rank,38.5,2,0.3617895945454009,1,Safe,Safe,False,False,False
19,9,Tommy Chong,False,percentage,rank,28.5,6,0.11378124238303527,4,Safe,Safe,False,False,False
19,9,Bethany Mota,False,percentage,rank,37.0,3,0.24018516064060658,2,Safe,Safe,False,False,False
19,9,Sadie Robertson,False,percentage,rank,36.5,4,0.09842130339161483,5,Safe,Safe,False,False,False
19,10,Janel Parrish,False,percentage,rank,39.0,1,0.24775456236341062,2,Safe,Safe,False,False,False
19,10,Alfonso Ribeiro,False,percentage,rank,37.5,3,0.17301554566742677,4,Safe,Safe,False,False,False
19,10,Tommy Chong,False,percentage,rank,31.0,5,0.07278232132837821,5,Eliminated,Eliminated,False,False,False
19,10,Bethany Mota,False,percentage,rank,38.0,2,0.33183183965640856,1,Safe,Safe,False,False,False
19,10,Sadie Robertson,False,percentage,rank,37.0,4,0.1746157309843766,3,Safe,Safe,False,False,False
19,11,Janel Parrish,False,percentage,rank,38.99980000000001,3,0.5945746248017307,1,Safe,Safe,False,False,False
19,11,Alfonso Ribeiro,False,percentage,rank,40.0,1,0.14824992360353498,3,Safe,Safe,False,False,False
19,11,Bethany Mota,False,percentage,rank,38.0,4,0.0747155821235526,4,Eliminated,Eliminated,False,False,False
19,11,Sadie Robertson,False,percentage,rank,39.333200000000005,2,0.1824598694711812,2,Safe,Safe,False,False,False
20,2,Suzanne Somers,False,percentage,rank,28.0,9,0.12648847995875825,2,Safe,Safe,True,False,False
20,2,Willow Shields,True,percentage,rank,32.0,4,0.06829699242872593,9,Safe,Safe,True,False,False
20,2,Riker Lynch,False,percentage,rank,32.0,4,0.05710338234799776,11,Safe,Safe,True,False,False
20,2,Rumer Willis,False,percentage,rank,32.0,4,0.1504286248063491,1,Safe,Safe,True,False,False
20,2,Nastia Liukin,False,percentage,rank,34.0,1,0.06352511554035124,10,Safe,Safe,True,False,False
20,2,Michael Sam,False,percentage,rank,28.0,9,0.11057280767967226,4,Safe,Safe,True,False,False
20,2,Robert Herjavec,False,percentage,rank,28.0,9,0.07697417909162704,6,Safe,Safe,True,False,False
20,2,Charlotte McKinney,False,percentage,rank,26.0,11,0.06838816115810688,8,Safe,Eliminated,True,False,False
20,2,Noah Galloway,False,percentage,rank,27.0,10,0.0824443269061589,5,Safe,Safe,True,False,False
20,2,Redfoo,False,percentage,rank,31.0,5,0.005369481733654305,12,Eliminated,Safe,True,True,False
20,2,Patti LaBelle,False,percentage,rank,28.0,9,0.07195999520244906,7,Safe,Safe,True,False,False
20,2,Chris Soules,False,percentage,rank,21.0,12,0.11844845314615018,3,Safe,Safe,True,False,False
20,3,Suzanne Somers,False,percentage,rank,25.0,8,0.08967316284156857,4,Safe,Safe,False,False,False
20,3,Willow Shields,True,percentage,rank,32.0,4,0.08247824623406025,7,Safe,Safe,False,False,False
20,3,Riker Lynch,False,percentage,rank,34.0,2,0.07885210691915587,8,Safe,Safe,False,False,False
20,3,Rumer Willis,False,percentage,rank,33.0,3,0.08938711132840105,5,Safe,Safe,False,False,False
20,3,Nastia Liukin,False,percentage,rank,34.0,2,0.2295312755462271,1,Safe,Safe,False,False,False
20,3,Michael Sam,False,percentage,rank,24.0,9,0.10456494178415125,2,Safe,Safe,False,False,False
20,3,Robert Herjavec,False,percentage,rank,29.0,6,0.06453371880772638,10,Safe,Safe,False,False,False
20,3,Charlotte McKinney,False,percentage,rank,22.0,11,0.018917895914413858,11,Eliminated,Eliminated,False,False,False
20,3,Noah Galloway,False,percentage,rank,30.0,5,0.09184231973071799,3,Safe,Safe,False,False,False
20,3,Patti LaBelle,False,percentage,rank,22.0,11,0.06620641565753219,9,Safe,Safe,False,False,False
20,3,Chris Soules,False,percentage,rank,28.0,7,0.08401280523604394,6,Safe,Safe,False,False,False
20,4,Suzanne Somers,False,percentage,rank,28.0,9,0.10809616993902173,5,Safe,Safe,False,False,False
20,4,Willow Shields,True,percentage,rank,39.0,1,0.07745911952089968,9,Safe,Safe,False,False,False
20,4,Riker Lynch,False,percentage,rank,34.0,5,0.1328564949147816,3,Safe,Safe,False,False,False
20,4,Rumer Willis,False,percentage,rank,35.0,3,0.10814464839981236,4,Safe,Safe,False,False,False
20,4,Nastia Liukin,False,percentage,rank,36.0,2,0.1416356607561473,2,Safe,Safe,False,False,False
20,4,Michael Sam,False,percentage,rank,30.0,8,0.021299507813515296,10,Eliminated,Eliminated,False,False,False
20,4,Robert Herjavec,False,percentage,rank,34.0,5,0.14566599730368238,1,Safe,Safe,False,False,False
20,4,Noah Galloway,False,percentage,rank,32.0,6,0.08174868324985451,8,Safe,Safe,False,False,False
20,4,Patti LaBelle,False,percentage,rank,30.0,8,0.08765128894693486,7,Safe,Safe,False,False,False
20,4,Chris Soules,False,percentage,rank,27.0,10,0.09544242915535041,6,Safe,Safe,False,False,False
20,5,Suzanne Somers,False,percentage,rank,28.0,6,0.023697791582345706,9,Eliminated,Safe,True,True,False
20,5,Willow Shields,True,percentage,rank,34.0,4,0.09386411412673659,6,Safe,Safe,True,False,False
20,5,Riker Lynch,False,percentage,rank,38.0,3,0.08895528041628342,7,Safe,Safe,True,False,False
20,5,Rumer Willis,False,percentage,rank,39.0,1,0.22909744724234268,1,Safe,Safe,True,False,False
20,5,Nastia Liukin,False,percentage,rank,38.0,3,0.13161302919879883,2,Safe,Safe,True,False,False
20,5,Robert Herjavec,False,percentage,rank,24.0,9,0.1194007574091346,3,Safe,Safe,True,False,False
20,5,Noah Galloway,False,percentage,rank,28.0,6,0.11577719604969204,4,Safe,Safe,True,False,False
20,5,Patti LaBelle,False,percentage,rank,27.0,8,0.11189150065216985,5,Safe,Safe,True,False,False
20,5,Chris Soules,False,percentage,rank,27.0,8,0.08570288332249609,8,Safe,Eliminated,True,False,False
20,6,Willow Shields,True,percentage,rank,36.5,3,0.2865992045340347,1,Safe,Safe,False,False,False
20,6,Riker Lynch,False,percentage,rank,38.0,1,0.11256852269760709,5,Safe,Safe,False,False,False
20,6,Rumer Willis,False,percentage,rank,35.5,4,0.09036104600763098,6,Safe,Safe,False,False,False
20,6,Nastia Liukin,False,percentage,rank,36.5,3,0.14089650188411398,3,Safe,Safe,False,False,False
20,6,Robert Herjavec,False,percentage,rank,33.5,8,0.12060829090633729,4,Safe,Safe,False,False,False
20,6,Noah Galloway,False,percentage,rank,34.0,7,0.07654812392425331,7,Safe,Safe,False,False,False
20,6,Patti LaBelle,False,percentage,rank,34.0,7,0.02020025126030651,8,Eliminated,Eliminated,False,False,False
20,6,Chris Soules,False,percentage,rank,35.0,5,0.15221805878571648,2,Safe,Safe,False,False,False
20,7,Willow Shields,True,percentage,rank,39.0,2,0.028420504155843917,7,Eliminated,Safe,True,True,False
20,7,Riker Lynch,False,percentage,rank,37.0,5,0.10024296965001367,6,Safe,Safe,True,False,False
20,7,Rumer Willis,False,percentage,rank,37.0,5,0.21508313663315556,1,Safe,Safe,True,False,False
20,7,Nastia Liukin,False,percentage,rank,41.0,1,0.18635182056902225,3,Safe,Safe,True,False,False
20,7,Robert Herjavec,False,percentage,rank,31.0,7,0.10311795498290892,5,Safe,Eliminated,True,False,False
20,7,Noah Galloway,False,percentage,rank,38.0,3,0.18793128831305808,2,Safe,Safe,True,False,False
20,7,Chris Soules,False,percentage,rank,31.0,7,0.1788523256959978,4,Safe,Safe,True,False,False
20,8,Riker Lynch,False,percentage,rank,39.0,2,0.19968146613272325,3,Safe,Safe,False,False,False
20,8,Rumer Willis,False,percentage,rank,40.0,1,0.17611005131007307,4,Safe,Safe,False,False,False
20,8,Nastia Liukin,False,percentage,rank,38.0,3,0.22408770153233953,2,Safe,Safe,False,False,False
20,8,Robert Herjavec,False,percentage,rank,31.0,6,0.05504718563101404,6,Eliminated,Eliminated,False,False,False
20,8,Noah Galloway,False,percentage,rank,31.5,5,0.2813439605167237,1,Safe,Safe,False,False,False
20,8,Chris Soules,False,percentage,rank,32.0,4,0.06372963487712614,5,Safe,Safe,False,False,False
20,9,Riker Lynch,False,percentage,rank,40.0,2,0.2803384733908873,2,Safe,Safe,True,False,False
20,9,Rumer Willis,False,percentage,rank,39.0,3,0.4326418028189132,1,Safe,Safe,True,False,False
20,9,Nastia Liukin,False,percentage,rank,40.0,2,0.06372545803421786,4,Eliminated,Safe,True,True,False
20,9,Noah Galloway,False,percentage,rank,38.0,4,0.22329426575598152,3,Safe,Eliminated,True,False,False
21,2,Gary Busey,False,percentage,rank,16.5,12,0.07323254556528111,6,Safe,Safe,True,False,False
21,2,Alexa PenaVega,False,percentage,rank,23.0,3,0.1148597231628711,3,Safe,Safe,True,False,False
21,2,Carlos PenaVega,False,percentage,rank,22.5,7,0.0732600017038879,5,Safe,Safe,True,False,False
21,2,Victor Espinoza,False,percentage,rank,18.5,11,0.011015807756592989,13,Eliminated,Safe,True,True,False
21,2,Alek Skarlatos,False,percentage,rank,22.5,7,0.16243632009077713,1,Safe,Safe,True,False,False
21,2,Chaka Khan,False,percentage,rank,15.0,13,0.027591155001816203,12,Safe,Eliminated,True,False,False
21,2,Andy Grammer,False,percentage,rank,22.0,8,0.050087347388220495,11,Safe,Safe,True,False,False
21,2,Tamar Braxton,False,percentage,rank,24.5,1,0.05772228488694434,9,Safe,Safe,True,False,False
21,2,Nick Carter,False,percentage,rank,22.5,7,0.1475132285482944,2,Safe,Safe,True,False,False
21,2,Hayes Grier,False,percentage,rank,22.5,7,0.06964760863435172,7,Safe,Safe,True,False,False
21,2,Bindi Irwin,False,percentage,rank,24.0,2,0.06084208067951767,8,Safe,Safe,True,False,False
21,2,Kim Zolciak-Biermann,False,percentage,rank,18.5,11,0.10056971089026598,4,Safe,Safe,True,False,False
21,2,Paula Deen,False,percentage,rank,18.5,11,0.05122218569117984,10,Safe,Safe,True,False,False
21,4,Gary Busey,False,percentage,rank,16.0,10,0.02492233501506763,10,Eliminated,Eliminated,False,False,False
21,4,Alexa PenaVega,False,percentage,rank,21.0,8,0.15527300045625556,1,Safe,Safe,False,False,False
21,4,Carlos PenaVega,False,percentage,rank,25.0,5,0.061709230041853684,8,Safe,Safe,False,False,False
21,4,Alek Skarlatos,False,percentage,rank,24.0,6,0.11492033587627243,5,Safe,Safe,False,False,False
21,4,Andy Grammer,False,percentage,rank,23.0,7,0.1341291317074292,2,Safe,Safe,False,False,False
21,4,Tamar Braxton,False,percentage,rank,27.0,4,0.11001029148760978,6,Safe,Safe,False,False,False
21,4,Nick Carter,False,percentage,rank,27.0,4,0.10966989571270536,7,Safe,Safe,False,False,False
21,4,Hayes Grier,False,percentage,rank,27.0,4,0.11821658574927602,4,Safe,Safe,False,False,False
21,4,Bindi Irwin,False,percentage,rank,28.0,1,0.039440161257390256,9,Safe,Safe,False,False,False
21,4,Paula Deen,False,percentage,rank,18.0,9,0.13170903269613862,3,Safe,Safe,False,False,False
21,6,Alexa PenaVega,False,percentage,rank,30.0,8,0.061657124347448106,8,Safe,Safe,False,False,False
21,6,Carlos PenaVega,False,percentage,rank,38.0,5,0.09594609344145533,4,Safe,Safe,False,False,False
21,6,Alek Skarlatos,False,percentage,rank,30.0,8,0.09322588186416866,6,Safe,Safe,False,False,False
21,6,Andy Grammer,False,percentage,rank,40.0,3,0.21222885788574086,1,Safe,Safe,False,False,False
21,6,Tamar Braxton,False,percentage,rank,40.0,3,0.09388959972434675,5,Safe,Safe,False,False,False
21,6,Nick Carter,False,percentage,rank,39.0,4,0.15610174838320928,3,Safe,Safe,False,False,False
21,6,Hayes Grier,False,percentage,rank,32.0,6,0.1675842351622448,2,Safe,Safe,False,False,False
21,6,Bindi Irwin,False,percentage,rank,40.0,3,0.08905207403651312,7,Safe,Safe,False,False,False
21,6,Paula Deen,False,percentage,rank,24.0,9,0.030314385154873433,9,Eliminated,Eliminated,False,False,False
21,7,Alexa PenaVega,False,percentage,rank,27.5,5,0.21759353246518534,1,Safe,Safe,True,False,False
21,7,Carlos PenaVega,False,percentage,rank,28.0,4,0.09596768841539406,7,Safe,Safe,True,False,False
21,7,Alek Skarlatos,False,percentage,rank,26.5,8,0.12221106129403582,4,Safe,Safe,True,False,False
21,7,Andy Grammer,False,percentage,rank,28.0,4,0.17659653861611033,2,Safe,Safe,True,False,False
21,7,Tamar Braxton,False,percentage,rank,27.0,7,0.10617295946445274,6,Safe,Eliminated,True,False,False
21,7,Nick Carter,False,percentage,rank,27.0,7,0.13266391496497848,3,Safe,Safe,True,False,False
21,7,Hayes Grier,False,percentage,rank,28.0,4,0.03172421343641152,8,Eliminated,Safe,True,True,False
21,7,Bindi Irwin,False,percentage,rank,29.0,1,0.11707009134343128,5,Safe,Safe,True,False,False
21,8,Alexa PenaVega,False,percentage,rank,26.9998,5,0.15207523217031582,3,Safe,Safe,False,False,False
21,8,Carlos PenaVega,False,percentage,rank,28.9998,2,0.35200840602163486,1,Safe,Safe,False,False,False
21,8,Alek Skarlatos,False,percentage,rank,25.0,6,0.1012060707557108,5,Safe,Safe,False,False,False
21,8,Andy Grammer,False,percentage,rank,23.9998,7,0.031524530038169636,7,Eliminated,Eliminated,False,False,False
21,8,Tamar Braxton,False,percentage,rank,28.0,4,0.1856490850282447,2,Safe,Safe,False,False,False
21,8,Nick Carter,False,percentage,rank,33.0,1,0.06976029932065032,6,Safe,Safe,False,False,False
21,8,Bindi Irwin,False,percentage,rank,28.0,4,0.10777637666527476,4,Safe,Safe,False,False,False
21,9,Alexa PenaVega,False,percentage,rank,30.0,2,0.03249287947386513,6,Eliminated,Safe,True,True,False
21,9,Carlos PenaVega,False,percentage,rank,27.0,4,0.1432441928730846,5,Safe,Eliminated,True,False,False
21,9,Alek Skarlatos,False,percentage,rank,25.5,5,0.2547189908357955,2,Safe,Safe,True,False,False
21,9,Tamar Braxton,False,percentage,rank,24.5,6,0.2652217286036397,1,Safe,Safe,True,False,False
21,9,Nick Carter,False,percentage,rank,27.5,3,0.14333976847796773,4,Safe,Safe,True,False,False
21,9,Bindi Irwin,False,percentage,rank,30.0,2,0.1609824397356482,3,Safe,Safe,True,False,False
21,11,Carlos PenaVega,False,percentage,rank,30.0,3,0.06073356092855236,4,Eliminated,Eliminated,False,False,False
21,11,Alek Skarlatos,False,percentage,rank,27.9999,4,0.4434567400368856,1,Safe,Safe,False,False,False
21,11,Nick Carter,False,percentage,rank,30.0,3,0.19371753032030262,3,Safe,Safe,False,False,False
21,11,Bindi Irwin,False,percentage,rank,30.0,3,0.3020921687142589,2,Safe,Safe,False,False,False
22,2,Mischa Barton,False,percentage,rank,15.0,11,0.09979356563639949,4,Safe,Safe,False,False,False
22,2,Kim Fields,False,percentage,rank,19.0,10,0.08194184793874766,8,Safe,Safe,False,False,False
22,2,Jodie Sweetin,False,percentage,rank,21.0,4,0.06021202117521658,10,Safe,Safe,False,False,False
22,2,Doug Flutie,False,percentage,rank,20.0,8,0.08321393795107276,7,Safe,Safe,False,False,False
22,2,Von Miller,False,percentage,rank,20.0,8,0.10537788956468837,3,Safe,Safe,False,False,False
22,2,Antonio Brown,False,percentage,rank,19.0,10,0.08514274086315224,6,Safe,Safe,False,False,False
22,2,Paige VanZant,False,percentage,rank,24.0,2,0.10827233076948002,2,Safe,Safe,False,False,False
22,2,Geraldo Rivera,False,percentage,rank,13.0,12,0.01742664596598667,12,Eliminated,Eliminated,False,False,False
22,2,Nyle DiMarco,False,percentage,rank,20.0,8,0.0799465574195718,9,Safe,Safe,False,False,False
22,2,Ginger Zee,False,percentage,rank,21.0,4,0.08987697573215986,5,Safe,Safe,False,False,False
22,2,Wanya Morris,False,percentage,rank,24.0,2,0.048261841203295734,11,Safe,Safe,False,False,False
22,2,Marla Maples,False,percentage,rank,20.0,8,0.1405336457802294,1,Safe,Safe,False,False,False
22,3,Mischa Barton,False,percentage,rank,18.0,11,0.014159945858349881,11,Eliminated,Eliminated,False,False,False
22,3,Kim Fields,False,percentage,rank,22.0,5,0.05760946681296835,8,Safe,Safe,False,False,False
22,3,Jodie Sweetin,False,percentage,rank,23.0,4,0.209183545504097,1,Safe,Safe,False,False,False
22,3,Doug Flutie,False,percentage,rank,20.0,10,0.09672176551399392,5,Safe,Safe,False,False,False
22,3,Von Miller,False,percentage,rank,20.0,10,0.07780947117319868,7,Safe,Safe,False,False,False
22,3,Antonio Brown,False,percentage,rank,20.0,10,0.0492638048327051,10,Safe,Safe,False,False,False
22,3,Paige VanZant,False,percentage,rank,23.0,4,0.1221075993980884,3,Safe,Safe,False,False,False
22,3,Nyle DiMarco,False,percentage,rank,25.0,1,0.13260198605747667,2,Safe,Safe,False,False,False
22,3,Ginger Zee,False,percentage,rank,21.0,7,0.08112334415767336,6,Safe,Safe,False,False,False
22,3,Wanya Morris,False,percentage,rank,24.0,2,0.05117526941841289,9,Safe,Safe,False,False,False
22,3,Marla Maples,False,percentage,rank,21.0,7,0.10824380127303591,4,Safe,Safe,False,False,False
22,4,Kim Fields,False,percentage,rank,32.0,7,0.06929803586286602,8,Safe,Safe,False,False,False
22,4,Jodie Sweetin,False,percentage,rank,27.0,9,0.09576853405428111,5,Safe,Safe,False,False,False
22,4,Doug Flutie,False,percentage,rank,24.0,10,0.16132324826934122,2,Safe,Safe,False,False,False
22,4,Von Miller,False,percentage,rank,32.0,7,0.1532313025397719,3,Safe,Safe,False,False,False
22,4,Antonio Brown,False,percentage,rank,35.0,4,0.08412669502428238,6,Safe,Safe,False,False,False
22,4,Paige VanZant,False,percentage,rank,36.0,2,0.08208108911792442,7,Safe,Safe,False,False,False
22,4,Nyle DiMarco,False,percentage,rank,34.0,5,0.062008313340673464,9,Safe,Safe,False,False,False
22,4,Ginger Zee,False,percentage,rank,36.0,2,0.10543761381422155,4,Safe,Safe,False,False,False
22,4,Wanya Morris,False,percentage,rank,35.0,4,0.1707707390487276,1,Safe,Safe,False,False,False
22,4,Marla Maples,False,percentage,rank,28.0,8,0.015954428927911667,10,Eliminated,Eliminated,False,False,False
22,6,Kim Fields,False,percentage,rank,24.0,8,0.06525048992832498,7,Safe,Safe,False,False,False
22,6,Jodie Sweetin,False,percentage,rank,25.0,5,0.08616703051945278,2,Safe,Safe,False,False,False
22,6,Doug Flutie,False,percentage,rank,21.0,9,0.013857757934403437,9,Eliminated,Eliminated,False,False,False
22,6,Von Miller,False,percentage,rank,24.0,8,0.07868725617886692,3,Safe,Safe,False,False,False
22,6,Antonio Brown,False,percentage,rank,27.0,3,0.06729824685266593,6,Safe,Safe,False,False,False
22,6,Paige VanZant,False,percentage,rank,28.0,2,0.059280963044806886,8,Safe,Safe,False,False,False
22,6,Nyle DiMarco,False,percentage,rank,25.0,5,0.4837328413175758,1,Safe,Safe,False,False,False
22,6,Ginger Zee,False,percentage,rank,24.0,8,0.07785050489502063,4,Safe,Safe,False,False,False
22,6,Wanya Morris,False,percentage,rank,29.0,1,0.06787490932888286,5,Safe,Safe,False,False,False
22,7,Kim Fields,False,percentage,rank,26.0,7,0.035754961343611336,8,Eliminated,Eliminated,False,False,False
22,7,Jodie Sweetin,False,percentage,rank,25.5,8,0.15548753467504067,4,Safe,Safe,False,False,False
22,7,Von Miller,False,percentage,rank,26.0,7,0.03580459263058447,7,Safe,Safe,False,False,False
22,7,Antonio Brown,False,percentage,rank,26.0,7,0.0992366418482471,6,Safe,Safe,False,False,False
22,7,Paige VanZant,False,percentage,rank,27.5,4,0.1912137198321674,1,Safe,Safe,False,False,False
22,7,Nyle DiMarco,False,percentage,rank,28.0,1,0.17842419892272124,2,Safe,Safe,False,False,False
22,7,Ginger Zee,False,percentage,rank,27.5,4,0.169420633766747,3,Safe,Safe,False,False,False
22,7,Wanya Morris,False,percentage,rank,27.5,4,0.13465771698088114,5,Safe,Safe,False,False,False
22,8,Jodie Sweetin,False,percentage,rank,30.0,2,0.029703334266260734,6,Eliminated,Safe,True,True,False
22,8,Antonio Brown,False,percentage,rank,27.0,5,0.1544110743888534,3,Safe,Safe,True,False,False
22,8,Paige VanZant,False,percentage,rank,28.0,4,0.18587344538108258,2,Safe,Safe,True,False,False
22,8,Nyle DiMarco,False,percentage,rank,29.0,3,0.14084914317626368,4,Safe,Safe,True,False,False
22,8,Ginger Zee,False,percentage,rank,30.0,2,0.3569746095418905,1,Safe,Safe,True,False,False
22,8,Wanya Morris,False,percentage,rank,25.0,6,0.1321883932456494,5,Safe,Eliminated,True,False,False
22,9,Antonio Brown,False,percentage,rank,27.5,5,0.09260205939161316,4,Safe,Eliminated,True,False,False
22,9,Paige VanZant,False,percentage,rank,29.5,2,0.18499052782844147,3,Safe,Safe,True,False,False
22,9,Nyle DiMarco,False,percentage,rank,28.5,3,0.29848269807307415,2,Safe,Safe,True,False,False
22,9,Ginger Zee,False,percentage,rank,28.0,4,0.3497988587544784,1,Safe,Safe,True,False,False
22,9,Wanya Morris,False,percentage,rank,30.0,1,0.07412585595239252,5,Eliminated,Safe,True,True,False
23,2,Jake T. Austin,False,percentage,rank,24.0,12,0.005491847795501534,13,Eliminated,Eliminated,False,False,False
23,2,Maureen McCormick,False,percentage,rank,26.0,9,0.07695329550116253,7,Safe,Safe,False,False,False
23,2,Marilu Henner,False,percentage,rank,27.0,7,0.06627199648735281,8,Safe,Safe,False,False,False
23,2,Ryan Lochte,False,percentage,rank,24.0,12,0.16049800889132795,1,Safe,Safe,False,False,False
23,2,Calvin Johnson Jr.,False,percentage,rank,28.0,6,0.059217014033985924,9,Safe,Safe,False,False,False
23,2,Laurie Hernandez,False,percentage,rank,32.0,1,0.05833794160071461,10,Safe,Safe,False,False,False
23,2,Amber Rose,False,percentage,rank,24.0,12,0.1302716390478555,2,Safe,Safe,False,False,False
23,2,Rick Perry,False,percentage,rank,22.0,13,0.08240222440851525,6,Safe,Safe,False,False,False
23,2,James Hinchcliffe,False,percentage,rank,29.0,5,0.08838949628658749,4,Safe,Safe,False,False,False
23,2,Babyface,False,percentage,rank,30.0,3,0.08806960846175814,5,Safe,Safe,False,False,False
23,2,Vanilla Ice,False,percentage,rank,26.0,9,0.055025960181573845,11,Safe,Safe,False,False,False
23,2,Jana Kramer,False,percentage,rank,29.0,5,0.08908327733930337,3,Safe,Safe,False,False,False
23,2,Terra Jole,False,percentage,rank,31.0,2,0.039987689964360314,12,Safe,Safe,False,False,False
23,3,Maureen McCormick,False,percentage,rank,28.0,6,0.06066437325379091,9,Safe,Safe,False,False,False
23,3,Marilu Henner,False,percentage,rank,28.0,6,0.06432899792467729,7,Safe,Safe,False,False,False
23,3,Ryan Lochte,False,percentage,rank,25.0,10,0.0699590265130479,6,Safe,Safe,False,False,False
23,3,Calvin Johnson Jr.,False,percentage,rank,32.0,1,0.05694732808640959,11,Safe,Safe,False,False,False
23,3,Laurie Hernandez,False,percentage,rank,31.0,2,0.05822344601468834,10,Safe,Safe,False,False,False
23,3,Amber Rose,False,percentage,rank,25.0,10,0.11329458171946062,3,Safe,Safe,False,False,False
23,3,Rick Perry,False,percentage,rank,23.0,12,0.011989276768469172,12,Eliminated,Eliminated,False,False,False
23,3,James Hinchcliffe,False,percentage,rank,29.0,4,0.13944896353146916,2,Safe,Safe,False,False,False
23,3,Babyface,False,percentage,rank,25.0,10,0.07532287593205335,5,Safe,Safe,False,False,False
23,3,Vanilla Ice,False,percentage,rank,23.0,12,0.2055183373540755,1,Safe,Safe,False,False,False
23,3,Jana Kramer,False,percentage,rank,26.0,7,0.08301094437208745,4,Safe,Safe,False,False,False
23,3,Terra Jole,False,percentage,rank,30.0,3,0.061291848529770904,8,Safe,Safe,False,False,False
23,4,Maureen McCormick,False,percentage,rank,24.0,5,0.0788831632605078,8,Safe,Safe,True,False,False
23,4,Marilu Henner,False,percentage,rank,21.0,10,0.08984075032254663,5,Safe,Safe,True,False,False
23,4,Ryan Lochte,False,percentage,rank,22.0,9,0.09940637057440892,4,Safe,Safe,True,False,False
23,4,Calvin Johnson Jr.,False,percentage,rank,23.0,8,0.08499196567939284,7,Safe,Safe,True,False,False
23,4,Laurie Hernandez,False,percentage,rank,30.0,1,0.10951171843907856,2,Safe,Safe,True,False,False
23,4,Amber Rose,False,percentage,rank,24.0,5,0.10478955556839213,3,Safe,Safe,True,False,False
23,4,James Hinchcliffe,False,percentage,rank,28.0,2,0.21104810465293627,1,Safe,Safe,True,False,False
23,4,Babyface,False,percentage,rank,18.0,11,0.039300449169936094,10,Safe,Eliminated,True,False,False
23,4,Vanilla Ice,False,percentage,rank,23.0,8,0.02009602208284608,11,Eliminated,Safe,True,True,False
23,4,Jana Kramer,False,percentage,rank,23.0,8,0.08641713744287156,6,Safe,Safe,True,False,False
23,4,Terra Jole,False,percentage,rank,25.0,3,0.07571476280708268,9,Safe,Safe,True,False,False
23,6,Maureen McCormick,False,percentage,rank,31.0,6,0.14776716590922417,3,Safe,Safe,False,False,False
23,6,Marilu Henner,False,percentage,rank,34.0,5,0.08161342026968689,6,Safe,Safe,False,False,False
23,6,Ryan Lochte,False,percentage,rank,30.0,8,0.1529464716811164,2,Safe,Safe,False,False,False
23,6,Calvin Johnson Jr.,False,percentage,rank,37.0,4,0.2602974053316543,1,Safe,Safe,False,False,False
23,6,Laurie Hernandez,False,percentage,rank,37.0,4,0.07377478915572144,7,Safe,Safe,False,False,False
23,6,Amber Rose,False,percentage,rank,28.0,9,0.026718122659547355,9,Eliminated,Eliminated,False,False,False
23,6,James Hinchcliffe,False,percentage,rank,38.0,2,0.08270959368480992,5,Safe,Safe,False,False,False
23,6,Jana Kramer,False,percentage,rank,40.0,1,0.067724851355028,8,Safe,Safe,False,False,False
23,6,Terra Jole,False,percentage,rank,30.0,8,0.10644817995321179,4,Safe,Safe,False,False,False
23,7,Maureen McCormick,False,percentage,rank,33.0,7,0.03911986532625494,8,Eliminated,Eliminated,False,False,False
23,7,Marilu Henner,False,percentage,rank,32.0,8,0.11818976121392363,6,Safe,Safe,False,False,False
23,7,Ryan Lochte,False,percentage,rank,33.0,7,0.16034700177855415,1,Safe,Safe,False,False,False
23,7,Calvin Johnson Jr.,False,percentage,rank,37.0,2,0.14743919833486457,3,Safe,Safe,False,False,False
23,7,Laurie Hernandez,False,percentage,rank,34.5,5,0.14546822250909408,4,Safe,Safe,False,False,False
23,7,James Hinchcliffe,False,percentage,rank,37.0,2,0.13321890424839286,5,Safe,Safe,False,False,False
23,7,Jana Kramer,False,percentage,rank,34.5,5,0.1498899318953483,2,Safe,Safe,False,False,False
23,7,Terra Jole,False,percentage,rank,34.5,5,0.10632711469356784,7,Safe,Safe,False,False,False
23,8,Marilu Henner,False,percentage,rank,23.0,7,0.11341720595833085,5,Safe,Safe,False,False,False
23,8,Ryan Lochte,False,percentage,rank,26.0,5,0.032101648675445044,7,Eliminated,Eliminated,False,False,False
23,8,Calvin Johnson Jr.,False,percentage,rank,30.0,4,0.125143236361583,4,Safe,Safe,False,False,False
23,8,Laurie Hernandez,False,percentage,rank,33.0,2,0.2496544165183718,1,Safe,Safe,False,False,False
23,8,James Hinchcliffe,False,percentage,rank,34.9998,1,0.10330029429723118,6,Safe,Safe,False,False,False
23,8,Jana Kramer,False,percentage,rank,30.0,4,0.1738313939868829,3,Safe,Safe,False,False,False
23,8,Terra Jole,False,percentage,rank,24.0,6,0.20255180420215602,2,Safe,Safe,False,False,False
23,9,Marilu Henner,False,percentage,rank,36.0,6,0.0336631458230941,6,Eliminated,Eliminated,False,False,False
23,9,Calvin Johnson Jr.,False,percentage,rank,37.0,4,0.10338030362756508,5,Safe,Safe,False,False,False
23,9,Laurie Hernandez,False,percentage,rank,40.0,2,0.15759038469317788,4,Safe,Safe,False,False,False
23,9,James Hinchcliffe,False,percentage,rank,36.0,6,0.3066493413274111,1,Safe,Safe,False,False,False
23,9,Jana Kramer,False,percentage,rank,40.0,2,0.22415199577316172,2,Safe,Safe,False,False,False
23,9,Terra Jole,False,percentage,rank,38.0,3,0.1745648287555891,3,Safe,Safe,False,False,False
23,10,Calvin Johnson Jr.,False,percentage,rank,28.0,5,0.31829196135635146,2,Safe,Safe,False,False,False
23,10,Laurie Hernandez,False,percentage,rank,30.0,2,0.16663500481572052,3,Safe,Safe,False,False,False
23,10,James Hinchcliffe,False,percentage,rank,29.5,3,0.12429271212584278,4,Safe,Safe,False,False,False
23,10,Jana Kramer,False,percentage,rank,29.0,4,0.3522240927570499,1,Safe,Safe,False,False,False
23,10,Terra Jole,False,percentage,rank,30.0,2,0.03855622894503591,5,Eliminated,Eliminated,False,False,False
23,11,Calvin Johnson Jr.,False,percentage,rank,38.3331,3,0.26934417754543777,3,Safe,Safe,False,False,False
23,11,Laurie Hernandez,False,percentage,rank,39.333200000000005,1,0.3249956126773049,1,Safe,Safe,False,False,False
23,11,James Hinchcliffe,False,percentage,rank,38.9998,2,0.3112514766781882,2,Safe,Safe,False,False,False
23,11,Jana Kramer,False,percentage,rank,35.5,4,0.09440873309906796,4,Eliminated,Eliminated,False,False,False
24,2,Charo,False,percentage,rank,25.0,10,0.07295324891490501,7,Safe,Safe,False,False,False
24,2,Mr. T,False,percentage,rank,22.0,12,0.07388351845531341,6,Safe,Safe,False,False,False
24,2,Heather Morris,True,percentage,rank,30.0,3,0.06767460985355002,8,Safe,Safe,False,False,False
24,2,Nancy Kerrigan,False,percentage,rank,28.0,7,0.04933097822143401,11,Safe,Safe,False,False,False
24,2,Bonner Bolton,False,percentage,rank,28.0,7,0.060230952827027506,9,Safe,Safe,False,False,False
24,2,Simone Biles,False,percentage,rank,29.0,4,0.09290022339081912,4,Safe,Safe,False,False,False
24,2,David Ross,False,percentage,rank,27.0,8,0.08060020618562146,5,Safe,Safe,False,False,False
24,2,Rashad Jennings,False,percentage,rank,32.0,2,0.05749750990810142,10,Safe,Safe,False,False,False
24,2,Chris Kattan,False,percentage,rank,22.0,12,-0.0024881086414272335,12,Eliminated,Eliminated,False,False,False
24,2,Erika Jayne,False,percentage,rank,28.0,7,0.13771175227749835,2,Safe,Safe,False,False,False
24,2,Normani,False,percentage,rank,32.0,2,0.12007978245225154,3,Safe,Safe,False,False,False
24,2,Nick Viall,False,percentage,rank,25.0,10,0.18962532615490504,1,Safe,Safe,False,False,False
24,3,Charo,False,percentage,rank,24.0,11,0.013974159319452107,11,Eliminated,Eliminated,False,False,False
24,3,Mr. T,False,percentage,rank,24.0,11,0.30759830820936385,1,Safe,Safe,False,False,False
24,3,Heather Morris,True,percentage,rank,33.0,3,0.051259654880331164,10,Safe,Safe,False,False,False
24,3,Nancy Kerrigan,False,percentage,rank,33.0,3,0.09372786176306197,4,Safe,Safe,False,False,False
24,3,Bonner Bolton,False,percentage,rank,24.0,11,0.0946345702715179,3,Safe,Safe,False,False,False
24,3,Simone Biles,False,percentage,rank,32.0,4,0.10093257688067715,2,Safe,Safe,False,False,False
24,3,David Ross,False,percentage,rank,31.0,5,0.06358472029502044,8,Safe,Safe,False,False,False
24,3,Rashad Jennings,False,percentage,rank,28.0,6,0.07117020128342455,6,Safe,Safe,False,False,False
24,3,Erika Jayne,False,percentage,rank,26.0,8,0.06760461676862164,7,Safe,Safe,False,False,False
24,3,Normani,False,percentage,rank,34.0,1,0.06302526010502958,9,Safe,Safe,False,False,False
24,3,Nick Viall,False,percentage,rank,26.0,8,0.07248807022349907,5,Safe,Safe,False,False,False
24,4,Mr. T,False,percentage,rank,28.0,10,0.018636504690669464,10,Eliminated,Eliminated,False,False,False
24,4,Heather Morris,True,percentage,rank,35.0,3,0.06220096992085042,8,Safe,Safe,False,False,False
24,4,Nancy Kerrigan,False,percentage,rank,33.0,4,0.05436717928782078,9,Safe,Safe,False,False,False
24,4,Bonner Bolton,False,percentage,rank,32.0,6,0.08638076264655169,4,Safe,Safe,False,False,False
24,4,Simone Biles,False,percentage,rank,36.0,2,0.06535566230248686,7,Safe,Safe,False,False,False
24,4,David Ross,False,percentage,rank,31.0,7,0.11463952969338519,2,Safe,Safe,False,False,False
24,4,Rashad Jennings,False,percentage,rank,39.0,1,0.07979402133724486,5,Safe,Safe,False,False,False
24,4,Erika Jayne,False,percentage,rank,30.0,9,0.06921131494519638,6,Safe,Safe,False,False,False
24,4,Normani,False,percentage,rank,32.0,6,0.11041939061747788,3,Safe,Safe,False,False,False
24,4,Nick Viall,False,percentage,rank,30.0,9,0.33899466455831617,1,Safe,Safe,False,False,False
24,5,Heather Morris,True,percentage,rank,34.0,5,0.08102683345555949,7,Safe,Safe,False,False,False
24,5,Nancy Kerrigan,False,percentage,rank,36.0,3,0.17987405993378908,2,Safe,Safe,False,False,False
24,5,Bonner Bolton,False,percentage,rank,30.0,8,0.09669818941832778,3,Safe,Safe,False,False,False
24,5,Simone Biles,False,percentage,rank,38.0,2,0.08610696697859091,6,Safe,Safe,False,False,False
24,5,David Ross,False,percentage,rank,29.0,9,0.09528282110563556,4,Safe,Safe,False,False,False
24,5,Rashad Jennings,False,percentage,rank,32.0,7,0.299239677701269,1,Safe,Safe,False,False,False
24,5,Erika Jayne,False,percentage,rank,32.0,7,0.017593650060404527,9,Eliminated,Eliminated,False,False,False
24,5,Normani,False,percentage,rank,39.0,1,0.08729445896352547,5,Safe,Safe,False,False,False
24,5,Nick Viall,False,percentage,rank,34.0,5,0.056883342382898924,8,Safe,Safe,False,False,False
24,6,Heather Morris,True,percentage,rank,37.0,1,0.02037966053188119,8,Eliminated,Safe,True,True,False
24,6,Nancy Kerrigan,False,percentage,rank,33.5,5,0.12969718440647904,4,Safe,Safe,True,False,False
24,6,Bonner Bolton,False,percentage,rank,31.5,6,0.2952818840726989,1,Safe,Safe,True,False,False
24,6,Simone Biles,False,percentage,rank,34.5,4,0.0968905478921346,5,Safe,Safe,True,False,False
24,6,David Ross,False,percentage,rank,31.0,7,0.13111277835184001,3,Safe,Eliminated,True,False,False
24,6,Rashad Jennings,False,percentage,rank,35.0,3,0.09484810408114065,6,Safe,Safe,True,False,False
24,6,Normani,False,percentage,rank,36.0,2,0.09304629695499878,7,Safe,Safe,True,False,False
24,6,Nick Viall,False,percentage,rank,30.5,8,0.1387435437088274,2,Safe,Safe,True,False,False
24,7,Nancy Kerrigan,False,percentage,rank,36.0,4,0.03397451975530956,7,Eliminated,Eliminated,False,False,False
24,7,Bonner Bolton,False,percentage,rank,31.0,7,0.37195834771791825,1,Safe,Safe,False,False,False
24,7,Simone Biles,False,percentage,rank,39.0,3,0.10386131155846536,5,Safe,Safe,False,False,False
24,7,David Ross,False,percentage,rank,32.0,6,0.12018894944246326,4,Safe,Safe,False,False,False
24,7,Rashad Jennings,False,percentage,rank,39.0,3,0.20293515761522335,2,Safe,Safe,False,False,False
24,7,Normani,False,percentage,rank,42.0,1,0.12357008909440786,3,Safe,Safe,False,False,False
24,7,Nick Viall,False,percentage,rank,34.0,5,0.04351162481621176,6,Safe,Safe,False,False,False
24,8,Bonner Bolton,False,percentage,rank,29.0,5,0.07129210733094052,5,Eliminated,Eliminated,False,False,False
24,8,Simone Biles,False,percentage,rank,36.0,3,0.15578388330414497,4,Safe,Safe,False,False,False
24,8,David Ross,False,percentage,rank,32.5,4,0.19618535749415028,3,Safe,Safe,False,False,False
24,8,Rashad Jennings,False,percentage,rank,37.5,2,0.32386664421526024,1,Safe,Safe,False,False,False
24,8,Normani,False,percentage,rank,39.5,1,0.25287200765550516,2,Safe,Safe,False,False,False
24,9,Simone Biles,False,percentage,rank,40.0,1,0.06684479885513724,4,Eliminated,Safe,True,True,False
24,9,David Ross,False,percentage,rank,35.0,4,0.24360346512236775,2,Safe,Safe,True,False,False
24,9,Rashad Jennings,False,percentage,rank,38.5,2,0.4561203904347726,1,Safe,Safe,True,False,False
24,9,Normani,False,percentage,rank,38.0,3,0.23343134558772302,3,Safe,Eliminated,True,False,False
25,2,Sasha Pieterse,False,percentage,rank,22.5,5,0.0623044765424873,9,Safe,Safe,False,False,False
25,2,Frankie Muniz,False,percentage,rank,24.0,2,0.08017663701249952,6,Safe,Safe,False,False,False
25,2,Jordan Fisher,False,percentage,rank,24.0,2,0.14104847439016305,1,Safe,Safe,False,False,False
25,2,Derek Fisher,False,percentage,rank,19.0,12,0.06852962601853958,8,Safe,Safe,False,False,False
25,2,Nikki Bella,False,percentage,rank,19.5,10,0.07694640580885313,7,Safe,Safe,False,False,False
25,2,Terrell Owens,False,percentage,rank,19.5,10,0.10210397802622484,4,Safe,Safe,False,False,False
25,2,Victoria Arlen,False,percentage,rank,22.0,6,0.06199716291186442,10,Safe,Safe,False,False,False
25,2,Barbara Corcoran,False,percentage,rank,17.0,13,0.021541645814488232,12,Eliminated,Eliminated,False,False,False
25,2,Lindsey Stirling,False,percentage,rank,22.5,5,0.0962397071447665,5,Safe,Safe,False,False,False
25,2,Debbie Gibson,False,percentage,rank,20.5,8,0.009070711489544319,13,Safe,Safe,False,False,False
25,2,Nick Lachey,False,percentage,rank,19.0,12,0.1154993629169459,2,Safe,Safe,False,False,False
25,2,Drew Scott,False,percentage,rank,20.5,8,0.1133931372980269,3,Safe,Safe,False,False,False
25,2,Vanessa Lachey,False,percentage,rank,23.5,3,0.05114867462559613,11,Safe,Safe,False,False,False
25,4,Sasha Pieterse,False,percentage,rank,24.0,9,0.19857135999831038,1,Safe,Safe,False,False,False
25,4,Frankie Muniz,False,percentage,rank,24.0,9,0.10340929976301229,4,Safe,Safe,False,False,False
25,4,Jordan Fisher,False,percentage,rank,29.0,1,0.15497348079196438,2,Safe,Safe,False,False,False
25,4,Derek Fisher,False,percentage,rank,23.0,10,0.006072151441901401,11,Eliminated,Eliminated,False,False,False
25,4,Nikki Bella,False,percentage,rank,24.0,9,0.05382243006242618,10,Safe,Safe,False,False,False
25,4,Terrell Owens,False,percentage,rank,24.0,9,0.06537291213592171,7,Safe,Safe,False,False,False
25,4,Victoria Arlen,False,percentage,rank,27.0,2,0.057415518917936774,9,Safe,Safe,False,False,False
25,4,Lindsey Stirling,False,percentage,rank,26.0,3,0.1374202781850167,3,Safe,Safe,False,False,False
25,4,Nick Lachey,False,percentage,rank,22.0,11,0.059571816278039987,8,Safe,Safe,False,False,False
25,4,Drew Scott,False,percentage,rank,24.0,9,0.08710485389753697,5,Safe,Safe,False,False,False
25,4,Vanessa Lachey,False,percentage,rank,24.0,9,0.07626589852793299,6,Safe,Safe,False,False,False
25,5,Sasha Pieterse,False,percentage,rank,24.0,9,0.004076801318962869,10,Eliminated,Eliminated,False,False,False
25,5,Frankie Muniz,False,percentage,rank,29.0,2,0.12778513412691797,2,Safe,Safe,False,False,False
25,5,Jordan Fisher,False,percentage,rank,30.0,1,0.10750401561655581,3,Safe,Safe,False,False,False
25,5,Nikki Bella,False,percentage,rank,27.0,5,0.0615106211659201,6,Safe,Safe,False,False,False
25,5,Terrell Owens,False,percentage,rank,25.0,7,0.07078608976534896,5,Safe,Safe,False,False,False
25,5,Victoria Arlen,False,percentage,rank,27.0,5,0.054810876274406194,8,Safe,Safe,False,False,False
25,5,Lindsey Stirling,False,percentage,rank,28.0,3,0.0984265612945031,4,Safe,Safe,False,False,False
25,5,Nick Lachey,False,percentage,rank,22.0,10,0.057388991993913785,7,Safe,Safe,False,False,False
25,5,Drew Scott,False,percentage,rank,25.0,7,0.04862475345010986,9,Safe,Safe,False,False,False
25,5,Vanessa Lachey,False,percentage,rank,24.0,9,0.36908615499336045,1,Safe,Safe,False,False,False
25,6,Frankie Muniz,False,percentage,rank,31.0,7,0.1288319312797762,3,Safe,Safe,False,False,False
25,6,Jordan Fisher,False,percentage,rank,39.0,2,0.11894694972821544,4,Safe,Safe,False,False,False
25,6,Nikki Bella,False,percentage,rank,36.0,5,0.08271326550905175,6,Safe,Safe,False,False,False
25,6,Terrell Owens,False,percentage,rank,37.0,3,0.062037255158648864,8,Safe,Safe,False,False,False
25,6,Victoria Arlen,False,percentage,rank,31.0,7,0.16376372890949456,2,Safe,Safe,False,False,False
25,6,Lindsey Stirling,False,percentage,rank,40.0,1,0.2478690016925589,1,Safe,Safe,False,False,False
25,6,Nick Lachey,False,percentage,rank,26.0,9,0.02681049144424631,9,Eliminated,Eliminated,False,False,False
25,6,Drew Scott,False,percentage,rank,30.0,8,0.09722877205678995,5,Safe,Safe,False,False,False
25,6,Vanessa Lachey,False,percentage,rank,36.0,5,0.07179860422121846,7,Safe,Safe,False,False,False
25,7,Frankie Muniz,False,percentage,rank,30.0,1,0.0873325846308451,6,Safe,Safe,False,False,False
25,7,Jordan Fisher,False,percentage,rank,27.0,5,0.09791280548840418,5,Safe,Safe,False,False,False
25,7,Nikki Bella,False,percentage,rank,24.0,8,0.045351895333152654,7,Eliminated,Eliminated,False,False,False
25,7,Terrell Owens,False,percentage,rank,24.5,7,0.21346480480516808,2,Safe,Safe,False,False,False
25,7,Victoria Arlen,False,percentage,rank,28.5,3,0.13957589149432095,3,Safe,Safe,False,False,False
25,7,Lindsey Stirling,False,percentage,rank,25.5,6,0.25274906549685594,1,Safe,Safe,False,False,False
25,7,Drew Scott,False,percentage,rank,28.5,3,0.1280519448244763,4,Safe,Safe,False,False,False
25,7,Vanessa Lachey,False,percentage,rank,27.0,5,0.03556100792677632,8,Safe,Safe,False,False,False
25,8,Frankie Muniz,False,percentage,rank,26.5,3,0.12075596862904928,5,Safe,Safe,False,False,False
25,8,Jordan Fisher,False,percentage,rank,30.0,1,0.22814726566626078,2,Safe,Safe,False,False,False
25,8,Terrell Owens,False,percentage,rank,25.5,4,0.047403700049944424,6,Eliminated,Eliminated,False,False,False
25,8,Victoria Arlen,False,percentage,rank,24.0,5,0.2553396401452105,1,Safe,Safe,False,False,False
25,8,Lindsey Stirling,False,percentage,rank,27.0,2,0.14168941305995786,4,Safe,Safe,False,False,False
25,8,Drew Scott,False,percentage,rank,23.5,6,0.20666401244957677,3,Safe,Safe,False,False,False
25,9,Frankie Muniz,False,percentage,rank,25.5,4,0.18218111044876376,2,Safe,Safe,False,False,False
25,9,Jordan Fisher,False,percentage,rank,29.0,1,0.12257676346169051,4,Safe,Safe,False,False,False
25,9,Victoria Arlen,False,percentage,rank,28.0,3,0.042826883311110606,5,Eliminated,Eliminated,False,False,False
25,9,Lindsey Stirling,False,percentage,rank,28.5,2,0.4924534507845291,1,Safe,Safe,False,False,False
25,9,Drew Scott,False,percentage,rank,24.0,5,0.15996179199390576,3,Safe,Safe,False,False,False
25,10,Frankie Muniz,False,percentage,rank,38.8887,3,0.18367054734834473,3,Safe,Safe,False,False,False
25,10,Jordan Fisher,False,percentage,rank,40.0,2,0.4101086324542184,1,Safe,Safe,False,False,False
25,10,Lindsey Stirling,False,percentage,rank,40.0,2,0.3329901479063555,2,Safe,Safe,False,False,False
25,10,Drew Scott,False,percentage,rank,37.5,4,0.07323067229108164,4,Eliminated,Eliminated,False,False,False
26,1,Jamie Anderson,False,percentage,rank,19.0,8,0.021395547677177454,9,Safe,Safe,False,False,False
26,1,Johnny Damon,False,percentage,rank,18.0,9,0.015258507731627251,10,Eliminated,Eliminated,False,False,False
26,1,Kareem Abdul-Jabbar,False,percentage,rank,17.0,10,0.11415252278645745,3,Safe,Safe,False,False,False
26,1,Arike Ogunbowale,False,percentage,rank,20.0,7,0.26527943175048957,1,Safe,Safe,False,False,False
26,1,Jennie Finch Daigle,False,percentage,rank,21.0,6,0.11335884558274457,4,Safe,Safe,False,False,False
26,1,Chris Mazdzer,False,percentage,rank,21.0,6,0.11084878078302092,5,Safe,Safe,False,False,False
26,1,Mirai Nagasu,False,percentage,rank,23.0,4,0.07654451492151267,7,Safe,Safe,False,False,False
26,1,Tonya Harding,False,percentage,rank,23.0,4,0.0965921450991222,6,Safe,Safe,False,False,False
26,1,Josh Norman,False,percentage,rank,24.0,2,0.057391215591104,8,Safe,Safe,False,False,False
26,1,Adam Rippon,False,percentage,rank,24.0,2,0.12917848807674354,2,Safe,Safe,False,False,False
26,2,Kareem Abdul-Jabbar,False,percentage,rank,29.5,8,0.03747828672502396,7,Eliminated,Eliminated,False,False,False
26,2,Arike Ogunbowale,False,percentage,rank,35.0,3,0.024013568427916545,8,Safe,Safe,False,False,False
26,2,Jennie Finch Daigle,False,percentage,rank,31.5,7,0.12141668906998686,5,Safe,Safe,False,False,False
26,2,Chris Mazdzer,False,percentage,rank,33.0,5,0.16734136448453668,3,Safe,Safe,False,False,False
26,2,Mirai Nagasu,False,percentage,rank,37.0,2,0.08545946519895452,6,Safe,Safe,False,False,False
26,2,Tonya Harding,False,percentage,rank,33.0,5,0.12186627196351636,4,Safe,Safe,False,False,False
26,2,Josh Norman,False,percentage,rank,31.5,7,0.16772727219904474,2,Safe,Safe,False,False,False
26,2,Adam Rippon,False,percentage,rank,37.0,2,0.2746970819310198,1,Safe,Safe,False,False,False
26,3,Jennie Finch Daigle,False,percentage,rank,29.0,6,0.08143842819976828,5,Eliminated,Eliminated,False,False,False
26,3,Chris Mazdzer,False,percentage,rank,33.0,5,0.09155093548975045,4,Safe,Safe,False,False,False
26,3,Mirai Nagasu,False,percentage,rank,35.0,4,0.06471046345850998,6,Safe,Safe,False,False,False
26,3,Tonya Harding,False,percentage,rank,35.0,4,0.26942245850993546,2,Safe,Safe,False,False,False
26,3,Josh Norman,False,percentage,rank,38.0,2,0.16639344167575984,3,Safe,Safe,False,False,False
26,3,Adam Rippon,False,percentage,rank,41.0,1,0.32648427266627544,1,Safe,Safe,False,False,False
27,1,Juan Pablo Di Pace,True,percentage,rank,22.0,4,0.058300535543938777,9,Safe,Safe,False,False,False
27,1,Evanna Lynch,False,percentage,rank,18.0,11,0.04546164566702574,12,Safe,Safe,False,False,False
27,1,Nancy McKeon,False,percentage,rank,19.5,8,0.05485474874770813,11,Safe,Safe,False,False,False
27,1,John Schneider,False,percentage,rank,18.0,11,0.10760245781169447,2,Safe,Safe,False,False,False
27,1,Milo Manheim,False,percentage,rank,20.0,7,0.09925472218154581,3,Safe,Safe,False,False,False
27,1,Danelle Umstead,False,percentage,rank,18.0,11,0.07209456731360446,6,Safe,Safe,False,False,False
27,1,Mary Lou Retton,False,percentage,rank,20.0,7,0.06707911481492815,8,Safe,Safe,False,False,False
27,1,DeMarcus Ware,False,percentage,rank,23.0,2,0.07115487962523485,7,Safe,Safe,False,False,False
27,1,Nikki Glaser,False,percentage,rank,17.5,12,0.006982623052093689,13,Eliminated,Eliminated,False,False,False
27,1,Bobby Bones,True,percentage,rank,20.0,7,0.18866811477970033,1,Safe,Safe,False,False,False
27,1,Tinashe,False,percentage,rank,23.0,2,0.07430660122650973,5,Safe,Safe,False,False,False
27,1,Alexis Ren,False,percentage,rank,22.0,4,0.05745493682098248,10,Safe,Safe,False,False,False
27,1,Joe Amabile,False,percentage,rank,14.0,13,0.09678505241503407,4,Safe,Safe,False,False,False
27,2,Juan Pablo Di Pace,True,percentage,rank,26.0,3,0.049503303996137456,10,Safe,Safe,False,False,False
27,2,Evanna Lynch,False,percentage,rank,24.0,5,0.1176065204055997,2,Safe,Safe,False,False,False
27,2,Nancy McKeon,False,percentage,rank,20.5,9,0.15385547078006745,1,Safe,Safe,False,False,False
27,2,John Schneider,False,percentage,rank,21.5,8,0.06957889341656891,9,Safe,Safe,False,False,False
27,2,Milo Manheim,False,percentage,rank,26.0,3,0.07613032451673396,6,Safe,Safe,False,False,False
27,2,Danelle Umstead,False,percentage,rank,18.5,11,0.016458878568047643,12,Eliminated,Eliminated,False,False,False
27,2,Mary Lou Retton,False,percentage,rank,23.0,7,0.07436659815568128,8,Safe,Safe,False,False,False
27,2,DeMarcus Ware,False,percentage,rank,23.5,6,0.10953619811684767,4,Safe,Safe,False,False,False
27,2,Bobby Bones,True,percentage,rank,19.5,10,0.09774918836228497,5,Safe,Safe,False,False,False
27,2,Tinashe,False,percentage,rank,26.0,3,0.04688078478275653,11,Safe,Safe,False,False,False
27,2,Alexis Ren,False,percentage,rank,24.5,4,0.07478194665398827,7,Safe,Safe,False,False,False
27,2,Joe Amabile,False,percentage,rank,17.5,12,0.11355189224528636,3,Safe,Safe,False,False,False
27,3,Juan Pablo Di Pace,True,percentage,rank,30.0,1,0.038494363354726086,10,Safe,Safe,False,False,False
27,3,Evanna Lynch,False,percentage,rank,27.0,4,0.06654524384234779,8,Safe,Safe,False,False,False
27,3,Nancy McKeon,False,percentage,rank,22.0,9,0.01922603221644415,11,Eliminated,Eliminated,False,False,False
27,3,John Schneider,False,percentage,rank,21.0,10,0.09149016413183321,4,Safe,Safe,False,False,False
27,3,Milo Manheim,False,percentage,rank,27.0,4,0.0882626474027545,5,Safe,Safe,False,False,False
27,3,Mary Lou Retton,False,percentage,rank,24.0,7,0.06390344279734876,9,Safe,Safe,False,False,False
27,3,DeMarcus Ware,False,percentage,rank,26.0,6,0.08711446132239208,6,Safe,Safe,False,False,False
27,3,Bobby Bones,True,percentage,rank,23.0,8,0.13374885430278158,3,Safe,Safe,False,False,False
27,3,Tinashe,False,percentage,rank,27.0,4,0.07337044881382379,7,Safe,Safe,False,False,False
27,3,Alexis Ren,False,percentage,rank,26.0,6,0.1433627682104594,2,Safe,Safe,False,False,False
27,3,Joe Amabile,False,percentage,rank,18.0,11,0.19448157360508767,1,Safe,Safe,False,False,False
27,4,Juan Pablo Di Pace,True,percentage,rank,24.0,6,0.18623968044207864,1,Safe,Safe,True,False,False
27,4,Evanna Lynch,False,percentage,rank,24.0,6,0.09128423086582894,5,Safe,Safe,True,False,False
27,4,John Schneider,False,percentage,rank,21.0,8,0.08474194019927396,7,Safe,Safe,True,False,False
27,4,Milo Manheim,False,percentage,rank,29.0,1,0.15658720959129166,2,Safe,Safe,True,False,False
27,4,Mary Lou Retton,False,percentage,rank,26.0,3,0.06136859431490754,9,Safe,Safe,True,False,False
27,4,DeMarcus Ware,False,percentage,rank,22.0,7,0.07791634629211257,8,Safe,Eliminated,True,False,False
27,4,Bobby Bones,True,percentage,rank,20.0,9,0.08843672982350244,6,Safe,Safe,True,False,False
27,4,Tinashe,False,percentage,rank,26.0,3,0.014070127812277334,10,Eliminated,Safe,True,True,False
27,4,Alexis Ren,False,percentage,rank,25.0,4,0.1137727046385168,4,Safe,Safe,True,False,False
27,4,Joe Amabile,False,percentage,rank,15.0,10,0.1255824360202105,3,Safe,Safe,True,False,False
27,6,Juan Pablo Di Pace,True,percentage,rank,30.0,2,0.1816360563055506,1,Safe,Safe,True,False,False
27,6,Evanna Lynch,False,percentage,rank,29.0,3,0.09050061256663958,7,Safe,Safe,True,False,False
27,6,John Schneider,False,percentage,rank,19.0,9,0.11083564826713584,5,Safe,Safe,True,False,False
27,6,Milo Manheim,False,percentage,rank,30.0,2,0.10546869845254059,6,Safe,Safe,True,False,False
27,6,Mary Lou Retton,False,percentage,rank,24.0,6,0.023819207554044746,9,Eliminated,Safe,True,True,False
27,6,DeMarcus Ware,False,percentage,rank,26.0,5,0.13084531730461493,3,Safe,Safe,True,False,False
27,6,Bobby Bones,True,percentage,rank,22.0,8,0.1594167802163068,2,Safe,Safe,True,False,False
27,6,Alexis Ren,False,percentage,rank,27.0,4,0.11423131178843597,4,Safe,Safe,True,False,False
27,6,Joe Amabile,False,percentage,rank,22.0,8,0.08324636754473093,8,Safe,Eliminated,True,False,False
27,7,Juan Pablo Di Pace,True,percentage,rank,28.0,3,0.18989030697071976,2,Safe,Safe,True,False,False
27,7,Evanna Lynch,False,percentage,rank,29.5,1,0.1158418041863644,5,Safe,Safe,True,False,False
27,7,John Schneider,False,percentage,rank,27.0,5,0.04515124786934998,8,Eliminated,Safe,True,True,False
27,7,Milo Manheim,False,percentage,rank,29.0,2,0.1091609090510984,6,Safe,Safe,True,False,False
27,7,DeMarcus Ware,False,percentage,rank,26.5,7,0.04929007884876683,7,Safe,Eliminated,True,False,False
27,7,Bobby Bones,True,percentage,rank,26.5,7,0.14471394492808068,4,Safe,Safe,True,False,False
27,7,Alexis Ren,False,percentage,rank,27.5,4,0.154748174812021,3,Safe,Safe,True,False,False
27,7,Joe Amabile,False,percentage,rank,23.5,8,0.19120353333359938,1,Safe,Safe,True,False,False
27,8,Juan Pablo Di Pace,True,percentage,rank,30.0,1,0.06027536340745672,6,Safe,Safe,False,False,False
27,8,Evanna Lynch,False,percentage,rank,29.0,3,0.16562537861816293,4,Safe,Safe,False,False,False
27,8,Milo Manheim,False,percentage,rank,27.5,4,0.2222768720930474,2,Safe,Safe,False,False,False
27,8,Bobby Bones,True,percentage,rank,22.5,6,0.2203713066314887,3,Safe,Safe,False,False,False
27,8,Alexis Ren,False,percentage,rank,29.0,3,0.23770780654118842,1,Safe,Safe,False,False,False
27,8,Joe Amabile,False,percentage,rank,23.0,5,0.09374327270865578,5,Eliminated,Eliminated,False,False,False
28,2,Kate Flannery,False,rank,percentage,21.0,2,0.07578522707646715,8,Safe,Safe,False,False,False
28,2,James Van Der Beek,False,rank,percentage,20.0,5,0.044659075585954354,11,Safe,Safe,False,False,False
28,2,Kel Mitchell,False,rank,percentage,20.0,5,0.0984330892228483,4,Safe,Safe,False,False,False
28,2,Ray Lewis,False,rank,percentage,15.0,11,0.10078592962242588,3,Safe,Safe,False,False,False
28,2,Lamar Odom,False,rank,percentage,12.0,12,0.0759214924291227,7,Safe,Safe,False,False,False
28,2,Sailor Brinkley-Cook,False,rank,percentage,18.0,8,0.07422303388673694,9,Safe,Safe,False,False,False
28,2,Sean Spicer,True,rank,percentage,16.0,9,0.18398943549098784,1,Safe,Safe,False,False,False
28,2,Mary Wilson,False,rank,percentage,15.0,11,0.021564891704591613,12,Eliminated,Eliminated,False,False,False
28,2,Lauren Alaina,False,rank,percentage,19.0,7,0.08127642573820017,5,Safe,Safe,False,False,False
28,2,Ally Brooke,False,rank,percentage,20.0,5,0.05143997592791133,10,Safe,Safe,False,False,False
28,2,Karamo Brown,False,rank,percentage,19.0,7,0.07619892387327354,6,Safe,Safe,False,False,False
28,2,Hannah Brown,False,rank,percentage,24.0,1,0.11572249944148029,2,Safe,Safe,False,False,False
28,4,Kate Flannery,False,rank,percentage,26.0,8,0.09654178440825029,4,Safe,Safe,False,False,False
28,4,James Van Der Beek,False,rank,percentage,28.0,7,0.0787967827456224,6,Safe,Safe,False,False,False
28,4,Kel Mitchell,False,rank,percentage,32.0,4,0.08013552789958937,5,Safe,Safe,False,False,False
28,4,Lamar Odom,False,rank,percentage,20.0,10,0.04016523901197532,10,Eliminated,Eliminated,False,False,False
28,4,Sailor Brinkley-Cook,False,rank,percentage,31.0,5,0.05967986786766418,9,Safe,Safe,False,False,False
28,4,Sean Spicer,True,rank,percentage,21.0,9,0.16883278988786388,2,Safe,Safe,False,False,False
28,4,Lauren Alaina,False,rank,percentage,32.0,4,0.06445457395739548,8,Safe,Safe,False,False,False
28,4,Ally Brooke,False,rank,percentage,32.0,4,0.07399072683981155,7,Safe,Safe,False,False,False
28,4,Karamo Brown,False,rank,percentage,28.0,7,0.12347129739374725,3,Safe,Safe,False,False,False
28,4,Hannah Brown,False,rank,percentage,32.0,4,0.2139314099880796,1,Safe,Safe,False,False,False
28,7,Kate Flannery,False,rank,percentage,24.0,7,0.22064286446437748,1,Safe,Safe,False,False,False
28,7,James Van Der Beek,False,rank,percentage,27.0,3,0.17542640660127973,2,Safe,Safe,False,False,False
28,7,Kel Mitchell,False,rank,percentage,25.5,5,0.0983506237709942,6,Safe,Safe,False,False,False
28,7,Sean Spicer,True,rank,percentage,21.0,8,0.16007480324407214,3,Safe,Safe,False,False,False
28,7,Lauren Alaina,False,rank,percentage,27.0,3,0.06142975462584094,7,Safe,Safe,False,False,False
28,7,Ally Brooke,False,rank,percentage,27.0,3,0.1419013982123056,4,Safe,Safe,False,False,False
28,7,Karamo Brown,False,rank,percentage,24.5,6,0.029739840766059268,8,Eliminated,Eliminated,False,False,False
28,7,Hannah Brown,False,rank,percentage,26.0,4,0.11243430831507017,5,Safe,Safe,False,False,False
28,8,Kate Flannery,False,rank,percentage,25.9998,5,0.04145132161923723,7,Eliminated,Eliminated,False,False,False
28,8,James Van Der Beek,False,rank,percentage,31.9998,1,0.19431665943472526,2,Safe,Safe,False,False,False
28,8,Kel Mitchell,False,rank,percentage,29.9998,4,0.17885831611008968,3,Safe,Safe,False,False,False
28,8,Sean Spicer,True,rank,percentage,20.0,7,0.20194419262175367,1,Safe,Safe,False,False,False
28,8,Lauren Alaina,False,rank,percentage,24.0,6,0.14222723340805637,4,Safe,Safe,False,False,False
28,8,Ally Brooke,False,rank,percentage,30.0,3,0.1033100120416464,6,Safe,Safe,False,False,False
28,8,Hannah Brown,False,rank,percentage,30.9998,2,0.1378922647644915,5,Safe,Safe,False,False,False
28,9,James Van Der Beek,False,rank,percentage,36.0,3,0.224887152918386,1,Safe,Safe,False,False,False
28,9,Kel Mitchell,False,rank,percentage,37.0,2,0.17489184742763944,3,Safe,Safe,False,False,False
28,9,Sean Spicer,True,rank,percentage,25.0,6,0.07977433838707712,6,Eliminated,Eliminated,False,False,False
28,9,Lauren Alaina,False,rank,percentage,35.0,5,0.20341526109977986,2,Safe,Safe,False,False,False
28,9,Ally Brooke,False,rank,percentage,40.0,1,0.16680692360625216,4,Safe,Safe,False,False,False
28,9,Hannah Brown,False,rank,percentage,35.5,4,0.15022447656086527,5,Safe,Safe,False,False,False
28,10,James Van Der Beek,False,rank,percentage,25.5,5,0.047025731532124804,5,Eliminated,Eliminated,False,False,False
28,10,Kel Mitchell,False,rank,percentage,28.5,2,0.15303973515269897,3,Safe,Safe,False,False,False
28,10,Lauren Alaina,False,rank,percentage,27.0,4,0.48068213380832686,1,Safe,Safe,False,False,False
28,10,Ally Brooke,False,rank,percentage,29.5,1,0.19435545570710713,2,Safe,Safe,False,False,False
28,10,Hannah Brown,False,rank,percentage,27.0,4,0.12489694379974191,4,Safe,Safe,False,False,False
29,2,Anne Heche,False,rank,percentage,18.0,11,0.05871531661138621,7,Safe,Safe,False,False,False
29,2,Jesse Metcalfe,False,rank,percentage,20.0,4,0.04537984056883377,10,Safe,Safe,False,False,False
29,2,Chrishell Stause,False,rank,percentage,18.0,11,0.03562354958184666,13,Safe,Safe,False,False,False
29,2,Skai Jackson,False,rank,percentage,15.0,15,0.18489764145360243,1,Safe,Safe,False,False,False
29,2,Justina Machado,False,rank,percentage,21.0,3,0.07970307310622109,4,Safe,Safe,False,False,False
29,2,Charles Oakley,False,rank,percentage,15.0,15,0.01549180388917958,15,Eliminated,Eliminated,False,False,False
29,2,Veron Davis,False,rank,percentage,18.0,11,0.04324096972952188,11,Safe,Safe,False,False,False
29,2,Johnny Weir,False,rank,percentage,18.0,11,0.09265654357772204,3,Safe,Safe,False,False,False
29,2,Nev Schulman,False,rank,percentage,21.0,3,0.05635758583550758,8,Safe,Safe,False,False,False
29,2,AJ McLean,False,rank,percentage,19.0,5,0.027502612926297142,14,Safe,Safe,False,False,False
29,2,Nelly,False,rank,percentage,18.0,11,0.03772124690546411,12,Safe,Safe,False,False,False
29,2,Kaitlyn Bristowe,False,rank,percentage,22.0,1,0.06151716689705755,6,Safe,Safe,False,False,False
29,2,Carole Baskin,False,rank,percentage,16.0,13,0.13957395089219438,2,Safe,Safe,False,False,False
29,2,Monica Aldama,False,rank,percentage,16.0,13,0.07006439528408336,5,Safe,Safe,False,False,False
29,2,Jeannie Mai,False,rank,percentage,18.0,11,0.051554302741082025,9,Safe,Safe,False,False,False
29,3,Anne Heche,False,rank,percentage,15.0,13,0.0710933368612795,4,Safe,Safe,False,False,False
29,3,Jesse Metcalfe,False,rank,percentage,20.0,9,0.05337875416221319,12,Safe,Safe,False,False,False
29,3,Chrishell Stause,False,rank,percentage,22.0,6,0.06817389627111582,5,Safe,Safe,False,False,False
29,3,Skai Jackson,False,rank,percentage,18.0,12,0.05441425672255584,10,Safe,Safe,False,False,False
29,3,Justina Machado,False,rank,percentage,19.0,10,0.05862196372817514,9,Safe,Safe,False,False,False
29,3,Veron Davis,False,rank,percentage,22.0,6,0.05328021829388124,13,Safe,Safe,False,False,False
29,3,Johnny Weir,False,rank,percentage,24.0,2,0.05440765347475856,11,Safe,Safe,False,False,False
29,3,Nev Schulman,False,rank,percentage,24.0,2,0.06146150307323323,8,Safe,Safe,False,False,False
29,3,AJ McLean,False,rank,percentage,21.0,8,0.061505449253773666,7,Safe,Safe,False,False,False
29,3,Nelly,False,rank,percentage,18.0,12,0.06381919597699946,6,Safe,Safe,False,False,False
29,3,Kaitlyn Bristowe,False,rank,percentage,23.0,3,0.09160986015223457,2,Safe,Safe,False,False,False
29,3,Carole Baskin,False,rank,percentage,12.0,14,0.023294767736709014,14,Eliminated,Eliminated,False,False,False
29,3,Monica Aldama,False,rank,percentage,21.0,8,0.2000735612413782,1,Safe,Safe,False,False,False
29,3,Jeannie Mai,False,rank,percentage,22.0,6,0.0848655830516925,3,Safe,Safe,False,False,False
29,4,Anne Heche,False,rank,percentage,21.0,13,0.016013003068701456,13,Eliminated,Eliminated,False,False,False
29,4,Jesse Metcalfe,False,rank,percentage,21.0,13,0.1262878838040953,1,Safe,Safe,False,False,False
29,4,Chrishell Stause,False,rank,percentage,22.0,9,0.04209960793820903,12,Safe,Safe,False,False,False
29,4,Skai Jackson,False,rank,percentage,28.0,1,0.07027583595813276,7,Safe,Safe,False,False,False
29,4,Justina Machado,False,rank,percentage,24.0,7,0.0570319436674926,11,Safe,Safe,False,False,False
29,4,Veron Davis,False,rank,percentage,22.0,9,0.10665805913544951,3,Safe,Safe,False,False,False
29,4,Johnny Weir,False,rank,percentage,24.0,7,0.06643235514604492,8,Safe,Safe,False,False,False
29,4,Nev Schulman,False,rank,percentage,24.0,7,0.10409148832578217,4,Safe,Safe,False,False,False
29,4,AJ McLean,False,rank,percentage,24.0,7,0.12594997479005474,2,Safe,Safe,False,False,False
29,4,Nelly,False,rank,percentage,21.0,13,0.07509195065715563,6,Safe,Safe,False,False,False
29,4,Kaitlyn Bristowe,False,rank,percentage,25.0,2,0.0661067596778682,9,Safe,Safe,False,False,False
29,4,Monica Aldama,False,rank,percentage,24.0,7,0.06457056903428764,10,Safe,Safe,False,False,False
29,4,Jeannie Mai,False,rank,percentage,21.0,13,0.07939056879672586,5,Safe,Safe,False,False,False
29,5,Jesse Metcalfe,False,rank,percentage,19.0,12,0.01948379836035794,12,Eliminated,Eliminated,False,False,False
29,5,Chrishell Stause,False,rank,percentage,19.0,12,0.10454695909668132,3,Safe,Safe,False,False,False
29,5,Skai Jackson,False,rank,percentage,24.0,9,0.07299283648856465,8,Safe,Safe,False,False,False
29,5,Justina Machado,False,rank,percentage,24.0,9,0.0697125576267656,9,Safe,Safe,False,False,False
29,5,Veron Davis,False,rank,percentage,21.0,10,0.10010793562725578,4,Safe,Safe,False,False,False
29,5,Johnny Weir,False,rank,percentage,29.0,1,0.14998149778243375,1,Safe,Safe,False,False,False
29,5,Nev Schulman,False,rank,percentage,26.0,4,0.05597970512836701,11,Safe,Safe,False,False,False
29,5,AJ McLean,False,rank,percentage,24.0,9,0.07752824413041673,6,Safe,Safe,False,False,False
29,5,Nelly,False,rank,percentage,24.0,9,0.07414629808265548,7,Safe,Safe,False,False,False
29,5,Kaitlyn Bristowe,False,rank,percentage,27.0,2,0.11421053785157746,2,Safe,Safe,False,False,False
29,5,Monica Aldama,False,rank,percentage,26.0,4,0.06800796883387329,10,Safe,Safe,False,False,False
29,5,Jeannie Mai,False,rank,percentage,24.0,9,0.09330166099105147,5,Safe,Safe,False,False,False
29,6,Chrishell Stause,False,rank,percentage,24.0,8,0.08697168845217697,7,Safe,Safe,False,False,False
29,6,Skai Jackson,False,rank,percentage,18.0,11,0.08778469871517422,6,Safe,Safe,False,False,False
29,6,Justina Machado,False,rank,percentage,27.0,4,0.14582740725566845,2,Safe,Safe,False,False,False
29,6,Veron Davis,False,rank,percentage,21.0,10,0.029574870276080294,11,Eliminated,Eliminated,False,False,False
29,6,Johnny Weir,False,rank,percentage,22.0,9,0.1487769663642878,1,Safe,Safe,False,False,False
29,6,Nev Schulman,False,rank,percentage,26.0,5,0.07135738595386248,9,Safe,Safe,False,False,False
29,6,AJ McLean,False,rank,percentage,27.0,4,0.09517682680019669,5,Safe,Safe,False,False,False
29,6,Nelly,False,rank,percentage,24.0,8,0.08568971483053159,8,Safe,Safe,False,False,False
29,6,Kaitlyn Bristowe,False,rank,percentage,27.0,4,0.052181027335767266,10,Safe,Safe,False,False,False
29,6,Monica Aldama,False,rank,percentage,27.0,4,0.09812753744523038,4,Safe,Safe,False,False,False
29,6,Jeannie Mai,False,rank,percentage,25.0,6,0.09853187657102462,3,Safe,Safe,False,False,False
29,7,Chrishell Stause,False,rank,percentage,26.0,7,0.050411970218047705,9,Safe,Safe,False,False,False
29,7,Skai Jackson,False,rank,percentage,27.0,4,0.08069807569246779,6,Safe,Safe,False,False,False
29,7,Justina Machado,False,rank,percentage,26.0,7,0.2249627765011973,1,Safe,Safe,False,False,False
29,7,Johnny Weir,False,rank,percentage,27.0,4,0.051878978853692734,8,Safe,Safe,False,False,False
29,7,Nev Schulman,False,rank,percentage,30.0,1,0.11792207720793156,4,Safe,Safe,False,False,False
29,7,AJ McLean,False,rank,percentage,26.0,7,0.12029446664436444,3,Safe,Safe,False,False,False
29,7,Nelly,False,rank,percentage,27.0,4,0.12879885104289834,2,Safe,Safe,False,False,False
29,7,Kaitlyn Bristowe,False,rank,percentage,24.0,9,0.1153752091922704,5,Safe,Safe,False,False,False
29,7,Monica Aldama,False,rank,percentage,22.0,10,0.03524042526181796,10,Eliminated,Eliminated,False,False,False
29,7,Jeannie Mai,False,rank,percentage,25.0,8,0.07441716938531187,7,Safe,Safe,False,False,False
29,8,Chrishell Stause,False,rank,percentage,27.0,6,0.053577209194500715,8,Eliminated,Eliminated,False,False,False
29,8,Skai Jackson,False,rank,percentage,26.9998,7,0.12355377196001605,4,Safe,Safe,False,False,False
29,8,Justina Machado,False,rank,percentage,28.9998,3,0.0749316553731364,7,Safe,Safe,False,False,False
29,8,Johnny Weir,False,rank,percentage,30.0,2,0.07861517781676913,6,Safe,Safe,False,False,False
29,8,Nev Schulman,False,rank,percentage,30.0,2,0.08030807121753536,5,Safe,Safe,False,False,False
29,8,AJ McLean,False,rank,percentage,27.0,6,0.13664328111012872,3,Safe,Safe,False,False,False
29,8,Nelly,False,rank,percentage,24.0,8,0.2714086522591672,1,Safe,Safe,False,False,False
29,8,Kaitlyn Bristowe,False,rank,percentage,28.0,4,0.18096218106874684,2,Safe,Safe,False,False,False
29,9,Skai Jackson,False,rank,percentage,28.9998,4,0.09236060434537413,6,Safe,Safe,False,False,False
29,9,Justina Machado,False,rank,percentage,25.9998,5,0.18914442673837367,2,Safe,Safe,False,False,False
29,9,Johnny Weir,False,rank,percentage,30.0,2,0.10782649329380149,4,Safe,Safe,False,False,False
29,9,Nev Schulman,False,rank,percentage,28.9998,4,0.09314112119846464,5,Safe,Safe,False,False,False
29,9,AJ McLean,False,rank,percentage,24.9998,6,0.053397645650426144,7,Eliminated,Eliminated,False,False,False
29,9,Nelly,False,rank,percentage,24.0,7,0.3025984762128662,1,Safe,Safe,False,False,False
29,9,Kaitlyn Bristowe,False,rank,percentage,30.0,2,0.1615312325606941,3,Safe,Safe,False,False,False
29,10,Skai Jackson,False,rank,percentage,28.5,5,0.0877687494863224,5,Safe,Safe,False,False,False
29,10,Justina Machado,False,rank,percentage,29.0,3,0.24955441011298624,2,Safe,Safe,False,False,False
29,10,Johnny Weir,False,rank,percentage,28.5,5,0.06695151227528734,6,Eliminated,Eliminated,False,False,False
29,10,Nev Schulman,False,rank,percentage,30.0,2,0.1184842992214288,4,Safe,Safe,False,False,False
29,10,Nelly,False,rank,percentage,28.0,6,0.3248982047676481,1,Safe,Safe,False,False,False
29,10,Kaitlyn Bristowe,False,rank,percentage,30.0,2,0.15234282413632666,3,Safe,Safe,False,False,False
30,2,Martin Kove,False,rank,percentage,15.0,15,0.016100312194658174,15,Eliminated,Eliminated,False,False,False
30,2,Brian Austin Green,False,rank,percentage,23.0,13,0.06216554100243326,8,Safe,Safe,False,False,False
30,2,Melora Hardin,False,rank,percentage,27.0,7,0.0319594513597579,14,Safe,Safe,False,False,False
30,2,Matt James,False,rank,percentage,22.0,14,0.13545379988323433,1,Safe,Safe,False,False,False
30,2,"Mike ""The Miz"" Mizanin",False,rank,percentage,26.0,8,0.10195392640179178,2,Safe,Safe,False,False,False
30,2,Suni Lee,False,rank,percentage,28.0,4,0.05333439960237971,9,Safe,Safe,False,False,False
30,2,Iman Shumpert,False,rank,percentage,25.0,9,0.05228045926704704,10,Safe,Safe,False,False,False
30,2,Cody Rigsby,False,rank,percentage,24.0,12,0.0913908188623294,4,Safe,Safe,False,False,False
30,2,Melanie C,False,rank,percentage,30.0,3,0.0440958066647711,12,Safe,Safe,False,False,False
30,2,Jimmie Allen,False,rank,percentage,27.0,7,0.04830695309323734,11,Safe,Safe,False,False,False
30,2,Olivia Jade,False,rank,percentage,27.0,7,0.0680134455932072,7,Safe,Safe,False,False,False
30,2,JoJo Siwa,False,rank,percentage,31.0,2,0.08912326490939561,5,Safe,Safe,False,False,False
30,2,Christine Chiu,False,rank,percentage,24.0,12,0.06992363826256229,6,Safe,Safe,False,False,False
30,2,Kenya Moore,False,rank,percentage,24.0,12,0.04371165927576186,13,Safe,Safe,False,False,False
30,2,Amanda Kloots,False,rank,percentage,32.0,1,0.09218652362743268,3,Safe,Safe,False,False,False
30,3,Brian Austin Green,False,rank,percentage,19.0,13,0.11390376474734983,2,Safe,Safe,False,False,False
30,3,Melora Hardin,False,rank,percentage,23.0,4,0.05881858481989055,8,Safe,Safe,False,False,False
30,3,Matt James,False,rank,percentage,20.0,11,0.13453491895108755,1,Safe,Safe,False,False,False
30,3,"Mike ""The Miz"" Mizanin",False,rank,percentage,22.0,6,0.05101090171592771,9,Safe,Safe,False,False,False
30,3,Suni Lee,False,rank,percentage,21.0,9,0.09117361237749776,5,Safe,Safe,False,False,False
30,3,Iman Shumpert,False,rank,percentage,19.0,13,0.10120308294093391,4,Safe,Safe,False,False,False
30,3,Cody Rigsby,False,rank,percentage,18.0,14,0.10169469063422429,3,Safe,Safe,False,False,False
30,3,Melanie C,False,rank,percentage,22.0,6,0.03502109444610436,13,Safe,Safe,False,False,False
30,3,Jimmie Allen,False,rank,percentage,20.0,11,0.08272521404221526,7,Safe,Safe,False,False,False
30,3,Olivia Jade,False,rank,percentage,24.0,3,0.045456955559320944,10,Safe,Safe,False,False,False
30,3,JoJo Siwa,False,rank,percentage,24.0,3,0.04459369215768004,11,Safe,Safe,False,False,False
30,3,Christine Chiu,False,rank,percentage,21.0,9,0.016347258384200317,14,Eliminated,Eliminated,False,False,False
30,3,Kenya Moore,False,rank,percentage,21.0,9,0.08376667871408584,6,Safe,Safe,False,False,False
30,3,Amanda Kloots,False,rank,percentage,24.0,3,0.03974955050948133,12,Safe,Safe,False,False,False
30,4,Brian Austin Green,False,rank,percentage,26.0,13,0.03860380855071519,12,Safe,Safe,False,False,False
30,4,Melora Hardin,False,rank,percentage,36.5,1,0.1016140262597363,3,Safe,Safe,False,False,False
30,4,Matt James,False,rank,percentage,28.5,12,0.023351621937106815,13,Eliminated,Eliminated,False,False,False
30,4,"Mike ""The Miz"" Mizanin",False,rank,percentage,32.5,8,0.07052074736179209,8,Safe,Safe,False,False,False
30,4,Suni Lee,False,rank,percentage,34.0,5,0.11661702393876174,2,Safe,Safe,False,False,False
30,4,Iman Shumpert,False,rank,percentage,31.5,9,0.08819550391498893,5,Safe,Safe,False,False,False
30,4,Cody Rigsby,False,rank,percentage,29.0,11,0.14103049170408763,1,Safe,Safe,False,False,False
30,4,Melanie C,False,rank,percentage,33.0,6,0.04375398086715609,11,Safe,Safe,False,False,False
30,4,Jimmie Allen,False,rank,percentage,32.5,8,0.08671903066479685,6,Safe,Safe,False,False,False
30,4,Olivia Jade,False,rank,percentage,35.0,3,0.06448479505743934,9,Safe,Safe,False,False,False
30,4,JoJo Siwa,False,rank,percentage,35.0,3,0.08993265647450445,4,Safe,Safe,False,False,False
30,4,Kenya Moore,False,rank,percentage,29.5,10,0.0808500784981118,7,Safe,Safe,False,False,False
30,4,Amanda Kloots,False,rank,percentage,34.0,5,0.054326234770802784,10,Safe,Safe,False,False,False
30,5,Melora Hardin,False,rank,percentage,36.0,7,0.15531595915446553,1,Safe,Safe,False,False,False
30,5,"Mike ""The Miz"" Mizanin",False,rank,percentage,32.0,10,0.09272773748898946,5,Safe,Safe,False,False,False
30,5,Suni Lee,False,rank,percentage,36.0,7,0.13958502048366975,2,Safe,Safe,False,False,False
30,5,Iman Shumpert,False,rank,percentage,28.0,11,0.10868537456762828,3,Safe,Safe,False,False,False
30,5,Cody Rigsby,False,rank,percentage,32.0,10,0.0926618386032829,6,Safe,Safe,False,False,False
30,5,Melanie C,False,rank,percentage,36.0,7,0.015927084348141017,11,Eliminated,Eliminated,False,False,False
30,5,Jimmie Allen,False,rank,percentage,34.0,8,0.10522605985891276,4,Safe,Safe,False,False,False
30,5,Olivia Jade,False,rank,percentage,36.0,7,0.08358386151821856,7,Safe,Safe,False,False,False
30,5,JoJo Siwa,False,rank,percentage,40.0,1,0.05798020349244684,10,Safe,Safe,False,False,False
30,5,Kenya Moore,False,rank,percentage,36.0,7,0.07086743957527371,9,Safe,Safe,False,False,False
30,5,Amanda Kloots,False,rank,percentage,39.0,2,0.07743942090896991,8,Safe,Safe,False,False,False
30,6,Melora Hardin,False,rank,percentage,34.0,9,0.08731863747617957,7,Safe,Safe,False,False,False
30,6,"Mike ""The Miz"" Mizanin",False,rank,percentage,34.0,9,0.10660590395303594,4,Safe,Safe,False,False,False
30,6,Suni Lee,False,rank,percentage,36.0,7,0.13771345643083502,2,Safe,Safe,False,False,False
30,6,Iman Shumpert,False,rank,percentage,40.0,2,0.10004473342619873,5,Safe,Safe,False,False,False
30,6,Cody Rigsby,False,rank,percentage,36.0,7,0.0792276702292959,8,Safe,Safe,False,False,False
30,6,Jimmie Allen,False,rank,percentage,38.0,4,0.18121422335834028,1,Safe,Safe,False,False,False
30,6,Olivia Jade,False,rank,percentage,36.0,7,0.11132257311459602,3,Safe,Safe,False,False,False
30,6,JoJo Siwa,False,rank,percentage,40.0,2,0.09555440278197457,6,Safe,Safe,False,False,False
30,6,Kenya Moore,False,rank,percentage,32.0,10,0.035705405774712776,10,Eliminated,Eliminated,False,False,False
30,6,Amanda Kloots,False,rank,percentage,38.0,4,0.06529299345483111,9,Safe,Safe,False,False,False
30,7,Melora Hardin,False,rank,percentage,38.0,4,0.12997083406528576,2,Safe,Safe,False,False,False
30,7,"Mike ""The Miz"" Mizanin",False,rank,percentage,32.0,9,0.029385757281087947,9,Eliminated,Eliminated,False,False,False
30,7,Suni Lee,False,rank,percentage,34.0,8,0.12448875640018953,5,Safe,Safe,False,False,False
30,7,Iman Shumpert,False,rank,percentage,34.0,8,0.17489667034859702,1,Safe,Safe,False,False,False
30,7,Cody Rigsby,False,rank,percentage,36.0,5,0.07443495145313955,8,Safe,Safe,False,False,False
30,7,Jimmie Allen,False,rank,percentage,38.0,4,0.1085271813662398,6,Safe,Safe,False,False,False
30,7,Olivia Jade,False,rank,percentage,42.0,1,0.10158424455900264,7,Safe,Safe,False,False,False
30,7,JoJo Siwa,False,rank,percentage,39.0,2,0.12700336817005778,4,Safe,Safe,False,False,False
30,7,Amanda Kloots,False,rank,percentage,34.0,8,0.12970823635640072,3,Safe,Safe,False,False,False
30,8,Melora Hardin,False,rank,percentage,42.0,3,0.13438590652527654,4,Safe,Safe,True,False,False
30,8,Suni Lee,False,rank,percentage,42.0,3,0.12661246615961236,6,Safe,Safe,True,False,False
30,8,Iman Shumpert,False,rank,percentage,35.0,7,0.13053750258155183,5,Safe,Safe,True,False,False
30,8,Cody Rigsby,False,rank,percentage,38.0,5,0.20648004671892417,1,Safe,Safe,True,False,False
30,8,Jimmie Allen,False,rank,percentage,32.0,8,0.059394793120570694,7,Eliminated,Safe,True,False,False
30,8,Olivia Jade,False,rank,percentage,36.0,6,0.03683713596736293,8,Safe,Eliminated,True,False,True
30,8,JoJo Siwa,False,rank,percentage,41.0,4,0.14080697979592274,3,Safe,Safe,True,False,False
30,8,Amanda Kloots,False,rank,percentage,42.0,3,0.16494516913077897,2,Safe,Safe,True,False,False
30,9,Melora Hardin,False,rank,percentage,36.0,5,0.07056447924926808,5,Safe,Safe,False,False,False
30,9,Suni Lee,False,rank,percentage,37.5,4,0.05774453638755015,6,Eliminated,Eliminated,False,False,False
30,9,Iman Shumpert,False,rank,percentage,37.5,4,0.1579970412226736,4,Safe,Safe,False,False,False
30,9,Cody Rigsby,False,rank,percentage,35.5,6,0.2510379691131928,2,Safe,Safe,False,False,False
30,9,JoJo Siwa,False,rank,percentage,40.0,1,0.29775380921128075,1,Safe,Safe,False,False,False
30,9,Amanda Kloots,False,rank,percentage,39.5,2,0.16490216481603645,3,Safe,Safe,False,False,False
31,1,Jason Lewis,False,rank,percentage,18.0,15,0.0005869829297469549,16,Eliminated,Eliminated,False,False,False
31,1,Cheryl Ladd,False,rank,percentage,21.0,11,0.03685534533449658,14,Safe,Safe,False,False,False
31,1,Selma Blair,False,rank,percentage,28.0,5,0.0460258767332265,11,Safe,Safe,False,False,False
31,1,Joseph Baena,False,rank,percentage,23.0,9,0.04119265259756049,12,Safe,Safe,False,False,False
31,1,Trevor Donovan,False,rank,percentage,21.0,11,0.04654665573944864,10,Safe,Safe,False,False,False
31,1,Daniel Durant,False,rank,percentage,27.0,6,0.07648106741510985,3,Safe,Safe,False,False,False
31,1,Wayne Brady,False,rank,percentage,29.0,2,0.1275181835211857,2,Safe,Safe,False,False,False
31,1,Sam Champion,False,rank,percentage,20.0,14,0.06495317544832652,5,Safe,Safe,False,False,False
31,1,Jessie James Decker,False,rank,percentage,20.0,14,0.22677180460592514,1,Safe,Safe,False,False,False
31,1,Jordin Sparks,False,rank,percentage,26.0,7,0.04704099299261909,9,Safe,Safe,False,False,False
31,1,Heidi D'Amelio,False,rank,percentage,24.0,8,0.049916748388666714,7,Safe,Safe,False,False,False
31,1,Charli D'Amelio,False,rank,percentage,32.0,1,0.05951262254812754,6,Safe,Safe,False,False,False
31,1,Teresa Giudice,False,rank,percentage,20.0,14,0.06503390738464415,4,Safe,Safe,False,False,False
31,1,Vinny Guadagnino,False,rank,percentage,17.0,16,0.0493903258447042,8,Safe,Safe,False,False,False
31,1,Shangela,False,rank,percentage,28.0,5,0.02425517873069419,15,Safe,Safe,False,False,False
31,1,Gabby Windey,False,rank,percentage,28.0,5,0.03791847978551855,13,Safe,Safe,False,False,False
31,2,Cheryl Ladd,False,rank,percentage,21.0,15,0.05870633811277893,7,Safe,Safe,False,False,False
31,2,Selma Blair,False,rank,percentage,28.0,8,0.14322205677931665,1,Safe,Safe,False,False,False
31,2,Joseph Baena,False,rank,percentage,24.0,13,0.06849381418505156,5,Safe,Safe,False,False,False
31,2,Trevor Donovan,False,rank,percentage,30.0,4,0.05855782585468042,8,Safe,Safe,False,False,False
31,2,Daniel Durant,False,rank,percentage,29.0,5,0.05626234051946003,10,Safe,Safe,False,False,False
31,2,Wayne Brady,False,rank,percentage,32.0,3,0.04822422373801852,13,Safe,Safe,False,False,False
31,2,Sam Champion,False,rank,percentage,26.0,11,0.12008302882835721,2,Safe,Safe,False,False,False
31,2,Jessie James Decker,False,rank,percentage,25.0,12,0.06045015840245684,6,Safe,Safe,False,False,False
31,2,Jordin Sparks,False,rank,percentage,27.0,10,0.04947947794060143,12,Safe,Safe,False,False,False
31,2,Heidi D'Amelio,False,rank,percentage,28.0,8,0.05106579013193792,11,Safe,Safe,False,False,False
31,2,Charli D'Amelio,False,rank,percentage,32.0,3,0.11256219556451032,3,Safe,Safe,False,False,False
31,2,Teresa Giudice,False,rank,percentage,23.0,14,0.013513823710294253,15,Eliminated,Eliminated,False,False,False
31,2,Vinny Guadagnino,False,rank,percentage,27.0,10,0.07006746655524038,4,Safe,Safe,False,False,False
31,2,Shangela,False,rank,percentage,28.0,8,0.056335975406980814,9,Safe,Safe,False,False,False
31,2,Gabby Windey,False,rank,percentage,32.0,3,0.03297548427031442,14,Safe,Safe,False,False,False
31,3,Cheryl Ladd,False,rank,percentage,24.0,13,0.014864211589620823,14,Eliminated,Eliminated,False,False,False
31,3,Selma Blair,False,rank,percentage,28.0,9,0.04752998469021945,12,Safe,Safe,False,False,False
31,3,Joseph Baena,False,rank,percentage,29.0,8,0.09449814632879412,3,Safe,Safe,False,False,False
31,3,Trevor Donovan,False,rank,percentage,27.0,10,0.055014307249809526,10,Safe,Safe,False,False,False
31,3,Daniel Durant,False,rank,percentage,31.0,5,0.12022654453382296,1,Safe,Safe,False,False,False
31,3,Wayne Brady,False,rank,percentage,33.0,3,0.053965913482012066,11,Safe,Safe,False,False,False
31,3,Sam Champion,False,rank,percentage,25.0,12,0.08950452270505424,4,Safe,Safe,False,False,False
31,3,Jessie James Decker,False,rank,percentage,26.0,11,0.07277117157192303,8,Safe,Safe,False,False,False
31,3,Jordin Sparks,False,rank,percentage,29.0,8,0.0706113073951053,9,Safe,Safe,False,False,False
31,3,Heidi D'Amelio,False,rank,percentage,32.0,4,0.07638964024864862,6,Safe,Safe,False,False,False
31,3,Charli D'Amelio,False,rank,percentage,33.0,3,0.07453604008175398,7,Safe,Safe,False,False,False
31,3,Vinny Guadagnino,False,rank,percentage,23.0,14,0.11317647603476874,2,Safe,Safe,False,False,False
31,3,Shangela,False,rank,percentage,30.0,6,0.0768743440269669,5,Safe,Safe,False,False,False
31,3,Gabby Windey,False,rank,percentage,33.0,3,0.040037390061501164,13,Safe,Safe,False,False,False
31,4,Selma Blair,False,rank,percentage,32.0,7,0.046311571905675745,11,Safe,Safe,False,False,False
31,4,Joseph Baena,False,rank,percentage,28.0,12,0.09325084587185559,3,Safe,Safe,False,False,False
31,4,Trevor Donovan,False,rank,percentage,28.0,12,0.09028103496031506,4,Safe,Safe,False,False,False
31,4,Daniel Durant,False,rank,percentage,29.0,10,0.07468796293571052,5,Safe,Safe,False,False,False
31,4,Wayne Brady,False,rank,percentage,36.0,3,0.05473558981577052,10,Safe,Safe,False,False,False
31,4,Sam Champion,False,rank,percentage,25.0,13,0.014449492046325736,13,Eliminated,Eliminated,False,False,False
31,4,Jessie James Decker,False,rank,percentage,31.0,8,0.10429956548810512,2,Safe,Safe,False,False,False
31,4,Jordin Sparks,False,rank,percentage,34.0,5,0.06702177431929558,6,Safe,Safe,False,False,False
31,4,Heidi D'Amelio,False,rank,percentage,34.0,5,0.23179404371037415,1,Safe,Safe,False,False,False
31,4,Charli D'Amelio,False,rank,percentage,36.0,3,0.05724205380280242,9,Safe,Safe,False,False,False
31,4,Vinny Guadagnino,False,rank,percentage,29.0,10,0.0417406729304285,12,Safe,Safe,False,False,False
31,4,Shangela,False,rank,percentage,32.0,7,0.05761243601714639,8,Safe,Safe,False,False,False
31,4,Gabby Windey,False,rank,percentage,36.0,3,0.06657295619619341,7,Safe,Safe,False,False,False
31,5,Selma Blair,False,rank,percentage,40.0,4,0.045715771024581534,11,Safe,Safe,False,False,False
31,5,Joseph Baena,False,rank,percentage,35.0,10,0.01772761250266379,12,Eliminated,Eliminated,False,False,False
31,5,Trevor Donovan,False,rank,percentage,36.0,8,0.09617513125066522,3,Safe,Safe,False,False,False
31,5,Daniel Durant,False,rank,percentage,33.5,11,0.07242010873583937,8,Safe,Safe,False,False,False
31,5,Wayne Brady,False,rank,percentage,41.0,3,0.06324036384027895,10,Safe,Safe,False,False,False
31,5,Jessie James Decker,False,rank,percentage,36.0,8,0.08210011314674448,5,Safe,Safe,False,False,False
31,5,Jordin Sparks,False,rank,percentage,35.5,9,0.10739985773470101,2,Safe,Safe,False,False,False
31,5,Heidi D'Amelio,False,rank,percentage,39.0,5,0.07084611888309066,9,Safe,Safe,False,False,False
31,5,Charli D'Amelio,False,rank,percentage,42.0,1,0.07834498311755721,7,Safe,Safe,False,False,False
31,5,Vinny Guadagnino,False,rank,percentage,31.0,12,0.19822466232488,1,Safe,Safe,False,False,False
31,5,Shangela,False,rank,percentage,38.5,6,0.08745353969948766,4,Safe,Safe,False,False,False
31,5,Gabby Windey,False,rank,percentage,41.0,3,0.08035173773950838,6,Safe,Safe,False,False,False
31,6,Trevor Donovan,False,rank,percentage,34.0,8,0.09596079213250137,5,Safe,Safe,False,False,False
31,6,Daniel Durant,False,rank,percentage,34.0,8,0.10727247379592435,4,Safe,Safe,False,False,False
31,6,Wayne Brady,False,rank,percentage,34.0,8,0.24763842393025665,1,Safe,Safe,False,False,False
31,6,Jessie James Decker,False,rank,percentage,32.0,9,0.020052242675391952,10,Eliminated,Eliminated,False,False,False
31,6,Jordin Sparks,False,rank,percentage,34.0,8,0.09005800389282297,6,Safe,Safe,False,False,False
31,6,Heidi D'Amelio,False,rank,percentage,36.0,4,0.08112222364974228,7,Safe,Safe,False,False,False
31,6,Charli D'Amelio,False,rank,percentage,40.0,1,0.07727346070182146,8,Safe,Safe,False,False,False
31,6,Vinny Guadagnino,False,rank,percentage,28.0,10,0.11849460489879145,2,Safe,Safe,False,False,False
31,6,Shangela,False,rank,percentage,36.0,4,0.04436943705817364,9,Safe,Safe,False,False,False
31,6,Gabby Windey,False,rank,percentage,37.0,2,0.11775833726457305,3,Safe,Safe,False,False,False
31,7,Trevor Donovan,False,rank,percentage,39.0,2,0.0658169136866788,8,Safe,Safe,False,False,False
31,7,Daniel Durant,False,rank,percentage,36.5,5,0.08371383568651644,5,Safe,Safe,False,False,False
31,7,Wayne Brady,False,rank,percentage,38.0,3,0.078100454229042,7,Safe,Safe,False,False,False
31,7,Jordin Sparks,False,rank,percentage,34.5,8,0.028121295192305336,9,Eliminated,Eliminated,False,False,False
31,7,Heidi D'Amelio,False,rank,percentage,35.0,7,0.2856728200867893,1,Safe,Safe,False,False,False
31,7,Charli D'Amelio,False,rank,percentage,39.0,2,0.11790167224466608,3,Safe,Safe,False,False,False
31,7,Vinny Guadagnino,False,rank,percentage,31.5,9,0.11071350031012027,4,Safe,Safe,False,False,False
31,7,Shangela,False,rank,percentage,36.5,5,0.14804105829339084,2,Safe,Safe,False,False,False
31,7,Gabby Windey,False,rank,percentage,35.5,6,0.081918450270491,6,Safe,Safe,False,False,False
31,8,Trevor Donovan,False,rank,percentage,39.0,6,0.15913521755049798,3,Safe,Safe,False,False,False
31,8,Daniel Durant,False,rank,percentage,39.0,6,0.1913716876289097,1,Safe,Safe,False,False,False
31,8,Wayne Brady,False,rank,percentage,45.0,2,0.10241415870106325,6,Safe,Safe,False,False,False
31,8,Heidi D'Amelio,False,rank,percentage,35.0,7,0.06399776509178183,7,Safe,Safe,False,False,False
31,8,Charli D'Amelio,False,rank,percentage,45.0,2,0.11743775409614293,5,Safe,Safe,False,False,False
31,8,Vinny Guadagnino,False,rank,percentage,29.0,8,0.0600670996619112,8,Eliminated,Eliminated,False,False,False
31,8,Shangela,False,rank,percentage,42.0,3,0.1723012936923424,2,Safe,Safe,False,False,False
31,8,Gabby Windey,False,rank,percentage,40.0,4,0.1332750235773509,4,Safe,Safe,False,False,False
31,9,Trevor Donovan,False,rank,percentage,32.5,6,0.07087332003625459,6,Eliminated,Eliminated,False,False,False
31,9,Daniel Durant,False,rank,percentage,34.5,5,0.09169658299630472,4,Safe,Safe,False,False,False
31,9,Wayne Brady,False,rank,percentage,36.5,4,0.3974052707641464,1,Safe,Safe,False,False,False
31,9,Charli D'Amelio,False,rank,percentage,40.0,2,0.1187713442841447,3,Safe,Safe,False,False,False
31,9,Shangela,False,rank,percentage,36.5,4,0.2333982129268906,2,Safe,Safe,False,False,False
31,9,Gabby Windey,False,rank,percentage,40.0,2,0.08785526899226018,5,Safe,Safe,False,False,False
32,1,Jamie Lynn Spears,False,rank,percentage,15.0,10,0.061127354122656616,10,Safe,Safe,False,False,False
32,1,Mira Sorvino,False,rank,percentage,17.0,7,0.0859333944172625,3,Safe,Safe,False,False,False
32,1,Barry Williams,False,rank,percentage,16.0,8,0.07541869919150303,5,Safe,Safe,False,False,False
32,1,Alyson Hannigan,False,rank,percentage,13.0,11,0.06588830565372741,9,Safe,Safe,False,False,False
32,1,Xochitl Gomez,False,rank,percentage,18.0,6,0.06962185550073703,7,Safe,Safe,False,False,False
32,1,Adrian Peterson,False,rank,percentage,18.0,6,0.057559826140140956,12,Safe,Safe,False,False,False
32,1,Matt Walsh,False,rank,percentage,12.0,14,0.018436895332525086,14,Eliminated,Eliminated,False,False,False
32,1,Tyson Beckford,False,rank,percentage,12.0,14,0.06940975528714145,8,Safe,Safe,False,False,False
32,1,Jason Mraz,False,rank,percentage,21.0,3,0.07273054093551878,6,Safe,Safe,False,False,False
32,1,Lele Pons,False,rank,percentage,19.0,4,0.057644895243668656,11,Safe,Safe,False,False,False
32,1,Harry Jowsey,False,rank,percentage,12.0,14,0.10179103384889593,2,Safe,Safe,False,False,False
32,1,Mauricio Umansky,False,rank,percentage,15.0,10,0.05507848884243155,13,Safe,Safe,False,False,False
32,1,Charity Lawson,False,rank,percentage,22.0,1,0.07786307926707423,4,Safe,Safe,False,False,False
32,1,Ariana Madix,False,rank,percentage,21.0,3,0.13149587621671638,1,Safe,Safe,False,False,False
32,2,Jamie Lynn Spears,False,rank,percentage,16.0,9,0.009938682786087373,13,Eliminated,Eliminated,False,False,False
32,2,Mira Sorvino,False,rank,percentage,18.0,8,0.0815339440691683,7,Safe,Safe,False,False,False
32,2,Barry Williams,False,rank,percentage,15.0,12,0.09186982127275777,4,Safe,Safe,False,False,False
32,2,Alyson Hannigan,False,rank,percentage,19.0,6,0.0520471081855772,10,Safe,Safe,False,False,False
32,2,Xochitl Gomez,False,rank,percentage,24.0,2,0.076230386770249,8,Safe,Safe,False,False,False
32,2,Adrian Peterson,False,rank,percentage,15.0,12,0.09962905638151016,3,Safe,Safe,False,False,False
32,2,Tyson Beckford,False,rank,percentage,18.0,8,0.10983167461505955,2,Safe,Safe,False,False,False
32,2,Jason Mraz,False,rank,percentage,24.0,2,0.06936802010229015,9,Safe,Safe,False,False,False
32,2,Lele Pons,False,rank,percentage,21.0,4,0.04019617524452607,12,Safe,Safe,False,False,False
32,2,Harry Jowsey,False,rank,percentage,15.0,12,0.14703640891861097,1,Safe,Safe,False,False,False
32,2,Mauricio Umansky,False,rank,percentage,12.0,13,0.0837057193690991,6,Safe,Safe,False,False,False
32,2,Charity Lawson,False,rank,percentage,21.0,4,0.05196963838777373,11,Safe,Safe,False,False,False
32,2,Ariana Madix,False,rank,percentage,20.0,5,0.08664336389729083,5,Safe,Safe,False,False,False
32,3,Mira Sorvino,False,rank,percentage,26.0,6,0.07474512060612883,8,Safe,Safe,False,False,False
32,3,Barry Williams,False,rank,percentage,25.0,7,0.09187501924992467,4,Safe,Safe,False,False,False
32,3,Alyson Hannigan,False,rank,percentage,24.0,9,0.07513468285410539,7,Safe,Safe,False,False,False
32,3,Xochitl Gomez,False,rank,percentage,32.0,4,0.15418219703648692,1,Safe,Safe,False,False,False
32,3,Adrian Peterson,False,rank,percentage,22.0,11,0.08468000667588936,5,Safe,Safe,False,False,False
32,3,Tyson Beckford,False,rank,percentage,20.0,12,0.026423594720490846,12,Eliminated,Eliminated,False,False,False
32,3,Jason Mraz,False,rank,percentage,34.0,2,0.11807297180598482,2,Safe,Safe,False,False,False
32,3,Lele Pons,False,rank,percentage,27.0,5,0.058923110818524534,11,Safe,Safe,False,False,False
32,3,Harry Jowsey,False,rank,percentage,24.0,9,0.08281984842507877,6,Safe,Safe,False,False,False
32,3,Mauricio Umansky,False,rank,percentage,23.0,10,0.06952969866264572,9,Safe,Safe,False,False,False
32,3,Charity Lawson,False,rank,percentage,32.0,4,0.10436339983527487,3,Safe,Safe,False,False,False
32,3,Ariana Madix,False,rank,percentage,34.0,2,0.05925034930946491,10,Safe,Safe,False,False,False
32,4,Mira Sorvino,False,rank,percentage,21.0,8,0.08061947871555705,9,Safe,Safe,False,False,False
32,4,Barry Williams,False,rank,percentage,18.0,11,0.09075351846396482,6,Safe,Safe,False,False,False
32,4,Alyson Hannigan,False,rank,percentage,18.0,11,0.09180457360872966,5,Safe,Safe,False,False,False
32,4,Xochitl Gomez,False,rank,percentage,27.0,1,0.08846413007625654,8,Safe,Safe,False,False,False
32,4,Adrian Peterson,False,rank,percentage,21.0,8,0.015960128670681837,11,Eliminated,Eliminated,False,False,False
32,4,Jason Mraz,False,rank,percentage,24.0,4,0.12658059862016288,2,Safe,Safe,False,False,False
32,4,Lele Pons,False,rank,percentage,22.0,5,0.08938719810174069,7,Safe,Safe,False,False,False
32,4,Harry Jowsey,False,rank,percentage,21.0,8,0.15508852847196844,1,Safe,Safe,False,False,False
32,4,Mauricio Umansky,False,rank,percentage,19.0,9,0.09261238207485445,4,Safe,Safe,False,False,False
32,4,Charity Lawson,False,rank,percentage,24.0,4,0.12468050241606879,3,Safe,Safe,False,False,False
32,4,Ariana Madix,False,rank,percentage,25.0,2,0.044048960780015786,10,Safe,Safe,False,False,False
32,5,Mira Sorvino,False,rank,percentage,22.0,8,0.017659890946076628,10,Eliminated,Eliminated,False,False,False
32,5,Barry Williams,False,rank,percentage,24.0,7,0.13286493984972383,2,Safe,Safe,False,False,False
32,5,Alyson Hannigan,False,rank,percentage,21.0,9,0.09574874326273941,5,Safe,Safe,False,False,False
32,5,Xochitl Gomez,False,rank,percentage,28.0,2,0.06027630350442504,9,Safe,Safe,False,False,False
32,5,Jason Mraz,False,rank,percentage,27.0,3,0.12413303567188391,3,Safe,Safe,False,False,False
32,5,Lele Pons,False,rank,percentage,24.0,7,0.08248431858227706,6,Safe,Safe,False,False,False
32,5,Harry Jowsey,False,rank,percentage,18.0,10,0.0997637823334083,4,Safe,Safe,False,False,False
32,5,Mauricio Umansky,False,rank,percentage,24.0,7,0.07884796993979865,7,Safe,Safe,False,False,False
32,5,Charity Lawson,False,rank,percentage,28.0,2,0.07224505811545678,8,Safe,Safe,False,False,False
32,5,Ariana Madix,False,rank,percentage,24.0,7,0.23597595779421046,1,Safe,Safe,False,False,False
32,6,Barry Williams,False,rank,percentage,32.0,7,0.13946840955827158,3,Safe,Safe,False,False,False
32,6,Alyson Hannigan,False,rank,percentage,31.0,8,0.1494529928446849,2,Safe,Safe,False,False,False
32,6,Xochitl Gomez,False,rank,percentage,42.0,1,0.10847830239258878,5,Safe,Safe,False,False,False
32,6,Jason Mraz,False,rank,percentage,39.0,3,0.07492845970227437,7,Safe,Safe,False,False,False
32,6,Lele Pons,False,rank,percentage,37.0,5,0.2077513456288283,1,Safe,Safe,False,False,False
32,6,Harry Jowsey,False,rank,percentage,29.0,9,0.13492823380868924,4,Safe,Safe,False,False,False
32,6,Mauricio Umansky,False,rank,percentage,33.0,6,0.026678635131961035,9,Eliminated,Eliminated,False,False,False
32,6,Charity Lawson,False,rank,percentage,38.0,4,0.08561102170854969,6,Safe,Safe,False,False,False
32,6,Ariana Madix,False,rank,percentage,41.0,2,0.07270259922415206,8,Safe,Safe,False,False,False
32,7,Barry Williams,False,rank,percentage,32.5,7,0.14201032294087973,3,Safe,Safe,True,False,False
32,7,Alyson Hannigan,False,rank,percentage,35.0,6,0.15853020331785872,2,Safe,Safe,True,False,False
32,7,Xochitl Gomez,False,rank,percentage,37.0,2,0.11460600846201861,5,Safe,Safe,True,False,False
32,7,Jason Mraz,False,rank,percentage,36.0,5,0.11253101209755824,6,Safe,Safe,True,False,False
32,7,Lele Pons,False,rank,percentage,36.5,3,0.025454582920955128,8,Safe,Eliminated,True,False,True
32,7,Harry Jowsey,False,rank,percentage,32.0,8,0.23980242719353853,1,Safe,Safe,True,False,False
32,7,Charity Lawson,False,rank,percentage,36.0,5,0.07681232454273271,7,Eliminated,Safe,True,False,False
32,7,Ariana Madix,False,rank,percentage,37.0,2,0.13025311852445595,4,Safe,Safe,True,False,False
32,8,Barry Williams,False,rank,percentage,35.0,5,0.04590263036591261,7,Eliminated,Eliminated,False,False,False
32,8,Alyson Hannigan,False,rank,percentage,36.0,4,0.15690722570102747,3,Safe,Safe,False,False,False
32,8,Xochitl Gomez,False,rank,percentage,40.0,2,0.13213383538250303,5,Safe,Safe,False,False,False
32,8,Jason Mraz,False,rank,percentage,33.0,6,0.13330312304748415,4,Safe,Safe,False,False,False
32,8,Harry Jowsey,False,rank,percentage,28.0,7,0.2031045531176119,2,Safe,Safe,False,False,False
32,8,Charity Lawson,False,rank,percentage,39.0,3,0.09801265926332625,6,Safe,Safe,False,False,False
32,8,Ariana Madix,False,rank,percentage,42.0,1,0.2306359731221348,1,Safe,Safe,False,False,False
32,9,Alyson Hannigan,False,rank,percentage,32.0,5,0.22841575209879394,2,Safe,Safe,False,False,False
32,9,Xochitl Gomez,False,rank,percentage,41.0,2,0.12994289223023073,4,Safe,Safe,False,False,False
32,9,Jason Mraz,False,rank,percentage,43.0,1,0.06611717792426997,5,Safe,Safe,False,False,False
32,9,Harry Jowsey,False,rank,percentage,30.0,6,0.04945882882509403,6,Eliminated,Eliminated,False,False,False
32,9,Charity Lawson,False,rank,percentage,38.0,3,0.37844669628370986,1,Safe,Safe,False,False,False
32,9,Ariana Madix,False,rank,percentage,37.0,4,0.1476186526379013,3,Safe,Safe,False,False,False
33,2,Tori Spelling,False,rank,percentage,19.0,10,0.015288642712885107,13,Eliminated,Eliminated,False,False,False
33,2,Eric Roberts,False,rank,percentage,15.0,13,0.1000024587882212,4,Safe,Safe,False,False,False
33,2,Reginald VelJohnson,False,rank,percentage,15.0,13,0.08087828939353557,7,Safe,Safe,False,False,False
33,2,Chandler Kinney,False,rank,percentage,24.0,1,0.1054899714525438,3,Safe,Safe,False,False,False
33,2,Dwight Howard ,False,rank,percentage,22.0,4,0.11411255668842266,1,Safe,Safe,False,False,False
33,2,Danny Amendola,False,rank,percentage,21.0,7,0.09284213494680314,5,Safe,Safe,False,False,False
33,2,Stephen Nedoroscik,False,rank,percentage,22.0,4,0.06831739310096661,8,Safe,Safe,False,False,False
33,2,Ilona Maher,False,rank,percentage,21.0,7,0.06793210659110106,9,Safe,Safe,False,False,False
33,2,Anna Delvey,False,rank,percentage,17.0,11,0.024248895004504105,12,Safe,Safe,False,False,False
33,2,Brooks Nader,False,rank,percentage,20.0,8,0.11267281057411502,2,Safe,Safe,False,False,False
33,2,Phaedra Parks,False,rank,percentage,21.0,7,0.0860532333790563,6,Safe,Safe,False,False,False
33,2,Jenn Tran,False,rank,percentage,19.0,10,0.0650125485660966,11,Safe,Safe,False,False,False
33,2,Joey Graziadei,False,rank,percentage,22.0,4,0.0671489588017498,10,Safe,Safe,False,False,False
33,3,Eric Roberts,False,rank,percentage,23.0,10,0.03350239916634564,11,Eliminated,Eliminated,False,False,False
33,3,Reginald VelJohnson,False,rank,percentage,21.0,11,0.05293696018315284,9,Safe,Safe,False,False,False
33,3,Chandler Kinney,False,rank,percentage,34.5,2,0.05471941260725805,8,Safe,Safe,False,False,False
33,3,Dwight Howard ,False,rank,percentage,26.0,9,0.15044973665578887,1,Safe,Safe,False,False,False
33,3,Danny Amendola,False,rank,percentage,30.0,6,0.136381881015868,3,Safe,Safe,False,False,False
33,3,Stephen Nedoroscik,False,rank,percentage,31.0,4,0.08950989290457897,5,Safe,Safe,False,False,False
33,3,Ilona Maher,False,rank,percentage,28.0,8,0.1379447360364883,2,Safe,Safe,False,False,False
33,3,Brooks Nader,False,rank,percentage,30.5,5,0.07873632857045296,7,Safe,Safe,False,False,False
33,3,Phaedra Parks,False,rank,percentage,28.0,8,0.07975416954357512,6,Safe,Safe,False,False,False
33,3,Jenn Tran,False,rank,percentage,31.0,4,0.052123066058495815,10,Safe,Safe,False,False,False
33,3,Joey Graziadei,False,rank,percentage,35.0,1,0.13394141725799524,4,Safe,Safe,False,False,False
33,4,Chandler Kinney,False,rank,percentage,32.0,8,0.10386394796647892,5,Safe,Safe,False,False,False
33,4,Dwight Howard ,False,rank,percentage,29.0,9,0.16459853480614908,2,Safe,Safe,False,False,False
33,4,Danny Amendola,False,rank,percentage,36.0,2,0.07439467161390886,8,Safe,Safe,False,False,False
33,4,Stephen Nedoroscik,False,rank,percentage,33.0,3,0.17131221646818726,1,Safe,Safe,False,False,False
33,4,Ilona Maher,False,rank,percentage,32.0,8,0.12946982796060177,4,Safe,Safe,False,False,False
33,4,Brooks Nader,False,rank,percentage,32.0,8,0.03494278994032612,9,Eliminated,Eliminated,False,False,False
33,4,Phaedra Parks,False,rank,percentage,32.0,8,0.07519941774604816,7,Safe,Safe,False,False,False
33,4,Jenn Tran,False,rank,percentage,32.0,8,0.1434557059142259,3,Safe,Safe,False,False,False
33,4,Joey Graziadei,False,rank,percentage,36.0,2,0.10276288758407305,6,Safe,Safe,False,False,False
33,5,Chandler Kinney,False,rank,percentage,27.0,1,0.05712680412395365,7,Safe,Safe,False,False,False
33,5,Dwight Howard ,False,rank,percentage,24.0,8,0.11951475544199022,3,Safe,Safe,False,False,False
33,5,Danny Amendola,False,rank,percentage,25.5,5,0.17716624238762654,2,Safe,Safe,False,False,False
33,5,Stephen Nedoroscik,False,rank,percentage,24.0,8,0.323058176873319,1,Safe,Safe,False,False,False
33,5,Ilona Maher,False,rank,percentage,26.0,3,0.11151823170543682,4,Safe,Safe,False,False,False
33,5,Phaedra Parks,False,rank,percentage,24.0,8,0.0435084229892677,8,Eliminated,Eliminated,False,False,False
33,5,Jenn Tran,False,rank,percentage,25.5,5,0.07144111911556274,6,Safe,Safe,False,False,False
33,5,Joey Graziadei,False,rank,percentage,26.0,3,0.09666624736284316,5,Safe,Safe,False,False,False
33,6,Chandler Kinney,False,rank,percentage,32.0,2,0.07059492434063025,6,Safe,Safe,False,False,False
33,6,Dwight Howard ,False,rank,percentage,31.0,4,0.28862426264626917,1,Safe,Safe,False,False,False
33,6,Danny Amendola,False,rank,percentage,28.0,6,0.21533239028777942,2,Safe,Safe,False,False,False
33,6,Stephen Nedoroscik,False,rank,percentage,28.0,6,0.09985997991915374,5,Safe,Safe,False,False,False
33,6,Ilona Maher,False,rank,percentage,24.0,7,0.16282074410819142,3,Safe,Safe,False,False,False
33,6,Jenn Tran,False,rank,percentage,31.0,4,0.026652302999340172,7,Eliminated,Eliminated,False,False,False
33,6,Joey Graziadei,False,rank,percentage,32.0,2,0.13611539569863615,4,Safe,Safe,False,False,False
33,7,Chandler Kinney,False,rank,percentage,30.0,1,0.19203882857348314,3,Safe,Safe,False,False,False
33,7,Dwight Howard ,False,rank,percentage,24.0,6,0.07390626543305519,6,Eliminated,Eliminated,False,False,False
33,7,Danny Amendola,False,rank,percentage,25.5,5,0.23842808526767295,1,Safe,Safe,False,False,False
33,7,Stephen Nedoroscik,False,rank,percentage,27.0,3,0.14292768720452134,4,Safe,Safe,False,False,False
33,7,Ilona Maher,False,rank,percentage,26.0,4,0.22266696487213453,2,Safe,Safe,False,False,False
33,7,Joey Graziadei,False,rank,percentage,27.5,2,0.13003216864913228,5,Safe,Safe,False,False,False
34,2,Corey Feldman,False,rank,percentage,15.0,14,0.012763418314630608,13,Eliminated,Eliminated,False,False,False
34,2,Danielle Fishel,False,rank,percentage,19.0,10,0.046628539525444976,12,Safe,Safe,False,False,False
34,2,Elaine Hendrix,False,rank,percentage,21.0,8,0.05451814973451229,10,Safe,Safe,False,False,False
34,2,Baron Davis,False,rank,percentage,18.0,12,0.010606377133052784,14,Safe,Safe,False,False,False
34,2,Jordan Chiles,False,rank,percentage,22.0,4,0.10803575227835466,2,Safe,Safe,False,False,False
34,2,Andy Richter,False,rank,percentage,16.0,13,0.14441493488909207,1,Safe,Safe,False,False,False
34,2,Robert Irwin,False,rank,percentage,22.0,4,0.05314536951850078,11,Safe,Safe,False,False,False
34,2,Hilaria Baldwin,False,rank,percentage,21.0,8,0.10595506831862131,3,Safe,Safe,False,False,False
34,2,Lauren Jauregui,False,rank,percentage,21.0,8,0.10460444619338571,4,Safe,Safe,False,False,False
34,2,Scott Hoying,False,rank,percentage,18.0,12,0.05831610316592088,9,Safe,Safe,False,False,False
34,2,Alix Earle,False,rank,percentage,21.0,8,0.0728361337555585,6,Safe,Safe,False,False,False
34,2,Jen Affleck,False,rank,percentage,22.0,4,0.06789267819946625,7,Safe,Safe,False,False,False
34,2,Whitney Leavitt,False,rank,percentage,22.0,4,0.06541974331676614,8,Safe,Safe,False,False,False
34,2,Dylan Efron,False,rank,percentage,20.0,9,0.09486328565669315,5,Safe,Safe,False,False,False
34,3,Danielle Fishel,False,rank,percentage,21.0,9,0.08193963654658709,4,Safe,Safe,False,False,False
34,3,Elaine Hendrix,False,rank,percentage,21.0,9,0.07240649676096877,9,Safe,Safe,False,False,False
34,3,Jordan Chiles,False,rank,percentage,24.0,2,0.12571467573827594,2,Safe,Safe,False,False,False
34,3,Andy Richter,False,rank,percentage,18.0,12,0.08104746142715025,5,Safe,Safe,False,False,False
34,3,Robert Irwin,False,rank,percentage,22.0,7,0.07771702335317153,6,Safe,Safe,False,False,False
34,3,Hilaria Baldwin,False,rank,percentage,22.0,7,0.07460100230492396,7,Safe,Safe,False,False,False
34,3,Lauren Jauregui,False,rank,percentage,18.0,12,0.0228880130474832,12,Eliminated,Eliminated,False,False,False
34,3,Scott Hoying,False,rank,percentage,22.0,7,0.07306770706695792,8,Safe,Safe,False,False,False
34,3,Alix Earle,False,rank,percentage,23.0,4,0.06586899637686493,11,Safe,Safe,False,False,False
34,3,Jen Affleck,False,rank,percentage,19.0,10,0.09178884652412411,3,Safe,Safe,False,False,False
34,3,Whitney Leavitt,False,rank,percentage,24.0,2,0.06950745397413968,10,Safe,Safe,False,False,False
34,3,Dylan Efron,False,rank,percentage,23.0,4,0.16345268687935183,1,Safe,Safe,False,False,False
34,4,Danielle Fishel,False,rank,percentage,21.0,10,0.18933457680582422,1,Safe,Safe,False,False,False
34,4,Elaine Hendrix,False,rank,percentage,24.0,4,0.07029762112081103,9,Safe,Safe,False,False,False
34,4,Jordan Chiles,False,rank,percentage,24.0,4,0.07849048036572707,6,Safe,Safe,False,False,False
34,4,Andy Richter,False,rank,percentage,18.0,11,0.13333212533402913,3,Safe,Safe,False,False,False
34,4,Robert Irwin,False,rank,percentage,22.0,8,0.14643961562503827,2,Safe,Safe,False,False,False
34,4,Hilaria Baldwin,False,rank,percentage,23.0,7,0.011006371529611763,11,Eliminated,Eliminated,False,False,False
34,4,Scott Hoying,False,rank,percentage,21.0,10,0.09509530381094,4,Safe,Safe,False,False,False
34,4,Alix Earle,False,rank,percentage,24.0,4,0.0744786843092031,7,Safe,Safe,False,False,False
34,4,Jen Affleck,False,rank,percentage,23.0,7,0.07034732596425432,8,Safe,Safe,False,False,False
34,4,Whitney Leavitt,False,rank,percentage,25.0,1,0.08349811840505475,5,Safe,Safe,False,False,False
34,4,Dylan Efron,False,rank,percentage,23.0,7,0.04767977672950528,10,Safe,Safe,False,False,False
34,6,Danielle Fishel,False,rank,percentage,36.0,5,0.07138809013276955,9,Safe,Safe,False,False,False
34,6,Elaine Hendrix,False,rank,percentage,36.0,5,0.13834419102065285,1,Safe,Safe,False,False,False
34,6,Jordan Chiles,False,rank,percentage,39.0,2,0.13488419427191223,2,Safe,Safe,False,False,False
34,6,Andy Richter,False,rank,percentage,27.0,10,0.12494963135461175,4,Safe,Safe,False,False,False
34,6,Robert Irwin,False,rank,percentage,36.0,5,0.10806780385839831,5,Safe,Safe,False,False,False
34,6,Scott Hoying,False,rank,percentage,28.0,9,0.03849019935310478,10,Eliminated,Eliminated,False,False,False
34,6,Alix Earle,False,rank,percentage,35.0,6,0.077413351501621,7,Safe,Safe,False,False,False
34,6,Jen Affleck,False,rank,percentage,32.0,8,0.10764600844931048,6,Safe,Safe,False,False,False
34,6,Whitney Leavitt,False,rank,percentage,39.0,2,0.07184806088856949,8,Safe,Safe,False,False,False
34,6,Dylan Efron,False,rank,percentage,32.0,8,0.12696846916904872,3,Safe,Safe,False,False,False
34,7,Danielle Fishel,False,rank,percentage,35.0,6,0.0661290674180338,7,Safe,Safe,False,False,False
34,7,Elaine Hendrix,False,rank,percentage,32.0,8,0.1385922382380892,3,Safe,Safe,False,False,False
34,7,Jordan Chiles,False,rank,percentage,38.0,5,0.08204634054665261,5,Safe,Safe,False,False,False
34,7,Andy Richter,False,rank,percentage,29.0,9,0.18042237469131253,2,Safe,Safe,False,False,False
34,7,Robert Irwin,False,rank,percentage,41.0,3,0.2931513411647025,1,Safe,Safe,False,False,False
34,7,Alix Earle,False,rank,percentage,43.0,1,0.0800236339856044,6,Safe,Safe,False,False,False
34,7,Jen Affleck,False,rank,percentage,34.0,7,0.020313734977599942,9,Eliminated,Eliminated,False,False,False
34,7,Whitney Leavitt,False,rank,percentage,42.0,2,0.08550786127197182,4,Safe,Safe,False,False,False
34,7,Dylan Efron,False,rank,percentage,38.0,5,0.053813407706032594,8,Safe,Safe,False,False,False
34,8,Danielle Fishel,False,rank,percentage,37.0,7,0.04405836057972968,8,Eliminated,Eliminated,False,False,False
34,8,Elaine Hendrix,False,rank,percentage,37.5,6,0.09507565591181215,6,Safe,Safe,False,False,False
34,8,Jordan Chiles,False,rank,percentage,39.0,2,0.07881969148194494,7,Safe,Safe,False,False,False
34,8,Andy Richter,False,rank,percentage,34.0,8,0.15416779270410935,2,Safe,Safe,False,False,False
34,8,Robert Irwin,False,rank,percentage,38.0,5,0.1424858243009728,4,Safe,Safe,False,False,False
34,8,Alix Earle,False,rank,percentage,38.5,3,0.10455514159655327,5,Safe,Safe,False,False,False
34,8,Whitney Leavitt,False,rank,percentage,39.5,1,0.22695411504240137,1,Safe,Safe,False,False,False
34,8,Dylan Efron,False,rank,percentage,38.0,5,0.15388341838247668,3,Safe,Safe,False,False,False
34,9,Elaine Hendrix,False,rank,percentage,36.0,6,0.2058243271437644,2,Safe,Safe,False,False,False
34,9,Jordan Chiles,False,rank,percentage,39.0,5,0.18207336423487444,3,Safe,Safe,False,False,False
34,9,Andy Richter,False,rank,percentage,29.0,7,0.06150831609540274,7,Eliminated,Eliminated,False,False,False
34,9,Robert Irwin,False,rank,percentage,42.0,3,0.09942258563957419,6,Safe,Safe,False,False,False
34,9,Alix Earle,False,rank,percentage,40.0,4,0.12279630559416539,4,Safe,Safe,False,False,False
34,9,Whitney Leavitt,False,rank,percentage,42.0,3,0.21851164030339798,1,Safe,Safe,False,False,False
34,9,Dylan Efron,False,rank,percentage,42.0,3,0.10986346098882123,5,Safe,Safe,False,False,False
34,10,Elaine Hendrix,False,rank,percentage,28.5,5,0.19314379901604306,2,Safe,Safe,False,False,False
34,10,Jordan Chiles,False,rank,percentage,28.5,5,0.17380132094352962,4,Safe,Safe,False,False,False
34,10,Robert Irwin,False,rank,percentage,29.5,1,0.10791382167358256,5,Safe,Safe,False,False,False
34,10,Alix Earle,False,rank,percentage,29.0,3,0.18605794420373556,3,Safe,Safe,False,False,False
34,10,Whitney Leavitt,False,rank,percentage,29.0,3,0.05605640393122802,6,Eliminated,Eliminated,False,False,False
34,10,Dylan Efron,False,rank,percentage,27.5,6,0.2830267102318804,1,Safe,Safe,False,False,False
