celebrity_name,ballroom_partner,celebrity_industry,celebrity_homestate,celebrity_homecountry/region,celebrity_age_during_season,season,results,placement,week1_judge1_score,week1_judge2_score,week1_judge3_score,week1_judge4_score,week2_judge1_score,week2_judge2_score,week2_judge3_score,week2_judge4_score,week3_judge1_score,week3_judge2_score,week3_judge3_score,week3_judge4_score,week4_judge1_score,week4_judge2_score,week4_judge3_score,week4_judge4_score,week5_judge1_score,week5_judge2_score,week5_judge3_score,week5_judge4_score,week6_judge1_score,week6_judge2_score,week6_judge3_score,week6_judge4_score,week7_judge1_score,week7_judge2_score,week7_judge3_score,week7_judge4_score,week8_judge1_score,week8_judge2_score,week8_judge3_score,week8_judge4_score,week9_judge1_score,week9_judge2_score,week9_judge3_score,week9_judge4_score,week10_judge1_score,week10_judge2_score,week10_judge3_score,week10_judge4_score,week11_judge1_score,week11_judge2_score,week11_judge3_score,week11_judge4_score,week1_avg_score,week2_avg_score,week3_avg_score,week4_avg_score,week5_avg_score,week6_avg_score,week7_avg_score,week8_avg_score,week9_avg_score,week10_avg_score,week11_avg_score,overall_avg_score,total_valid_weeks,mean_fan_vote,judges_score,is_eliminated,is_american,age_group,industry_performance
John O'Hurley,Charlotte Jorgensen,Actor/Actress,Maine,United States,50,1,2nd Place,2,7.0,7.0,6.0,,8.0,9.0,9.0,,9.0,8.0,7.0,,7.0,8.0,6.0,,9.0,9.0,9.0,,9.0,9.0,9.0,,,,,,,,,,,,,,,,,,,,,,6.666666666666667,8.666666666666666,8.0,7.0,9.0,9.0,,,,,,8.055555555555555,6,0.24102567389513752,25.0,False,1,40-50,5.4682266313525885
Kelly Monaco,Alec Mazo,Actor/Actress,Pennsylvania,United States,29,1,1st Place,1,5.0,4.0,4.0,,5.0,6.0,6.0,,6.0,7.0,8.0,,9.0,9.0,8.0,,8.5,7.5,7.5,,8.5,9.5,9.5,,,,,,,,,,,,,,,,,,,,,,4.333333333333333,5.666666666666667,7.0,8.666666666666666,7.833333333333333,9.166666666666666,,,,,,7.111111111111111,6,0.4158863833501658,23.0,False,1,<30,5.4682266313525885
Evander Holyfield,Edyta Sliwinska,Athlete,Alabama,United States,42,1,Eliminated Week 3,5,5.0,7.0,6.0,,5.0,4.0,5.0,,5.0,4.0,4.0,,0.0,0.0,0.0,,0.0,0.0,0.0,,0.0,0.0,0.0,,,,,,,,,,,,,,,,,,,,,,6.0,4.666666666666667,4.333333333333333,0.0,0.0,0.0,,,,,,2.5,6,0.1436551464047284,13.5,True,1,40-50,5.533598519758994
Rachel Hunter,Jonathan Roberts,Model,,New Zealand,35,1,Eliminated Week 4,4,7.0,6.0,7.0,,8.0,8.0,8.0,,8.0,9.0,9.0,,7.0,9.0,9.0,,0.0,0.0,0.0,,0.0,0.0,0.0,,,,,,,,,,,,,,,,,,,,,,6.666666666666667,8.0,8.666666666666666,8.333333333333334,0.0,0.0,,,,,,5.277777777777778,6,0.1607535442382935,25.0,True,0,30-40,3.2939875361457713
Joey McIntyre,Ashly DelGrosso,Singer/Rapper,Massachusetts,United States,32,1,3rd Place,3,7.0,7.0,6.0,,8.0,7.0,6.0,,7.0,7.0,8.0,,7.0,6.0,7.0,,8.5,7.0,7.0,,0.0,0.0,0.0,,,,,,,,,,,,,,,,,,,,,,6.666666666666667,7.0,7.333333333333333,6.666666666666667,7.5,0.0,,,,,,5.861111111111112,6,0.2254783824229831,21.375,False,1,30-40,5.2339473613181
Trista Sutter,Louis van Amstel,TV Personality,Indiana,United States,32,1,Eliminated Week 2,6,6.0,6.0,6.0,,6.0,7.0,6.0,,0.0,0.0,0.0,,0.0,0.0,0.0,,0.0,0.0,0.0,,0.0,0.0,0.0,,,,,,,,,,,,,,,,,,,,,,6.0,6.333333333333333,0.0,0.0,0.0,0.0,,,,,,2.0555555555555554,6,0.0439552585572132,19.0,True,1,30-40,5.1819820478416
Tatum O'Neal,Nick Kosovich,Actor/Actress,California,United States,42,2,Eliminated Week 2,9,7.0,8.0,8.0,,5.0,6.0,6.0,,0.0,0.0,0.0,,0.0,0.0,0.0,,0.0,0.0,0.0,,0.0,0.0,0.0,,0.0,0.0,0.0,,0.0,0.0,0.0,,,,,,,,,,,,,,7.666666666666667,5.666666666666667,0.0,0.0,0.0,0.0,0.0,0.0,,,,1.6666666666666667,8,0.06326507671187964,20.0,True,1,40-50,5.4682266313525885
Tia Carrere,Maksim Chmerkoskiy,Actor/Actress,Hawaii,United States,39,2,Eliminated Week 5,6,6.0,7.0,7.0,,7.0,8.0,7.0,,9.0,8.0,9.0,,9.0,8.0,8.0,,7.0,7.0,8.0,,0.0,0.0,0.0,,0.0,0.0,0.0,,0.0,0.0,0.0,,,,,,,,,,,,,,6.666666666666667,7.333333333333333,8.666666666666666,8.333333333333334,7.333333333333333,0.0,0.0,0.0,,,,4.791666666666667,8,0.1112872078573329,23.0,True,1,30-40,5.4682266313525885
George Hamilton,Edyta Sliwinska,Actor/Actress,Tennessee,United States,66,2,Eliminated Week 6,5,7.0,5.0,6.0,,8.0,7.0,7.0,,7.0,7.0,8.0,,7.0,7.0,7.0,,8.0,8.0,8.0,,8.0,7.0,8.0,,0.0,0.0,0.0,,0.0,0.0,0.0,,,,,,,,,,,,,,6.0,7.333333333333333,7.333333333333333,7.0,8.0,7.666666666666667,0.0,0.0,,,,5.416666666666666,8,0.14636494713691214,21.666666666666668,True,1,50+,5.4682266313525885
Lisa Rinna,Louis van Amstel,Actor/Actress,California,United States,42,2,Eliminated Week 7,4,5.0,7.0,7.0,,6.0,7.0,7.0,,8.0,8.0,9.0,,9.0,9.0,8.0,,7.0,9.0,9.0,,9.0,9.0,9.0,,8.5,9.0,9.0,,0.0,0.0,0.0,,,,,,,,,,,,,,6.333333333333333,6.666666666666667,8.333333333333334,8.666666666666666,8.333333333333334,9.0,8.833333333333334,0.0,,,,7.020833333333334,8,0.14868360449273385,24.071428571428573,True,1,40-50,5.4682266313525885
Stacy Keibler,Tony Dovolani,Athlete,Maryland,United States,26,2,3rd Place,3,8.0,6.0,8.0,,9.0,10.0,10.0,,9.0,9.0,9.0,,8.0,9.0,9.0,,10.0,10.0,10.0,,10.0,10.0,10.0,,9.0,9.0,9.5,,9.3333,9.6666,9.6666,,,,,,,,,,,,,,7.333333333333333,9.666666666666666,9.0,8.666666666666666,10.0,10.0,9.166666666666666,9.5555,,,,9.173604166666667,8,0.161509304303007,27.520812499999998,False,1,<30,5.533598519758994
Jerry Rice,Anna Trebunskaya,Athlete,Mississippi,United States,43,2,2nd Place,2,7.0,7.0,7.0,,7.0,8.0,8.0,,7.0,6.0,6.0,,8.0,8.0,8.0,,7.0,8.0,8.0,,8.0,7.0,8.0,,7.0,7.0,6.5,,9.0,9.0,8.6666,,,,,,,,,,,,,,7.0,7.666666666666667,6.333333333333333,8.0,7.666666666666667,7.666666666666667,6.833333333333333,8.888866666666667,,,,7.506941666666667,8,0.22783835105958727,22.520825000000002,False,1,40-50,5.533598519758994
Giselle Fernandez,Jonathan Roberts,News Anchor,,Mexico,44,2,Eliminated Week 3,8,7.0,8.0,8.0,,8.0,8.0,8.0,,7.0,8.0,7.0,,0.0,0.0,0.0,,0.0,0.0,0.0,,0.0,0.0,0.0,,0.0,0.0,0.0,,0.0,0.0,0.0,,,,,,,,,,,,,,7.666666666666667,8.0,7.333333333333333,0.0,0.0,0.0,0.0,0.0,,,,2.875,8,0.09144698631413006,23.0,True,0,40-50,4.578702222222222
Master P,Ashly DelGrosso,Singer/Rapper,Louisiana,United States,35,2,Eliminated Week 4,7,4.0,4.0,4.0,,6.0,5.0,5.0,,6.0,4.0,4.0,,4.0,2.0,2.0,,0.0,0.0,0.0,,0.0,0.0,0.0,,0.0,0.0,0.0,,0.0,0.0,0.0,,,,,,,,,,,,,,4.0,5.333333333333333,4.666666666666667,2.6666666666666665,0.0,0.0,0.0,0.0,,,,2.083333333333333,8,0.11751814531975556,12.5,True,1,30-40,5.2339473613181
Drew Lachey,Cheryl Burke,Singer/Rapper,Ohio,United States,29,2,1st Place,1,8.0,8.0,8.0,,9.0,9.0,9.0,,9.0,9.0,9.0,,9.0,9.0,10.0,,9.0,9.0,9.0,,10.0,10.0,10.0,,9.5,9.0,9.0,,9.6666,9.6666,9.6666,,,,,,,,,,,,,,8.0,9.0,9.0,9.333333333333334,9.0,10.0,9.166666666666666,9.6666,,,,9.145825,8,0.1888824757920219,27.437475,False,1,<30,5.2339473613181
Kenny Mayne,Andrea Hale,Sports Broadcaster,Washington,United States,46,2,Eliminated Week 1,10,4.0,5.0,4.0,,0.0,0.0,0.0,,0.0,0.0,0.0,,0.0,0.0,0.0,,0.0,0.0,0.0,,0.0,0.0,0.0,,0.0,0.0,0.0,,0.0,0.0,0.0,,,,,,,,,,,,,,4.333333333333333,0.0,0.0,0.0,0.0,0.0,0.0,0.0,,,,0.5416666666666666,8,0.0278043035606259,13.0,True,1,40-50,4.429163333333333
Harry Hamlin,Ashly DelGrosso,Actor/Actress,California,United States,54,3,Eliminated Week 3,9,5.0,6.0,6.0,,7.0,7.0,7.0,,7.0,8.0,7.0,,0.0,0.0,0.0,,0.0,0.0,0.0,,0.0,0.0,0.0,,0.0,0.0,0.0,,0.0,0.0,0.0,,0.0,0.0,0.0,,0.0,0.0,0.0,,,,,,5.666666666666667,7.0,7.333333333333333,0.0,0.0,0.0,0.0,0.0,0.0,0.0,,2.0,10,0.0693112671678443,20.0,True,1,50+,5.4682266313525885
Vivica A. Fox,Nick Kosovich,Actor/Actress,Indiana,United States,42,3,Eliminated Week 4,8,6.0,8.0,8.0,,8.0,8.0,8.0,,9.0,9.0,9.0,,8.0,8.0,8.0,,0.0,0.0,0.0,,0.0,0.0,0.0,,0.0,0.0,0.0,,0.0,0.0,0.0,,0.0,0.0,0.0,,0.0,0.0,0.0,,,,,,7.333333333333333,8.0,9.0,8.0,0.0,0.0,0.0,0.0,0.0,0.0,,3.233333333333333,10,0.09356847375772272,24.25,True,1,40-50,5.4682266313525885
Monique Coleman,Louis van Amstel,Actor/Actress,South Carolina,United States,25,3,Eliminated Week 8,4,6.0,6.0,7.0,,9.0,8.0,9.0,,9.0,9.0,9.0,,8.0,8.0,8.0,,9.0,9.0,9.0,,9.0,7.0,7.0,,9.0,9.0,9.0,,8.5,9.0,9.0,,0.0,0.0,0.0,,0.0,0.0,0.0,,,,,,6.333333333333333,8.666666666666666,9.0,8.0,9.0,7.666666666666667,9.0,8.833333333333334,0.0,0.0,,6.65,10,0.13889628161789366,24.9375,True,1,<30,5.4682266313525885
Joey Lawrence,Edyta Sliwinska,Actor/Actress,Pennsylvania,United States,30,3,3rd Place,3,7.0,7.0,7.0,,10.0,9.0,10.0,,8.0,6.0,8.0,,9.0,9.0,9.0,,8.0,8.0,9.0,,8.0,8.0,8.0,,9.5,9.0,10.0,,9.5,8.5,9.0,,9.5,10.0,10.0,,0.0,0.0,0.0,,,,,,7.0,9.666666666666666,7.333333333333333,9.0,8.333333333333334,8.0,9.5,9.0,9.833333333333334,0.0,,7.7666666666666675,10,0.15829130590396656,25.88888888888889,False,1,<30,5.4682266313525885
Mario Lopez,Karina Smirnoff,Actor/Actress,California,United States,32,3,2nd Place,2,9.0,8.0,9.0,,7.0,6.0,8.0,,8.0,6.0,8.0,,10.0,9.0,10.0,,9.0,9.0,9.0,,9.0,9.0,10.0,,9.5,9.0,9.5,,9.5,9.0,10.0,,10.0,9.5,10.0,,10.0,10.0,9.6666,,,,,,8.666666666666666,7.0,7.333333333333333,9.666666666666666,9.0,9.333333333333334,9.333333333333334,9.5,9.833333333333334,9.888866666666667,,8.955553333333334,10,0.19101655378394786,26.866660000000003,False,1,30-40,5.4682266313525885
Emmitt Smith,Cheryl Burke,Athlete,Florida,United States,37,3,1st Place,1,8.0,8.0,8.0,,8.0,8.0,8.0,,7.0,6.0,6.0,,8.0,8.0,8.0,,9.0,9.0,9.0,,8.0,8.0,9.0,,10.0,9.5,9.0,,8.5,9.0,9.5,,9.5,10.0,10.0,,10.0,9.6666,10.0,,,,,,8.0,8.0,6.333333333333333,8.0,9.0,8.333333333333334,9.5,9.0,9.833333333333334,9.888866666666667,,8.588886666666667,10,0.2833667313951703,25.76666,False,1,30-40,5.533598519758994
Shanna Moakler,Jesse DeSoto,Model,Rhode Island,United States,31,3,Eliminated Week 2,10,7.0,5.0,6.0,,8.0,7.0,7.0,,0.0,0.0,0.0,,0.0,0.0,0.0,,0.0,0.0,0.0,,0.0,0.0,0.0,,0.0,0.0,0.0,,0.0,0.0,0.0,,0.0,0.0,0.0,,0.0,0.0,0.0,,,,,,6.0,7.333333333333333,0.0,0.0,0.0,0.0,0.0,0.0,0.0,0.0,,1.3333333333333333,10,0.04827223953796345,20.0,True,1,30-40,3.2939875361457713
Willa Ford,Maksim Chmerkoskiy,Singer/Rapper,Florida,United States,25,3,Eliminated Week 5,7,7.0,7.0,8.0,,7.0,8.0,8.0,,7.0,7.0,8.0,,9.0,9.0,10.0,,9.0,9.0,9.0,,0.0,0.0,0.0,,0.0,0.0,0.0,,0.0,0.0,0.0,,0.0,0.0,0.0,,0.0,0.0,0.0,,,,,,7.333333333333333,7.666666666666667,7.333333333333333,9.333333333333334,9.0,0.0,0.0,0.0,0.0,0.0,,4.066666666666667,10,0.11759845454715376,24.4,True,1,<30,5.2339473613181
Sara Evans,Tony Dovolani,Singer/Rapper,Missouri,United States,35,3,Withdrew,6,5.0,5.0,5.0,,7.0,7.0,7.0,,8.0,9.0,8.0,,6.0,7.0,7.0,,8.0,8.0,8.0,,0.0,0.0,0.0,,0.0,0.0,0.0,,0.0,0.0,0.0,,0.0,0.0,0.0,,0.0,0.0,0.0,,,,,,5.0,7.0,8.333333333333334,6.666666666666667,8.0,0.0,0.0,0.0,0.0,0.0,,3.5,10,0.1386101274553911,21.0,False,1,30-40,5.2339473613181
Jerry Springer,Kym Johnson,TV Personality,,England,62,3,Eliminated Week 7,5,5.0,5.0,6.0,,7.0,6.0,6.0,,7.0,7.0,7.0,,7.0,7.0,8.0,,8.0,8.0,8.0,,7.0,6.0,5.0,,7.5,8.0,7.5,,0.0,0.0,0.0,,0.0,0.0,0.0,,0.0,0.0,0.0,,,,,,5.333333333333333,6.333333333333333,7.0,7.333333333333333,8.0,6.0,7.666666666666667,0.0,0.0,0.0,,4.7666666666666675,10,0.10569902171010423,20.428571428571427,True,0,50+,5.1819820478416
Tucker Carlson,Elena Grinenko,TV Personality,California,United States,37,3,Eliminated Week 1,11,5.0,4.0,3.0,,0.0,0.0,0.0,,0.0,0.0,0.0,,0.0,0.0,0.0,,0.0,0.0,0.0,,0.0,0.0,0.0,,0.0,0.0,0.0,,0.0,0.0,0.0,,0.0,0.0,0.0,,0.0,0.0,0.0,,,,,,4.0,0.0,0.0,0.0,0.0,0.0,0.0,0.0,0.0,0.0,,0.4,10,0.0206869045361607,12.0,True,1,30-40,5.1819820478416
John Ratzenberger,Edyta Sliwinska,Actor/Actress,Connecticut,United States,59,4,Eliminated Week 7,6,6.0,5.0,6.0,,7.0,7.0,7.0,,7.0,6.0,7.0,,6.0,5.0,5.0,,6.0,6.0,6.0,,7.0,6.0,6.0,,7.5,7.5,7.5,,0.0,0.0,0.0,,0.0,0.0,0.0,,0.0,0.0,0.0,,,,,,5.666666666666667,7.0,6.666666666666667,5.333333333333333,6.0,6.333333333333333,7.5,0.0,0.0,0.0,,4.45,10,0.1086866979366833,19.416666666666668,True,1,50+,5.4682266313525885
Ian Ziering,Cheryl Burke,Actor/Actress,New Jersey,United States,42,4,Eliminated Week 9,4,7.0,7.0,7.0,,7.0,8.0,7.0,,8.0,8.0,8.0,,7.0,9.0,8.0,,8.0,8.0,8.0,,8.0,8.0,8.0,,9.0,9.0,9.0,,8.0,7.5,8.0,,9.5,10.0,9.5,,0.0,0.0,0.0,,,,,,7.0,7.333333333333333,8.0,8.0,8.0,8.0,9.0,7.833333333333333,9.666666666666666,0.0,,7.283333333333333,10,0.15174464014855785,24.6875,True,1,40-50,5.4682266313525885
Clyde Drexler,Elena Grinenko,Athlete,Louisiana,United States,44,4,Eliminated Week 5,8,6.0,5.0,5.0,,6.0,6.0,6.0,,6.0,5.0,5.0,,6.0,4.0,5.0,,4.0,5.0,4.0,,0.0,0.0,0.0,,0.0,0.0,0.0,,0.0,0.0,0.0,,0.0,0.0,0.0,,0.0,0.0,0.0,,,,,,5.333333333333333,6.0,5.333333333333333,5.0,4.333333333333333,0.0,0.0,0.0,0.0,0.0,,2.5999999999999996,10,0.1084599766309791,15.5,True,1,40-50,5.533598519758994
Laila Ali,Maksim Chmerkoskiy,Athlete,Florida,United States,29,4,3rd Place,3,7.0,8.0,8.0,,9.0,9.0,9.0,,7.0,7.0,7.0,,7.0,7.0,7.0,,9.0,10.0,9.0,,9.0,9.0,10.0,,10.0,9.5,10.0,,9.0,8.5,9.0,,10.0,10.0,10.0,,9.6666,9.0,9.6666,,,,,,7.666666666666667,9.0,7.0,7.0,9.333333333333334,9.333333333333334,9.833333333333334,8.833333333333334,10.0,9.444400000000002,,8.74444,10,0.17968938687773026,26.592577777777777,False,1,<30,5.533598519758994
Apolo Anton Ohno,Julianne Hough,Athlete,Washington,United States,24,4,1st Place,1,7.0,7.0,7.0,,8.0,9.0,9.0,,7.0,8.0,8.0,,9.0,8.0,9.0,,10.0,10.0,10.0,,9.0,9.0,10.0,,9.0,8.5,9.5,,10.0,9.0,10.0,,10.0,9.5,10.0,,9.6666,9.6666,10.0,,,,,,7.0,8.666666666666666,7.666666666666667,8.666666666666666,10.0,9.333333333333334,9.0,9.666666666666666,9.833333333333334,9.777733333333334,,8.961106666666666,10,0.2005572183762251,27.537022222222223,False,1,<30,5.533598519758994
Shandi Finnessey,Brian Fortuna,Beauty Pagent,Missouri,United States,28,4,Eliminated Week 3,10,6.0,6.0,7.0,,6.0,7.0,7.0,,7.0,7.0,7.0,,0.0,0.0,0.0,,0.0,0.0,0.0,,0.0,0.0,0.0,,0.0,0.0,0.0,,0.0,0.0,0.0,,0.0,0.0,0.0,,0.0,0.0,0.0,,,,,,6.333333333333333,6.666666666666667,7.0,0.0,0.0,0.0,0.0,0.0,0.0,0.0,,2.0,10,0.04781727281425825,20.5,True,1,<30,2.0
Paulina Porizkova,Alec Mazo,Model,,Czechoslovakia,41,4,Eliminated Week 2,11,6.0,6.0,7.0,,7.0,7.0,7.0,,0.0,0.0,0.0,,0.0,0.0,0.0,,0.0,0.0,0.0,,0.0,0.0,0.0,,0.0,0.0,0.0,,0.0,0.0,0.0,,0.0,0.0,0.0,,0.0,0.0,0.0,,,,,,6.333333333333333,7.0,0.0,0.0,0.0,0.0,0.0,0.0,0.0,0.0,,1.3333333333333333,10,0.0092628793739443,21.0,True,0,40-50,3.2939875361457713
Heather Mills,Jonathan Roberts,Model,,England,39,4,Eliminated Week 6,7,6.0,6.0,6.0,,8.0,8.0,8.0,,8.0,8.0,8.0,,7.0,8.0,8.0,,7.0,7.0,7.0,,7.0,8.0,8.0,,0.0,0.0,0.0,,0.0,0.0,0.0,,0.0,0.0,0.0,,0.0,0.0,0.0,,,,,,6.0,8.0,8.0,7.666666666666667,7.0,7.666666666666667,0.0,0.0,0.0,0.0,,4.433333333333334,10,0.10318605750515641,23.0,True,0,30-40,3.2939875361457713
Billy Ray Cyrus,Karina Smirnoff,Singer/Rapper,Kentucky,United States,45,4,Eliminated Week 8,5,5.0,4.0,4.0,,7.0,7.0,7.0,,7.0,7.0,7.0,,7.0,7.0,7.0,,6.0,6.0,5.0,,7.0,7.0,7.0,,6.0,6.5,6.5,,6.5,6.5,6.0,,0.0,0.0,0.0,,0.0,0.0,0.0,,,,,,4.333333333333333,7.0,7.0,7.0,5.666666666666667,7.0,6.333333333333333,6.333333333333333,0.0,0.0,,5.066666666666667,10,0.1274537966548532,19.857142857142858,True,1,40-50,5.2339473613181
Joey Fatone,Kym Johnson,Singer/Rapper,New York,United States,30,4,2nd Place,2,8.0,8.0,8.0,,8.0,8.0,8.0,,8.0,8.0,8.0,,10.0,9.0,9.0,,8.0,8.0,9.0,,9.0,9.0,9.0,,10.0,9.5,10.0,,9.5,9.0,9.0,,10.0,10.0,10.0,,9.6666,9.3333,9.6666,,,,,,8.0,8.0,8.0,9.333333333333334,8.333333333333334,9.0,9.833333333333334,9.166666666666666,10.0,9.5555,,8.922216666666667,10,0.1716783215342573,27.074055555555553,False,1,<30,5.2339473613181
Leeza Gibbons,Tony Dovolani,TV Personality,South Carolina,United States,50,4,Eliminated Week 4,9,5.0,5.0,5.0,,7.0,7.0,7.0,,8.0,8.0,8.0,,6.0,5.0,5.0,,0.0,0.0,0.0,,0.0,0.0,0.0,,0.0,0.0,0.0,,0.0,0.0,0.0,,0.0,0.0,0.0,,0.0,0.0,0.0,,,,,,5.0,7.0,8.0,5.333333333333333,0.0,0.0,0.0,0.0,0.0,0.0,,2.533333333333333,10,0.07325138482046344,20.333333333333332,True,1,40-50,5.1819820478416
Cameron Mathison,Edyta Sliwinska,Actor/Actress,,Canada,38,5,Eliminated Week 8,5,7.0,7.0,7.0,,7.0,7.0,7.0,,8.0,7.0,8.0,,9.0,9.0,9.0,,8.0,9.0,9.0,,9.0,8.0,8.0,,8.5,8.5,8.5,,8.5,8.5,8.5,,0.0,0.0,0.0,,0.0,0.0,0.0,,,,,,7.0,7.0,7.666666666666667,9.0,8.666666666666666,8.333333333333334,8.5,8.5,0.0,0.0,,6.466666666666667,10,0.12378762969988376,24.25,True,0,30-40,5.4682266313525885
Jane Seymour,Tony Dovolani,Actor/Actress,,England,56,5,Eliminated Week 7,6,8.0,8.0,8.0,,7.0,7.0,7.0,,9.0,9.0,9.0,,8.0,9.0,9.0,,8.0,9.0,9.0,,8.0,7.0,7.0,,8.0,8.5,8.5,,0.0,0.0,0.0,,0.0,0.0,0.0,,0.0,0.0,0.0,,,,,,8.0,7.0,9.0,8.666666666666666,8.666666666666666,7.333333333333333,8.333333333333334,0.0,0.0,0.0,,5.7,10,0.11024725294650038,24.428571428571427,True,0,50+,5.4682266313525885
Sabrina Bryan,Mark Ballas,Actor/Actress,California,United States,23,5,Eliminated Week 6,7,9.0,8.0,9.0,,9.0,8.0,9.0,,9.0,9.0,9.0,,10.0,10.0,10.0,,9.0,9.0,10.0,,9.0,8.0,8.0,,0.0,0.0,0.0,,0.0,0.0,0.0,,0.0,0.0,0.0,,0.0,0.0,0.0,,,,,,8.666666666666666,8.666666666666666,9.0,10.0,9.333333333333334,8.333333333333334,0.0,0.0,0.0,0.0,,5.4,10,0.10669165856741732,27.0,True,1,<30,5.4682266313525885
Jennie Garth,Derek Hough,Actor/Actress,Illinois,United States,35,5,Eliminated Week 9,4,7.0,7.0,7.0,,7.0,7.0,7.0,,9.0,8.0,9.0,,8.0,10.0,9.0,,8.0,9.0,8.0,,9.0,9.0,9.0,,8.5,8.5,9.5,,8.5,8.5,8.0,,9.5,10.0,9.5,,0.0,0.0,0.0,,,,,,7.0,7.0,8.666666666666666,9.0,8.333333333333334,9.0,8.833333333333334,8.333333333333334,9.666666666666666,0.0,,7.583333333333333,10,0.13698231892495938,25.27777777777778,True,1,30-40,5.4682266313525885
Floyd Mayweather Jr. ,Karina Smirnoff,Athlete,Michigan,United States,30,5,Eliminated Week 4,9,6.0,6.0,6.0,,7.0,7.0,7.0,,7.0,7.0,7.0,,7.0,8.0,8.0,,0.0,0.0,0.0,,0.0,0.0,0.0,,0.0,0.0,0.0,,0.0,0.0,0.0,,0.0,0.0,0.0,,0.0,0.0,0.0,,,,,,6.0,7.0,7.0,7.666666666666667,0.0,0.0,0.0,0.0,0.0,0.0,,2.7666666666666666,10,0.09605887042813743,20.75,True,1,<30,5.533598519758994
Josie Maran,Alec Mazo,Model,California,United States,29,5,Eliminated Week 1,12,6.0,5.0,5.0,,0.0,0.0,0.0,,0.0,0.0,0.0,,0.0,0.0,0.0,,0.0,0.0,0.0,,0.0,0.0,0.0,,0.0,0.0,0.0,,0.0,0.0,0.0,,0.0,0.0,0.0,,0.0,0.0,0.0,,,,,,5.333333333333333,0.0,0.0,0.0,0.0,0.0,0.0,0.0,0.0,0.0,,0.5333333333333333,10,0.0190205803392109,16.0,True,1,<30,3.2939875361457713
Albert Reed,Anna Trebunskaya,Model,Florida,United States,22,5,Eliminated Week 2,11,7.0,7.0,7.0,,7.0,7.0,7.0,,0.0,0.0,0.0,,0.0,0.0,0.0,,0.0,0.0,0.0,,0.0,0.0,0.0,,0.0,0.0,0.0,,0.0,0.0,0.0,,0.0,0.0,0.0,,0.0,0.0,0.0,,,,,,7.0,7.0,0.0,0.0,0.0,0.0,0.0,0.0,0.0,0.0,,1.4,10,0.062185833007906095,21.0,True,1,<30,3.2939875361457713
Helio Castroneves,Julianne Hough,Racing Driver,,Brazil,32,5,1st Place,1,8.0,9.0,8.0,,9.0,9.0,9.0,,8.0,8.0,8.0,,9.0,9.0,9.0,,8.0,7.0,8.0,,9.0,10.0,9.0,,9.0,8.5,8.5,,9.5,9.5,9.5,,10.0,10.0,10.0,,9.0,9.3333,9.6666,,,,,,8.333333333333334,9.0,8.0,9.0,7.666666666666667,9.333333333333334,8.666666666666666,9.5,10.0,9.333300000000001,,8.88333,10,0.19908577746038053,26.649990000000003,False,0,30-40,6.247345
Mel B,Maksim Chmerkoskiy,Singer/Rapper,,England,32,5,2nd Place,2,8.0,8.0,8.0,,7.0,8.0,8.0,,9.0,9.0,9.0,,8.0,9.0,9.0,,10.0,9.0,10.0,,10.0,10.0,10.0,,9.0,9.0,9.0,,9.0,9.5,9.5,,10.0,10.0,10.0,,9.3333,9.3333,9.6666,,,,,,8.0,7.666666666666667,9.0,8.666666666666666,9.666666666666666,10.0,9.0,9.333333333333334,10.0,9.4444,,9.077773333333333,10,0.15845739951392518,27.23332,False,0,30-40,5.2339473613181
Wayne Newton,Cheryl Burke,Singer/Rapper,Virginia,United States,65,5,Eliminated Week 3,10,6.0,7.0,6.0,,5.0,5.0,5.0,,6.0,6.0,6.0,,0.0,0.0,0.0,,0.0,0.0,0.0,,0.0,0.0,0.0,,0.0,0.0,0.0,,0.0,0.0,0.0,,0.0,0.0,0.0,,0.0,0.0,0.0,,,,,,6.333333333333333,5.0,6.0,0.0,0.0,0.0,0.0,0.0,0.0,0.0,,1.7333333333333332,10,0.06661476852630703,17.333333333333332,True,1,50+,5.2339473613181
Marie Osmond,Jonathan Roberts,Singer/Rapper,Utah,United States,47,5,3rd Place,3,7.0,7.0,7.0,,8.0,8.0,8.0,,9.0,8.0,9.0,,9.0,9.0,8.0,,7.0,7.0,7.0,,8.0,8.0,7.0,,9.0,8.5,8.5,,8.0,8.5,8.0,,9.5,9.5,9.0,,8.0,7.5,7.5,,,,,,7.0,8.0,8.666666666666666,8.666666666666666,7.0,7.666666666666667,8.666666666666666,8.166666666666666,9.333333333333334,7.666666666666667,,8.083333333333332,10,0.15748767756182996,24.25,False,1,40-50,5.2339473613181
Mark Cuban,Kym Johnson,TV Personality,Pennsylvania,United States,49,5,Eliminated Week 5,8,7.0,7.0,7.0,,6.0,6.0,6.0,,6.0,7.0,7.0,,7.0,8.0,7.0,,7.0,7.0,7.0,,0.0,0.0,0.0,,0.0,0.0,0.0,,0.0,0.0,0.0,,0.0,0.0,0.0,,0.0,0.0,0.0,,,,,,7.0,6.0,6.666666666666667,7.333333333333333,7.0,0.0,0.0,0.0,0.0,0.0,,3.4,10,0.0974393582076873,20.4,True,1,40-50,5.1819820478416
Cristian de la Fuente,Cheryl Burke,Actor/Actress,,Chile,34,6,3rd Place,3,7.0,7.0,7.0,,7.0,6.0,7.0,,8.0,8.0,9.0,,9.0,8.0,9.0,,7.0,8.0,8.0,,9.0,9.0,9.0,,7.5,7.5,8.0,,10.0,9.0,9.5,,9.5,9.0,9.5,,9.0,8.0,9.0,,,,,,7.0,6.666666666666667,8.333333333333334,8.666666666666666,7.666666666666667,9.0,7.666666666666667,9.5,9.333333333333334,8.666666666666666,,8.25,10,0.15174516176266345,25.166666666666668,False,0,30-40,5.4682266313525885
Steve Guttenberg,Anna Trebunskaya,Actor/Actress,New York,United States,49,6,Eliminated Week 3,10,6.0,6.0,6.0,,6.0,5.0,5.0,,7.0,7.0,7.0,,0.0,0.0,0.0,,0.0,0.0,0.0,,0.0,0.0,0.0,,0.0,0.0,0.0,,0.0,0.0,0.0,,0.0,0.0,0.0,,0.0,0.0,0.0,,,,,,6.0,5.333333333333333,7.0,0.0,0.0,0.0,0.0,0.0,0.0,0.0,,1.8333333333333333,10,0.0473257106954855,18.5,True,1,40-50,5.4682266313525885
Priscilla Presley,Louis van Amstel,Actor/Actress,New York,United States,62,6,Eliminated Week 5,8,8.0,8.0,8.0,,7.0,7.0,7.0,,8.0,9.0,9.0,,7.0,7.0,8.0,,7.0,7.0,7.0,,0.0,0.0,0.0,,0.0,0.0,0.0,,0.0,0.0,0.0,,0.0,0.0,0.0,,0.0,0.0,0.0,,,,,,8.0,7.0,8.666666666666666,7.333333333333333,7.0,0.0,0.0,0.0,0.0,0.0,,3.8,10,0.07423019600816788,22.5,True,1,50+,5.4682266313525885
Marlee Matlin,Fabian Sanchez,Actor/Actress,Illinois,United States,42,6,Eliminated Week 6,7,7.0,7.0,8.0,,8.0,8.0,8.0,,7.0,7.0,7.0,,8.0,8.0,8.0,,7.0,7.0,8.0,,7.0,7.0,7.0,,0.0,0.0,0.0,,0.0,0.0,0.0,,0.0,0.0,0.0,,0.0,0.0,0.0,,,,,,7.333333333333333,8.0,7.0,8.0,7.333333333333333,7.0,0.0,0.0,0.0,0.0,,4.466666666666667,10,0.10206894518669576,22.4,True,1,40-50,5.4682266313525885
Shannon Elizabeth,Derek Hough,Actor/Actress,Texas,United States,34,6,Eliminated Week 7,6,7.0,7.0,7.0,,8.0,8.0,8.0,,8.0,8.0,8.0,,9.0,10.0,9.0,,8.0,8.0,7.0,,8.0,8.0,8.0,,8.5,8.5,8.5,,0.0,0.0,0.0,,0.0,0.0,0.0,,0.0,0.0,0.0,,,,,,7.0,8.0,8.0,9.333333333333334,7.666666666666667,8.0,8.5,0.0,0.0,0.0,,5.65,10,0.09312288372961668,24.75,True,1,30-40,5.4682266313525885
Marissa Jaret Winokur,Tony Dovolani,Actor/Actress,New York,United States,35,6,Eliminated Week 9,4,6.0,6.0,6.0,,7.0,7.0,7.0,,6.0,7.0,6.0,,8.0,8.0,8.0,,8.0,8.0,8.0,,9.0,8.0,9.0,,9.0,8.5,8.5,,8.5,8.0,8.5,,8.5,9.0,8.5,,0.0,0.0,0.0,,,,,,6.0,7.0,6.333333333333333,8.0,8.0,8.666666666666666,8.666666666666666,8.333333333333334,8.666666666666666,0.0,,6.966666666666667,10,0.15977005582956977,23.875,True,1,30-40,5.4682266313525885
Jason Taylor,Edyta Sliwinska,Athlete,Pennsylvania,United States,33,6,2nd Place,2,7.0,8.0,7.0,,9.0,9.0,9.0,,8.0,7.0,8.0,,10.0,9.0,10.0,,9.0,9.0,9.0,,8.0,8.0,8.0,,9.5,8.5,9.5,,9.0,8.0,9.0,,9.0,9.5,9.0,,9.5,9.5,9.5,,,,,,7.333333333333333,9.0,7.666666666666667,9.666666666666666,9.0,8.0,9.166666666666666,8.666666666666666,9.166666666666666,9.5,,8.716666666666667,10,0.1837194780812975,26.61111111111111,False,1,30-40,5.533598519758994
Kristi Yamaguchi,Mark Ballas,Athlete,California,United States,36,6,1st Place,1,9.0,9.0,9.0,,9.0,9.0,9.0,,9.0,9.0,9.0,,10.0,9.0,10.0,,9.0,10.0,10.0,,10.0,10.0,10.0,,9.5,8.0,9.5,,8.5,9.5,9.5,,9.5,9.0,10.0,,10.0,10.0,10.0,,,,,,9.0,9.0,9.0,9.666666666666666,9.666666666666666,10.0,9.0,9.166666666666666,9.5,10.0,,9.4,10,0.2401327702867414,28.333333333333332,False,1,30-40,5.533598519758994
Monica Seles,Jonathan Roberts,Athlete,,Yugoslavia,34,6,Eliminated Week 2,11,5.0,5.0,5.0,,5.0,5.0,5.0,,0.0,0.0,0.0,,0.0,0.0,0.0,,0.0,0.0,0.0,,0.0,0.0,0.0,,0.0,0.0,0.0,,0.0,0.0,0.0,,0.0,0.0,0.0,,0.0,0.0,0.0,,,,,,5.0,5.0,0.0,0.0,0.0,0.0,0.0,0.0,0.0,0.0,,1.0,10,0.0207499890904148,15.0,True,0,30-40,5.533598519758994
Penn Jillette,Kym Johnson,Magician,Massachusetts,United States,53,6,Eliminated Week 2,12,5.0,6.0,5.0,,6.0,6.0,5.0,,0.0,0.0,0.0,,0.0,0.0,0.0,,0.0,0.0,0.0,,0.0,0.0,0.0,,0.0,0.0,0.0,,0.0,0.0,0.0,,0.0,0.0,0.0,,0.0,0.0,0.0,,,,,,5.333333333333333,5.666666666666667,0.0,0.0,0.0,0.0,0.0,0.0,0.0,0.0,,1.1,10,0.0213055836852744,17.0,True,1,50+,1.1
Adam Carolla,Julianne Hough,Radio Personality,California,United States,43,6,Eliminated Week 4,9,5.0,5.0,5.0,,6.0,7.0,6.0,,7.0,7.0,7.0,,6.0,7.0,6.0,,0.0,0.0,0.0,,0.0,0.0,0.0,,0.0,0.0,0.0,,0.0,0.0,0.0,,0.0,0.0,0.0,,0.0,0.0,0.0,,,,,,5.0,6.333333333333333,7.0,6.333333333333333,0.0,0.0,0.0,0.0,0.0,0.0,,2.4666666666666663,10,0.06929573051296813,19.666666666666668,True,1,40-50,3.056271043771044
Mario,Karina Smirnoff,Singer/Rapper,Maryland,United States,21,6,Eliminated Week 8,5,8.0,8.0,8.0,,9.0,8.0,9.0,,7.0,6.0,8.0,,8.0,7.0,9.0,,9.0,9.0,9.0,,9.0,9.0,10.0,,8.5,8.5,8.5,,9.0,8.5,9.0,,0.0,0.0,0.0,,0.0,0.0,0.0,,,,,,8.0,8.666666666666666,7.0,8.0,9.0,9.333333333333334,8.5,8.833333333333334,0.0,0.0,,6.733333333333334,10,0.11869512344824393,25.428571428571427,True,1,<30,5.2339473613181
Ted McGinley,Inna Brayer,Actor/Actress,California,United States,50,7,Eliminated Week 1,12,6.0,6.0,6.5,,0.0,0.0,0.0,,0.0,0.0,0.0,,0.0,0.0,0.0,,0.0,0.0,0.0,,0.0,0.0,0.0,,0.0,0.0,0.0,,0.0,0.0,0.0,,0.0,0.0,0.0,,0.0,0.0,0.0,,,,,,6.166666666666667,0.0,0.0,0.0,0.0,0.0,0.0,0.0,0.0,0.0,,0.6166666666666667,10,0.0100329799618977,18.5,True,1,40-50,5.4682266313525885
Cloris Leachman,Corky Ballas,Actor/Actress,Iowa,United States,82,7,Eliminated Week 6,7,6.0,5.0,5.0,,5.0,5.0,5.0,,6.0,5.0,5.0,,8.0,7.0,7.0,,7.0,7.0,7.0,,5.0,5.0,5.0,,0.0,0.0,0.0,,0.0,0.0,0.0,,0.0,0.0,0.0,,0.0,0.0,0.0,,,,,,5.333333333333333,5.0,5.333333333333333,7.333333333333333,7.0,5.0,0.0,0.0,0.0,0.0,,3.5,10,0.11120635901979044,17.8,True,1,50+,5.4682266313525885
Susan Lucci,Tony Dovolani,Actor/Actress,New York,United States,61,7,Eliminated Week 7,6,6.0,6.0,6.5,,7.0,7.0,7.0,,7.0,7.0,7.0,,8.0,8.0,8.0,,7.0,7.0,8.0,,8.0,8.0,7.0,,8.0,8.0,8.0,,0.0,0.0,0.0,,0.0,0.0,0.0,,0.0,0.0,0.0,,,,,,6.166666666666667,7.0,7.0,8.0,7.333333333333333,7.666666666666667,8.0,0.0,0.0,0.0,,5.116666666666667,10,0.10609183171890936,22.083333333333332,True,1,50+,5.4682266313525885
Cody Linley,Julianne Hough,Actor/Actress,Texas,United States,18,7,Eliminated Week 9,4,7.0,6.5,7.0,,7.0,7.0,7.0,,7.0,7.0,7.0,,7.0,8.0,8.0,,10.0,9.0,9.0,,8.0,8.0,7.0,,8.0,7.0,7.0,,8.0,8.0,8.0,,8.0,7.5,7.5,,0.0,0.0,0.0,,,,,,6.833333333333333,7.0,7.0,7.666666666666667,9.333333333333334,7.666666666666667,7.333333333333333,8.0,7.666666666666667,0.0,,6.85,10,0.12530878237012003,23.0625,True,1,<30,5.4682266313525885
Misty May-Treanor,Maksim Chmerkoskiy,Athlete,California,United States,31,7,Withdrew,10,6.5,7.5,7.0,,7.0,7.0,7.0,,0.0,0.0,0.0,,0.0,0.0,0.0,,0.0,0.0,0.0,,0.0,0.0,0.0,,0.0,0.0,0.0,,0.0,0.0,0.0,,0.0,0.0,0.0,,0.0,0.0,0.0,,,,,,7.0,7.0,0.0,0.0,0.0,0.0,0.0,0.0,0.0,0.0,,1.4,10,0.09436069443375436,21.0,False,1,30-40,5.533598519758994
Maurice Greene,Cheryl Burke,Athlete,Kansas,United States,34,7,Eliminated Week 8,5,6.5,6.5,6.5,,7.0,6.0,6.0,,8.0,8.0,8.0,,6.0,7.0,7.0,,9.0,9.0,9.0,,7.0,7.0,7.0,,8.0,9.0,8.0,,8.0,8.0,8.0,,0.0,0.0,0.0,,0.0,0.0,0.0,,,,,,6.5,6.333333333333333,8.0,6.666666666666667,9.0,7.0,8.333333333333334,8.0,0.0,0.0,,5.983333333333333,10,0.11865315735667678,22.214285714285715,True,1,30-40,5.533598519758994
Warren Sapp,Kym Johnson,Athlete,Florida,United States,35,7,2nd Place,2,7.0,7.0,7.5,,8.0,8.0,8.0,,9.0,8.0,8.0,,8.0,7.0,7.0,,8.0,8.0,9.0,,8.0,9.0,8.0,,7.0,7.0,7.0,,9.5,8.5,9.0,,8.5,8.0,8.0,,9.0,9.5,9.0,,,,,,7.166666666666667,8.0,8.333333333333334,7.333333333333333,8.333333333333334,8.333333333333334,7.0,9.0,8.166666666666666,9.166666666666666,,8.083333333333334,10,0.20794778030404423,24.166666666666668,False,1,30-40,5.533598519758994
Jeffrey Ross,Edyta Sliwinska,Comedian,New Jersey,United States,43,7,Eliminated Week 1,13,4.0,4.0,4.0,,0.0,0.0,0.0,,0.0,0.0,0.0,,0.0,0.0,0.0,,0.0,0.0,0.0,,0.0,0.0,0.0,,0.0,0.0,0.0,,0.0,0.0,0.0,,0.0,0.0,0.0,,0.0,0.0,0.0,,,,,,4.0,0.0,0.0,0.0,0.0,0.0,0.0,0.0,0.0,0.0,,0.4,10,0.0251519552865393,12.0,True,1,40-50,3.67746512345679
Toni Braxton,Alec Mazo,Singer/Rapper,Maryland,United States,40,7,Eliminated Week 5,8,7.5,7.0,8.0,,7.0,8.0,8.0,,8.0,7.0,7.0,,7.0,7.0,8.0,,7.0,7.0,8.0,,0.0,0.0,0.0,,0.0,0.0,0.0,,0.0,0.0,0.0,,0.0,0.0,0.0,,0.0,0.0,0.0,,,,,,7.5,7.666666666666667,7.333333333333333,7.333333333333333,7.333333333333333,0.0,0.0,0.0,0.0,0.0,,3.7166666666666672,10,0.07551299501207442,22.375,True,1,30-40,5.2339473613181
Lance Bass,Lacey Schwimmer,Singer/Rapper,Mississippi,United States,29,7,3rd Place,3,7.5,6.0,8.0,,7.0,6.0,7.0,,8.0,7.0,7.0,,9.0,8.0,9.0,,7.0,7.0,7.0,,9.0,9.0,9.0,,9.0,7.0,9.0,,8.5,7.5,9.0,,10.0,9.0,9.5,,9.0,9.0,9.5,,,,,,7.166666666666667,6.666666666666667,7.333333333333333,8.666666666666666,7.0,9.0,8.333333333333334,8.333333333333334,9.5,9.166666666666666,,8.116666666666667,10,0.14775499936971997,24.61111111111111,False,1,<30,5.2339473613181
Kim Kardashian,Mark Ballas,TV Personality,California,United States,27,7,Eliminated Week 2,11,6.0,6.5,6.0,,6.0,6.0,5.0,,0.0,0.0,0.0,,0.0,0.0,0.0,,0.0,0.0,0.0,,0.0,0.0,0.0,,0.0,0.0,0.0,,0.0,0.0,0.0,,0.0,0.0,0.0,,0.0,0.0,0.0,,,,,,6.166666666666667,5.666666666666667,0.0,0.0,0.0,0.0,0.0,0.0,0.0,0.0,,1.1833333333333333,10,0.04485892737804695,17.75,True,1,<30,5.1819820478416
Rocco DiSpirito,Karina Smirnoff,TV Personality,New York,United States,41,7,Eliminated Week 4,9,6.0,5.5,6.0,,5.0,6.0,5.0,,7.0,7.0,6.0,,6.0,6.0,6.0,,0.0,0.0,0.0,,0.0,0.0,0.0,,0.0,0.0,0.0,,0.0,0.0,0.0,,0.0,0.0,0.0,,0.0,0.0,0.0,,,,,,5.833333333333333,5.333333333333333,6.666666666666667,6.0,0.0,0.0,0.0,0.0,0.0,0.0,,2.3833333333333337,10,0.07237740541958683,17.166666666666668,True,1,40-50,5.1819820478416
Brooke Burke,Derek Hough,TV Personality,Connecticut,United States,37,7,1st Place,1,8.0,8.0,8.5,,8.0,8.0,8.0,,9.0,10.0,9.0,,9.0,8.0,9.0,,10.0,9.0,10.0,,8.0,10.0,8.0,,10.0,10.0,10.0,,9.5,8.5,9.5,,8.0,8.5,8.0,,10.0,10.0,10.0,,,,,,8.166666666666666,8.0,9.333333333333334,8.666666666666666,9.666666666666666,8.666666666666666,10.0,9.166666666666666,8.166666666666666,10.0,,8.983333333333333,10,0.21558238465410143,26.833333333333332,False,1,30-40,5.1819820478416
Gilles Marini,Cheryl Burke,Actor/Actress,,France,33,8,2nd Place,2,8.0,8.0,8.0,,9.0,9.0,9.0,,9.0,9.0,9.0,,10.0,10.0,10.0,,10.0,9.0,10.0,,9.0,8.0,9.0,,9.0,9.0,9.0,,9.0,9.0,9.5,,9.5,9.0,9.5,,10.0,10.0,10.0,,9.5,10.0,9.5,,8.0,9.0,9.0,10.0,9.666666666666666,8.666666666666666,9.0,9.166666666666666,9.333333333333334,10.0,9.666666666666666,9.227272727272727,11,0.15627750338341953,28.05,False,0,30-40,5.4682266313525885
Denise Richards,Maksim Chmerkoskiy,Actor/Actress,Illinois,United States,38,8,Eliminated Week 3,12,6.0,6.0,6.0,,7.0,7.0,7.0,,5.0,6.0,5.0,,0.0,0.0,0.0,,0.0,0.0,0.0,,0.0,0.0,0.0,,0.0,0.0,0.0,,0.0,0.0,0.0,,0.0,0.0,0.0,,0.0,0.0,0.0,,0.0,0.0,0.0,,6.0,7.0,5.333333333333333,0.0,0.0,0.0,0.0,0.0,0.0,0.0,0.0,1.6666666666666665,11,0.04076790949818545,18.5,True,1,30-40,5.4682266313525885
David Alan Grier,Kym Johnson,Actor/Actress,Michigan,United States,52,8,Eliminated Week 5,9,6.0,7.0,6.0,,6.0,5.0,6.0,,8.0,8.0,8.0,,8.0,7.0,7.0,,7.0,8.0,7.0,,0.0,0.0,0.0,,0.0,0.0,0.0,,0.0,0.0,0.0,,0.0,0.0,0.0,,0.0,0.0,0.0,,0.0,0.0,0.0,,6.333333333333333,5.666666666666667,8.0,7.333333333333333,7.333333333333333,0.0,0.0,0.0,0.0,0.0,0.0,3.1515151515151514,11,0.05923503775210703,21.25,True,1,50+,5.4682266313525885
Lawrence Taylor,Edyta Sliwinska,Athlete,Virginia,United States,50,8,Eliminated Week 7,7,6.0,5.0,5.0,,7.0,6.0,7.0,,7.0,6.0,7.0,,7.0,5.0,7.0,,6.0,7.0,7.0,,7.0,7.0,8.0,,7.0,7.0,7.0,,0.0,0.0,0.0,,0.0,0.0,0.0,,0.0,0.0,0.0,,0.0,0.0,0.0,,5.333333333333333,6.666666666666667,6.666666666666667,6.333333333333333,6.666666666666667,7.333333333333333,7.0,0.0,0.0,0.0,0.0,4.181818181818182,11,0.09985118322221882,20.333333333333332,True,1,40-50,5.533598519758994
Ty Murray,Chelsie Hightower,Athlete,Arizona,United States,39,8,Eliminated Week 10,4,5.0,4.0,5.0,,7.0,6.0,7.0,,8.0,8.0,7.0,,9.0,8.0,8.0,,7.0,7.0,7.0,,6.0,6.0,6.0,,8.0,8.0,8.0,,9.0,8.0,9.0,,7.5,8.0,7.5,,8.0,8.0,8.0,,0.0,0.0,0.0,,4.666666666666667,6.666666666666667,7.666666666666667,8.333333333333334,7.0,6.0,8.0,8.666666666666666,7.666666666666667,8.0,0.0,6.606060606060606,11,0.13778761438165255,22.666666666666668,True,1,30-40,5.533598519758994
Shawn Johnson,Mark Ballas,Athlete,Iowa,United States,17,8,1st Place,1,8.0,8.0,7.0,,8.0,8.0,8.0,,9.0,9.0,9.0,,8.0,8.0,9.0,,9.0,8.0,9.0,,8.0,9.0,9.0,,9.0,9.0,10.0,,9.0,8.0,9.0,,9.5,9.0,9.5,,9.5,9.0,9.5,,10.0,10.0,10.0,,7.666666666666667,8.0,9.0,8.333333333333334,8.666666666666666,8.666666666666666,9.333333333333334,8.666666666666666,9.333333333333334,9.333333333333334,10.0,8.818181818181817,11,0.20898128779537672,26.8,False,1,<30,5.533598519758994
Steve Wozniak,Karina Smirnoff,Entrepreneur,California,United States,58,8,Eliminated Week 4,10,5.0,4.0,4.0,,6.0,5.0,6.0,,4.0,3.0,3.0,,4.0,4.0,4.0,,0.0,0.0,0.0,,0.0,0.0,0.0,,0.0,0.0,0.0,,0.0,0.0,0.0,,0.0,0.0,0.0,,0.0,0.0,0.0,,0.0,0.0,0.0,,4.333333333333333,5.666666666666667,3.3333333333333335,4.0,0.0,0.0,0.0,0.0,0.0,0.0,0.0,1.575757575757576,11,0.08369059260099293,13.0,True,1,50+,2.8019886363636366
Belinda Carlisle,Jonathan Roberts,Singer/Rapper,California,United States,50,8,Eliminated Week 2,13,6.0,6.0,5.0,,6.0,6.0,6.0,,0.0,0.0,0.0,,0.0,0.0,0.0,,0.0,0.0,0.0,,0.0,0.0,0.0,,0.0,0.0,0.0,,0.0,0.0,0.0,,0.0,0.0,0.0,,0.0,0.0,0.0,,0.0,0.0,0.0,,5.666666666666667,6.0,0.0,0.0,0.0,0.0,0.0,0.0,0.0,0.0,0.0,1.0606060606060608,11,0.0063771775648405,18.0,True,1,40-50,5.2339473613181
Chuck Wicks,Julianne Hough,Singer/Rapper,Delaware,United States,29,8,Eliminated Week 8,6,6.0,7.0,7.0,,6.0,7.0,7.0,,8.0,7.0,8.0,,8.0,7.0,7.0,,7.0,8.0,8.0,,8.0,7.0,8.0,,9.0,9.0,9.0,,8.5,8.5,8.5,,0.0,0.0,0.0,,0.0,0.0,0.0,,0.0,0.0,0.0,,6.666666666666667,6.666666666666667,7.666666666666667,7.333333333333333,7.666666666666667,7.666666666666667,9.0,8.5,0.0,0.0,0.0,5.560606060606061,11,0.09548528191529718,23.357142857142858,True,1,<30,5.2339473613181
Lil' Kim,Derek Hough,Singer/Rapper,New York,United States,34,8,Eliminated Week 9,5,7.0,7.0,7.0,,8.0,7.0,8.0,,8.0,8.0,9.0,,9.0,8.0,10.0,,9.0,8.0,9.0,,10.0,8.0,10.0,,9.0,8.0,9.0,,9.0,9.0,10.0,,8.5,9.0,8.5,,0.0,0.0,0.0,,0.0,0.0,0.0,,7.0,7.666666666666667,8.333333333333334,9.0,8.666666666666666,9.333333333333334,8.666666666666666,9.333333333333334,8.666666666666666,0.0,0.0,6.96969696969697,11,0.10958791254497163,26.125,True,1,30-40,5.2339473613181
Steve-O,Lacey Schwimmer,TV Personality,,England,34,8,Eliminated Week 6,8,6.0,5.0,6.0,,5.0,4.0,5.0,,5.0,5.0,5.0,,5.0,5.0,5.0,,6.0,6.0,6.0,,7.0,4.0,5.0,,0.0,0.0,0.0,,0.0,0.0,0.0,,0.0,0.0,0.0,,0.0,0.0,0.0,,0.0,0.0,0.0,,5.666666666666667,4.666666666666667,5.0,5.0,6.0,5.333333333333333,0.0,0.0,0.0,0.0,0.0,2.878787878787879,11,0.11091653546236098,15.6,True,0,30-40,5.1819820478416
Holly Madison,Dmitry Chaplin,TV Personality,Oregon,United States,30,8,Eliminated Week 4,11,6.0,6.0,6.0,,6.0,6.0,6.0,,5.0,6.0,6.0,,5.0,6.0,5.0,,0.0,0.0,0.0,,0.0,0.0,0.0,,0.0,0.0,0.0,,0.0,0.0,0.0,,0.0,0.0,0.0,,0.0,0.0,0.0,,0.0,0.0,0.0,,6.0,6.0,5.666666666666667,5.333333333333333,0.0,0.0,0.0,0.0,0.0,0.0,0.0,2.090909090909091,11,0.0743479993807565,17.0,True,1,<30,5.1819820478416
Melissa Rycroft,Tony Dovolani,TV Personality,Texas,United States,26,8,3rd Place,3,8.0,7.0,8.0,,9.0,8.0,9.0,,9.0,9.0,9.0,,10.0,9.0,10.0,,8.0,8.0,9.0,,9.0,9.0,9.0,,10.0,9.0,10.0,,7.5,7.5,8.0,,9.5,9.5,9.5,,9.0,9.5,9.0,,9.5,9.5,9.5,,7.666666666666667,8.666666666666666,9.0,9.666666666666666,8.333333333333334,9.0,9.666666666666666,7.666666666666667,9.5,9.166666666666666,9.5,8.893939393939394,11,0.16095645848503048,27.05,False,1,<30,5.1819820478416
Ashley Hamiliton,Edyta Sliwinska,Actor/Actress,California,United States,34,9,Eliminated Week 1,16,6.3333,7.3333,5.3333,,0.0,0.0,0.0,,0.0,0.0,0.0,,0.0,0.0,0.0,,0.0,0.0,0.0,,0.0,0.0,0.0,,0.0,0.0,0.0,,0.0,0.0,0.0,,0.0,0.0,0.0,,0.0,0.0,0.0,,,,,,6.3333,0.0,0.0,0.0,0.0,0.0,0.0,0.0,0.0,0.0,,0.6333300000000001,10,0.0097430872512591,18.9999,True,1,30-40,5.4682266313525885
Debi Mazar,Maksim Chmerkoskiy,Actor/Actress,New York,United States,45,9,Eliminated Week 3,12,8.0,7.0,7.0,,7.0,7.0,7.0,,6.0,5.0,6.0,,0.0,0.0,0.0,,0.0,0.0,0.0,,0.0,0.0,0.0,,0.0,0.0,0.0,,0.0,0.0,0.0,,0.0,0.0,0.0,,0.0,0.0,0.0,,,,,,7.333333333333333,7.0,5.666666666666667,0.0,0.0,0.0,0.0,0.0,0.0,0.0,,2.0,10,0.05362792861535103,20.0,True,1,40-50,5.4682266313525885
Melissa Joan Hart,Mark Ballas,Actor/Actress,New York,United States,33,9,Eliminated Week 6,9,8.0,8.0,8.0,,7.0,6.0,6.0,,6.0,6.0,7.0,,9.0,9.0,10.0,,8.0,8.0,7.0,,8.3333,8.3333,7.3333,,0.0,0.0,0.0,,0.0,0.0,0.0,,0.0,0.0,0.0,,0.0,0.0,0.0,,,,,,8.0,6.333333333333333,6.333333333333333,9.333333333333334,7.666666666666667,7.9999666666666664,0.0,0.0,0.0,0.0,,4.5666633333333335,10,0.08921232466007527,22.833316666666665,True,1,30-40,5.4682266313525885
Mark Dacascos,Lacey Schwimmer,Actor/Actress,Hawaii,United States,45,9,Eliminated Week 7,6,9.6666,9.6666,9.6666,,7.0,7.0,7.0,,6.0,6.0,6.0,,8.0,7.0,7.0,,9.0,9.0,8.0,,11.0,11.0,10.0,,7.0,7.5,7.0,,0.0,0.0,0.0,,0.0,0.0,0.0,,0.0,0.0,0.0,,,,,,9.6666,7.0,6.0,7.333333333333333,8.666666666666666,10.666666666666666,7.166666666666667,0.0,0.0,0.0,,5.649993333333333,10,0.08448401364183164,24.214257142857143,True,1,40-50,5.4682266313525885
Chuck Liddell,Anna Trebunskaya,Athlete,California,United States,39,9,Eliminated Week 4,11,8.0,7.0,7.0,,6.0,7.0,6.0,,6.0,5.0,6.0,,6.0,5.0,6.0,,0.0,0.0,0.0,,0.0,0.0,0.0,,0.0,0.0,0.0,,0.0,0.0,0.0,,0.0,0.0,0.0,,0.0,0.0,0.0,,,,,,7.333333333333333,6.333333333333333,5.666666666666667,5.666666666666667,0.0,0.0,0.0,0.0,0.0,0.0,,2.5,10,0.06765135629244498,18.75,True,1,30-40,5.533598519758994
Natalie Coughlin,Alec Mazo,Athlete,California,United States,27,9,Eliminated Week 5,10,9.6666,8.6666,8.6666,,7.0,7.0,7.0,,9.0,8.0,9.0,,8.0,8.0,8.0,,7.0,8.0,7.0,,0.0,0.0,0.0,,0.0,0.0,0.0,,0.0,0.0,0.0,,0.0,0.0,0.0,,0.0,0.0,0.0,,,,,,8.999933333333333,7.0,8.666666666666666,8.0,7.333333333333333,0.0,0.0,0.0,0.0,0.0,,3.9999933333333333,10,0.06719322026357441,23.999959999999998,True,1,<30,5.533598519758994
Louie Vito,Chelsie Hightower,Athlete,Ohio,United States,21,9,Eliminated Week 6,8,8.6666,9.6666,8.6666,,6.0,7.0,6.0,,8.0,5.0,7.0,,5.0,5.0,6.0,,7.0,8.0,7.0,,8.0,8.0,8.0,,0.0,0.0,0.0,,0.0,0.0,0.0,,0.0,0.0,0.0,,0.0,0.0,0.0,,,,,,8.999933333333333,6.333333333333333,6.666666666666667,5.333333333333333,7.333333333333333,8.0,0.0,0.0,0.0,0.0,,4.26666,10,0.09602820618941289,21.333299999999998,True,1,<30,5.533598519758994
Michael Irvin,Anna Demidova,Athlete,Florida,United States,43,9,Eliminated Week 7,7,7.0,6.0,6.0,,7.0,7.0,6.0,,5.0,4.0,5.0,,5.0,6.0,5.0,,7.0,7.0,7.0,,6.6666,8.6666,6.6666,,8.0,8.0,7.5,,0.0,0.0,0.0,,0.0,0.0,0.0,,0.0,0.0,0.0,,,,,,6.333333333333333,6.666666666666667,4.666666666666667,5.333333333333333,7.0,7.333266666666667,7.833333333333333,0.0,0.0,0.0,,4.51666,10,0.09451852836836587,19.357114285714285,True,1,40-50,5.533598519758994
Joanna Krupa,Derek Hough,Model,,Poland,30,9,Eliminated Week 9,4,11.3333,11.3333,11.3333,,6.0,7.0,7.0,,7.0,8.0,8.0,,9.0,8.0,9.0,,8.0,8.0,8.0,,11.3333,12.3333,12.3333,,9.0,9.0,9.5,,8.5,8.5,9.0,,9.0,9.0,9.0,,0.0,0.0,0.0,,,,,,11.3333,6.666666666666667,7.666666666666667,8.666666666666666,8.0,11.999966666666666,9.166666666666666,8.666666666666666,9.0,0.0,,8.11666,10,0.11286369584209408,27.055533333333333,True,0,<30,3.2939875361457713
Kathy Ireland,Tony Dovolani,Model,California,United States,46,9,Eliminated Week 2,14,7.3333,6.3333,6.3333,,6.0,6.0,6.0,,0.0,0.0,0.0,,0.0,0.0,0.0,,0.0,0.0,0.0,,0.0,0.0,0.0,,0.0,0.0,0.0,,0.0,0.0,0.0,,0.0,0.0,0.0,,0.0,0.0,0.0,,,,,,6.666633333333333,6.0,0.0,0.0,0.0,0.0,0.0,0.0,0.0,0.0,,1.2666633333333333,10,0.0402748482563845,18.99995,True,1,40-50,3.2939875361457713
Tom DeLay,Cheryl Burke,Politician,Texas,United States,62,9,Withdrew,13,7.3333,6.3333,6.3333,,6.0,6.0,6.0,,6.0,4.0,5.0,,0.0,0.0,0.0,,0.0,0.0,0.0,,0.0,0.0,0.0,,0.0,0.0,0.0,,0.0,0.0,0.0,,0.0,0.0,0.0,,0.0,0.0,0.0,,,,,,6.666633333333333,6.0,5.0,0.0,0.0,0.0,0.0,0.0,0.0,0.0,,1.7666633333333333,10,0.06851100724544727,17.666633333333333,False,1,50+,2.682322121212121
Macy Gray,Jonathan Roberts,Singer/Rapper,Ohio,United States,42,9,Eliminated Week 1,15,7.3333,5.3333,6.3333,,0.0,0.0,0.0,,0.0,0.0,0.0,,0.0,0.0,0.0,,0.0,0.0,0.0,,0.0,0.0,0.0,,0.0,0.0,0.0,,0.0,0.0,0.0,,0.0,0.0,0.0,,0.0,0.0,0.0,,,,,,6.3333,0.0,0.0,0.0,0.0,0.0,0.0,0.0,0.0,0.0,,0.6333300000000001,10,0.0037587505828864,18.9999,True,1,40-50,5.2339473613181
Aaron Carter,Karina Smirnoff,Singer/Rapper,Florida,United States,21,9,Eliminated Week 8,5,10.3333,11.3333,10.3333,,9.0,9.0,9.0,,8.0,6.0,7.0,,6.0,6.0,6.0,,8.0,8.0,8.0,,10.6666,11.6666,10.6666,,8.5,9.0,9.0,,8.0,8.5,8.5,,0.0,0.0,0.0,,0.0,0.0,0.0,,,,,,10.666633333333332,9.0,7.0,6.0,8.0,10.999933333333333,8.833333333333334,8.333333333333334,0.0,0.0,,6.883323333333334,10,0.10083576653469982,25.812462500000002,True,1,<30,5.2339473613181
Mya,Dmitry Chaplin,Singer/Rapper,Washington D.C.,United States,29,9,2nd Place,2,11.3333,8.3333,11.3333,,9.0,9.0,9.0,,10.0,7.0,10.0,,10.0,8.0,10.0,,9.0,9.0,9.0,,11.0,10.0,12.0,,8.5,7.5,8.5,,9.5,10.0,10.0,,9.3333,9.6666,10.0,,9.4444,9.4444,9.4444,,,,,,10.3333,9.0,9.0,9.333333333333334,9.0,11.0,8.166666666666666,9.833333333333334,9.666633333333333,9.4444,,9.477766666666668,10,0.15014321462528338,28.433299999999996,False,1,<30,5.2339473613181
Donny Osmond,Kym Johnson,Singer/Rapper,Utah,United States,51,9,1st Place,1,10.3333,9.3333,10.3333,,8.0,9.0,8.0,,7.0,7.0,7.0,,8.0,8.0,8.0,,10.0,9.0,10.0,,10.3333,10.3333,10.3333,,8.5,8.5,9.0,,8.5,8.0,8.5,,8.0,8.3333,8.3333,,9.6666,9.6666,9.6666,,,,,,9.999966666666666,8.333333333333334,7.0,8.0,9.666666666666666,10.3333,8.666666666666666,8.333333333333334,8.2222,9.6666,,8.822206666666668,10,0.1908507186036221,26.46662,False,1,50+,5.2339473613181
Kelly Osbourne,Louis van Amstel,TV Personality,,England,24,9,3rd Place,3,9.6666,10.6666,10.6666,,6.0,7.0,6.0,,7.0,6.0,7.0,,8.0,7.0,8.0,,8.0,8.0,8.0,,8.6666,7.6666,8.6666,,8.5,8.5,9.0,,8.0,8.5,9.0,,8.6666,8.6666,8.6666,,8.5,8.5,8.2222,,,,,,10.333266666666667,6.333333333333333,6.666666666666667,7.666666666666667,8.0,8.333266666666667,8.666666666666666,8.5,8.6666,8.4074,,8.157386666666666,10,0.1336100425269225,24.47216,False,0,<30,5.1819820478416
Aiden Turner,Edyta Sliwinska,Actor/Actress,,England,32,10,Eliminated Week 4,9,5.0,5.0,5.0,,7.0,6.0,6.0,,7.0,6.0,7.0,,5.5,5.5,5.5,,0.0,0.0,0.0,,0.0,0.0,0.0,,0.0,0.0,0.0,,0.0,0.0,0.0,,0.0,0.0,0.0,,0.0,0.0,0.0,,,,,,5.0,6.333333333333333,6.666666666666667,5.5,0.0,0.0,0.0,0.0,0.0,0.0,,2.35,10,0.08389178703809867,18.5,True,0,30-40,5.4682266313525885
Shannen Doherty,Mark Ballas,Actor/Actress,Tennessee,United States,38,10,Eliminated Week 2,11,6.0,6.0,6.0,,7.0,6.0,7.0,,0.0,0.0,0.0,,0.0,0.0,0.0,,0.0,0.0,0.0,,0.0,0.0,0.0,,0.0,0.0,0.0,,0.0,0.0,0.0,,0.0,0.0,0.0,,0.0,0.0,0.0,,,,,,6.0,6.666666666666667,0.0,0.0,0.0,0.0,0.0,0.0,0.0,0.0,,1.2666666666666668,10,0.0132614646156608,20.0,True,1,30-40,5.4682266313525885
Niecy Nash,Louis van Amstel,Actor/Actress,California,United States,40,10,Eliminated Week 8,5,7.0,5.0,6.0,,7.0,7.0,7.0,,7.0,7.0,7.0,,6.0,6.0,6.0,,6.0,6.0,6.0,,8.6666,8.6666,8.6666,,8.5,8.0,8.0,,7.0,7.0,7.5,,0.0,0.0,0.0,,0.0,0.0,0.0,,,,,,6.0,7.0,7.0,6.0,6.0,8.6666,8.166666666666666,7.166666666666667,0.0,0.0,,5.599993333333333,10,0.1246698622625122,21.428542857142855,True,1,30-40,5.4682266313525885
Buzz Aldrin,Ashly DelGrosso,Astronaut,New Jersey,United States,80,10,Eliminated Week 3,10,5.0,4.0,5.0,,4.0,4.0,4.0,,5.0,4.0,4.0,,0.0,0.0,0.0,,0.0,0.0,0.0,,0.0,0.0,0.0,,0.0,0.0,0.0,,0.0,0.0,0.0,,0.0,0.0,0.0,,0.0,0.0,0.0,,,,,,4.666666666666667,4.0,4.333333333333333,0.0,0.0,0.0,0.0,0.0,0.0,0.0,,1.3,10,0.0738752746256792,12.5,True,1,50+,1.3
Chad Ochocinco,Cheryl Burke,Athlete,Florida,United States,32,10,Eliminated Week 9,4,6.0,6.0,6.0,,6.0,5.0,5.0,,7.0,6.0,7.0,,7.5,6.5,8.0,,6.0,6.0,6.0,,10.3333,10.3333,10.3333,,8.5,9.0,8.5,,7.5,7.5,7.5,,8.5,8.5,9.0,,0.0,0.0,0.0,,,,,,6.0,5.333333333333333,6.666666666666667,7.333333333333333,6.0,10.3333,8.666666666666666,7.5,8.666666666666666,0.0,,6.649996666666667,10,0.15835779360016305,22.6874875,True,1,30-40,5.533598519758994
Evan Lysacek,Anna Trebunskaya,Athlete,Illinois,United States,24,10,2nd Place,2,8.0,7.0,8.0,,8.0,8.0,8.0,,9.0,8.0,9.0,,9.0,8.0,9.0,,9.0,9.0,9.0,,9.0,9.0,9.0,,9.0,9.0,9.0,,9.0,8.5,9.0,,10.0,9.5,10.0,,9.3333,8.7777,8.7777,,,,,,7.666666666666667,8.0,8.666666666666666,8.666666666666666,9.0,9.0,9.0,8.833333333333334,9.833333333333334,8.9629,,8.762956666666668,10,0.1726367957025445,26.6543,False,1,<30,5.533598519758994
Pamela Anderson,Damian Whitewood,Model,,Canada,42,10,Eliminated Week 7,6,7.0,6.0,8.0,,7.0,7.0,8.0,,7.0,7.0,7.0,,7.5,7.5,8.5,,7.0,6.0,8.0,,9.6666,9.6666,10.6666,,8.5,8.5,8.5,,0.0,0.0,0.0,,0.0,0.0,0.0,,0.0,0.0,0.0,,,,,,7.0,7.333333333333333,7.0,7.833333333333333,7.0,9.999933333333333,8.5,0.0,0.0,0.0,,5.466659999999999,10,0.09873098858426933,23.833299999999998,True,0,40-50,3.2939875361457713
Nicole Scherzinger,Derek Hough,Singer/Rapper,Hawaii,United States,31,10,1st Place,1,9.0,7.0,9.0,,10.0,8.0,10.0,,8.0,6.0,9.0,,8.5,8.0,8.5,,10.0,9.0,10.0,,12.3333,10.3333,13.3333,,9.0,9.0,9.0,,10.0,9.5,10.0,,10.0,9.5,10.0,,9.5,9.5,9.7777,,,,,,8.333333333333334,9.333333333333334,7.666666666666667,8.333333333333334,9.666666666666666,11.999966666666666,9.0,9.833333333333334,9.833333333333334,9.592566666666666,,9.359253333333333,10,0.18424043663368414,28.419733333333333,False,1,30-40,5.2339473613181
Erin Andrews,Maksim Chmerkoskiy,Sports Broadcaster,Maine,United States,32,10,3rd Place,3,7.0,7.0,7.0,,8.0,7.0,8.0,,8.0,7.0,8.0,,6.5,6.5,6.5,,7.0,7.0,8.0,,12.0,10.0,12.0,,8.5,8.5,8.5,,8.5,9.0,9.0,,9.5,9.0,9.5,,9.2222,8.8888,8.8888,,,,,,7.0,7.666666666666667,7.666666666666667,6.5,7.333333333333333,11.333333333333334,8.5,8.833333333333334,9.333333333333334,8.999933333333333,,8.31666,10,0.1845111863269321,25.388866666666665,False,1,30-40,4.429163333333333
Kate Gosselin,Tony Dovolani,TV Personality,Pennsylvania,United States,35,10,Eliminated Week 5,8,6.0,5.0,5.0,,5.0,5.0,5.0,,5.0,5.0,5.0,,5.0,5.5,5.5,,5.0,5.0,5.0,,0.0,0.0,0.0,,0.0,0.0,0.0,,0.0,0.0,0.0,,0.0,0.0,0.0,,0.0,0.0,0.0,,,,,,5.333333333333333,5.0,5.0,5.333333333333333,5.0,0.0,0.0,0.0,0.0,0.0,,2.5666666666666664,10,0.12459563542834222,15.25,True,1,30-40,5.1819820478416
Jake Pavelka,Chelsie Hightower,TV Personality,Texas,United States,32,10,Eliminated Week 6,7,7.0,6.0,7.0,,6.0,7.0,7.0,,7.0,7.0,7.0,,6.5,6.5,6.0,,8.0,7.0,8.0,,8.3333,8.3333,8.3333,,0.0,0.0,0.0,,0.0,0.0,0.0,,0.0,0.0,0.0,,0.0,0.0,0.0,,,,,,6.666666666666667,6.666666666666667,7.0,6.333333333333333,7.666666666666667,8.3333,0.0,0.0,0.0,0.0,,4.266663333333333,10,0.09689939983847196,21.59998,True,1,30-40,5.1819820478416
David Hasselhoff,Kym Johnson,Actor/Actress,Maryland,United States,58,11,Eliminated Week 1,12,5.0,5.0,5.0,,0.0,0.0,0.0,,0.0,0.0,0.0,,0.0,0.0,0.0,,0.0,0.0,0.0,,0.0,0.0,0.0,,0.0,0.0,0.0,0.0,0.0,0.0,0.0,,0.0,0.0,0.0,,0.0,0.0,0.0,,,,,,5.0,0.0,0.0,0.0,0.0,0.0,0.0,0.0,0.0,0.0,,0.5,10,0.0095992608123006,15.0,True,1,50+,5.4682266313525885
Florence Henderson,Corky Ballas,Actor/Actress,Indiana,United States,76,11,Eliminated Week 5,8,6.0,6.0,6.0,,7.0,6.0,6.0,,7.0,6.0,7.0,,6.0,6.0,5.5,,7.0,7.0,7.0,,0.0,0.0,0.0,,0.0,0.0,0.0,0.0,0.0,0.0,0.0,,0.0,0.0,0.0,,0.0,0.0,0.0,,,,,,6.0,6.333333333333333,6.666666666666667,5.833333333333333,7.0,0.0,0.0,0.0,0.0,0.0,,3.183333333333333,10,0.0877212518606723,19.1,True,1,50+,5.4682266313525885
Kyle Massey,Lacey Schwimmer,Actor/Actress,Georgia,United States,19,11,2nd Place,2,8.0,7.0,8.0,,8.0,7.0,7.0,,8.0,7.0,8.0,,7.0,6.5,6.5,,8.0,5.0,7.0,,10.3333,9.3333,10.3333,,9.0,8.5,8.0,8.0,9.5,9.0,9.5,,10.0,9.0,10.0,,9.3333,8.6666,9.3333,,,,,,7.666666666666667,7.333333333333333,7.666666666666667,6.666666666666667,6.666666666666667,9.999966666666666,8.375,9.333333333333334,9.666666666666666,9.111066666666666,,8.248603333333332,10,0.20793016463920547,25.58331,False,1,<30,5.4682266313525885
Jennifer Grey,Derek Hough,Actor/Actress,New York,United States,50,11,1st Place,1,8.0,8.0,8.0,,8.0,8.0,8.0,,8.0,8.0,8.0,,9.5,9.0,9.5,,8.0,8.0,9.0,,9.0,10.0,10.0,,9.5,9.0,9.0,9.0,9.5,9.5,9.5,,10.0,10.0,10.0,,10.0,10.0,10.0,,,,,,8.0,8.0,8.0,9.333333333333334,8.333333333333334,9.666666666666666,9.125,9.5,10.0,10.0,,8.995833333333334,10,0.1803012471200533,27.9,False,1,40-50,5.4682266313525885
Rick Fox,Cheryl Burke,Athlete,,Canada,41,11,Eliminated Week 7,6,8.0,7.0,7.0,,7.0,7.0,7.0,,8.0,8.0,8.0,,6.0,7.0,6.5,,8.0,8.0,8.0,,10.0,10.0,10.0,,9.0,8.5,8.5,8.5,0.0,0.0,0.0,,0.0,0.0,0.0,,0.0,0.0,0.0,,,,,,7.333333333333333,7.0,8.0,6.5,8.0,10.0,8.625,0.0,0.0,0.0,,5.5458333333333325,10,0.10574644033217233,25.0,True,0,40-50,5.533598519758994
Kurt Warner,Anna Trebunskaya,Athlete,Iowa,United States,39,11,Eliminated Week 8,5,7.0,5.0,7.0,,7.0,7.0,7.0,,8.0,8.0,7.0,,6.0,5.5,5.5,,8.0,8.0,8.0,,7.3333,7.3333,7.3333,,9.5,8.5,8.5,8.5,8.0,8.0,8.0,,0.0,0.0,0.0,,0.0,0.0,0.0,,,,,,6.333333333333333,7.0,7.666666666666667,5.666666666666667,8.0,7.3333,8.75,8.0,0.0,0.0,,5.874996666666666,10,0.11372185212131271,23.1249875,True,1,30-40,5.533598519758994
Margaret Cho,Louis van Amstel,Comedian,California,United States,41,11,Eliminated Week 3,10,5.0,5.0,5.0,,6.0,6.0,6.0,,6.0,6.0,6.0,,0.0,0.0,0.0,,0.0,0.0,0.0,,0.0,0.0,0.0,,0.0,0.0,0.0,0.0,0.0,0.0,0.0,,0.0,0.0,0.0,,0.0,0.0,0.0,,,,,,5.0,6.0,6.0,0.0,0.0,0.0,0.0,0.0,0.0,0.0,,1.7,10,0.10093270329973347,17.0,True,1,40-50,3.67746512345679
Michael Bolton,Chelsie Hightower,Singer/Rapper,Connecticut,United States,57,11,Eliminated Week 2,11,6.0,5.0,5.0,,4.0,5.0,3.0,,0.0,0.0,0.0,,0.0,0.0,0.0,,0.0,0.0,0.0,,0.0,0.0,0.0,,0.0,0.0,0.0,0.0,0.0,0.0,0.0,,0.0,0.0,0.0,,0.0,0.0,0.0,,,,,,5.333333333333333,4.0,0.0,0.0,0.0,0.0,0.0,0.0,0.0,0.0,,0.9333333333333332,10,0.05131382252463825,14.0,True,1,50+,5.2339473613181
Brandy,Maksim Chmerkoskiy,Singer/Rapper,Mississippi,United States,31,11,Eliminated Week 9,4,7.0,8.0,8.0,,7.0,7.0,7.0,,8.0,8.0,8.0,,8.0,8.0,8.0,,9.0,9.0,9.0,,11.3333,12.3333,12.3333,,9.0,9.0,9.5,9.0,9.0,9.5,10.0,,9.5,9.5,9.5,,0.0,0.0,0.0,,,,,,7.666666666666667,7.0,8.0,8.0,9.0,11.999966666666666,9.125,9.5,9.5,0.0,,7.979163333333334,10,0.12139048907296897,27.6111,True,1,30-40,5.2339473613181
The Situation,Karina Smirnoff,TV Personality,New York,United States,28,11,Eliminated Week 4,9,5.0,5.0,5.0,,6.0,6.0,6.0,,7.0,6.0,7.0,,5.0,4.5,4.5,,0.0,0.0,0.0,,0.0,0.0,0.0,,0.0,0.0,0.0,0.0,0.0,0.0,0.0,,0.0,0.0,0.0,,0.0,0.0,0.0,,,,,,5.0,6.0,6.666666666666667,4.666666666666667,0.0,0.0,0.0,0.0,0.0,0.0,,2.2333333333333334,10,0.0784055998790078,16.75,True,1,<30,5.1819820478416
Audrina Patridge,Tony Dovolani,TV Personality,California,United States,25,11,Eliminated Week 6,7,6.0,7.0,6.0,,8.0,8.0,7.0,,8.0,9.0,9.0,,8.0,7.5,7.5,,7.0,8.0,8.0,,10.6666,10.6666,10.6666,,0.0,0.0,0.0,0.0,0.0,0.0,0.0,,0.0,0.0,0.0,,0.0,0.0,0.0,,,,,,6.333333333333333,7.666666666666667,8.666666666666666,7.666666666666667,7.666666666666667,10.6666,0.0,0.0,0.0,0.0,,4.86666,10,0.08667652059897078,24.333299999999998,True,1,<30,5.1819820478416
Bristol Palin,Mark Ballas,TV Personality,Alaska,United States,19,11,3rd Place,3,6.0,6.0,6.0,,7.0,8.0,7.0,,6.0,6.0,7.0,,5.0,5.5,5.5,,6.0,6.0,6.0,,9.6666,8.6666,9.6666,,8.5,8.0,8.0,8.0,7.5,8.0,8.0,,8.5,9.0,9.0,,8.3333,9.0,8.3333,,,,,,6.0,7.333333333333333,6.333333333333333,5.333333333333333,6.0,9.333266666666667,8.125,7.833333333333333,8.833333333333334,8.555533333333335,,7.368046666666666,10,0.16878587832809894,22.91664,False,1,<30,5.1819820478416
Ralph Macchio,Karina Smirnoff,Actor/Actress,New York,United States,49,12,Eliminated Week 9,4,8.0,8.0,8.0,,7.0,7.0,7.0,,7.0,7.0,7.0,,8.0,8.0,9.0,,8.0,7.0,7.0,,8.0,8.0,8.0,,9.0,8.5,7.5,8.0,7.5,7.5,8.0,,8.0,8.0,8.0,,0.0,0.0,0.0,,,,,,8.0,7.0,7.0,8.333333333333334,7.333333333333333,8.0,8.25,7.666666666666667,8.0,0.0,,6.958333333333334,10,0.14913097430836905,24.125,True,1,40-50,5.4682266313525885
Chelsea Kane,Mark Ballas,Actor/Actress,Arizona,United States,22,12,3rd Place,3,7.0,7.0,7.0,,6.0,5.0,7.0,,7.0,8.0,8.0,,9.0,8.0,9.0,,9.0,8.0,9.0,,10.0,9.0,9.0,,8.0,8.5,7.5,8.0,9.0,9.0,9.5,,12.0,12.0,12.5,,10.0,9.6666,10.0,,,,,,7.0,6.0,7.666666666666667,8.666666666666666,8.666666666666666,9.333333333333334,8.0,9.166666666666666,12.166666666666666,9.888866666666667,,8.655553333333334,10,0.14243059673014,27.407400000000003,False,1,<30,5.4682266313525885
Kirstie Alley,Maksim Chmerkoskiy,Actor/Actress,Kansas,United States,60,12,2nd Place,2,8.0,7.0,8.0,,7.0,6.0,7.0,,7.0,7.0,7.0,,7.0,7.0,8.0,,8.0,7.0,8.0,,8.0,9.0,9.0,,8.0,7.0,7.0,8.0,8.5,9.0,9.0,,9.0,9.0,9.0,,9.3333,9.3333,9.3333,,,,,,7.666666666666667,6.666666666666667,7.0,7.333333333333333,7.666666666666667,8.666666666666666,7.5,8.833333333333334,9.0,9.3333,,7.966663333333334,10,0.16877862320733392,24.833322222222222,False,1,50+,5.4682266313525885
Hines Ward,Kym Johnson,Athlete,,South Korea,35,12,1st Place,1,7.0,7.0,7.0,,8.0,7.0,8.0,,9.0,8.0,8.0,,9.0,8.0,8.0,,9.0,9.0,9.0,,9.0,9.0,9.0,,8.0,8.0,8.0,9.0,9.0,9.0,9.0,,10.0,10.0,10.0,,10.0,9.6666,10.0,,,,,,7.0,7.666666666666667,8.333333333333334,8.333333333333334,9.0,9.0,8.25,9.0,10.0,9.888866666666667,,8.64722,10,0.2451168195966228,27.407400000000003,False,0,30-40,5.533598519758994
Sugar Ray Leonard,Anna Trebunskaya,Athlete,North Carolina,United States,54,12,Eliminated Week 4,9,6.0,5.0,6.0,,6.0,5.0,6.0,,7.0,6.0,7.0,,7.0,7.0,7.0,,0.0,0.0,0.0,,0.0,0.0,0.0,,0.0,0.0,0.0,0.0,0.0,0.0,0.0,,0.0,0.0,0.0,,0.0,0.0,0.0,,,,,,5.666666666666667,5.666666666666667,6.666666666666667,7.0,0.0,0.0,0.0,0.0,0.0,0.0,,2.5,10,0.0697651623354112,19.333333333333332,True,1,50+,5.533598519758994
Chris Jericho,Cheryl Burke,Athlete,New York,United States,40,12,Eliminated Week 6,7,7.0,6.0,6.0,,8.0,7.0,8.0,,7.0,7.0,7.0,,8.0,7.0,8.0,,9.0,8.0,9.0,,7.0,8.0,7.0,,0.0,0.0,0.0,0.0,0.0,0.0,0.0,,0.0,0.0,0.0,,0.0,0.0,0.0,,,,,,6.333333333333333,7.666666666666667,7.0,7.666666666666667,8.666666666666666,7.333333333333333,0.0,0.0,0.0,0.0,,4.466666666666667,10,0.0947320083984825,23.0,True,1,30-40,5.533598519758994
Petra Nemcova,Dmitry Chaplin,Model,,Czechoslovakia,31,12,Eliminated Week 5,8,6.0,6.0,6.0,,6.0,6.0,6.0,,8.0,9.0,8.0,,8.0,7.0,8.0,,7.0,7.0,8.0,,0.0,0.0,0.0,,0.0,0.0,0.0,0.0,0.0,0.0,0.0,,0.0,0.0,0.0,,0.0,0.0,0.0,,,,,,6.0,6.0,8.333333333333334,7.666666666666667,7.333333333333333,0.0,0.0,0.0,0.0,0.0,,3.5333333333333337,10,0.09746523199217427,22.0,True,0,30-40,3.2939875361457713
Mike Catherwood,Lacey Schwimmer,Radio Personality,California,United States,32,12,Eliminated Week 2,11,5.0,4.0,4.0,,6.0,5.0,6.0,,0.0,0.0,0.0,,0.0,0.0,0.0,,0.0,0.0,0.0,,0.0,0.0,0.0,,0.0,0.0,0.0,0.0,0.0,0.0,0.0,,0.0,0.0,0.0,,0.0,0.0,0.0,,,,,,4.333333333333333,5.666666666666667,0.0,0.0,0.0,0.0,0.0,0.0,0.0,0.0,,1.0,10,0.0161849914433825,17.0,True,1,30-40,3.056271043771044
Romeo,Chelsie Hightower,Singer/Rapper,Louisiana,United States,21,12,Eliminated Week 8,5,7.0,6.0,6.0,,7.0,8.0,8.0,,7.0,6.0,7.0,,7.0,8.0,8.0,,9.0,8.0,9.0,,10.0,9.0,9.0,,7.5,8.0,7.0,7.5,8.5,9.0,8.5,,0.0,0.0,0.0,,0.0,0.0,0.0,,,,,,6.333333333333333,7.666666666666667,6.666666666666667,7.666666666666667,8.666666666666666,9.333333333333334,7.5,8.666666666666666,0.0,0.0,,6.25,10,0.1335929798827182,25.142857142857142,True,1,<30,5.2339473613181
Wendy Williams,Tony Dovolani,TV Personality,New Jersey,United States,46,12,Eliminated Week 3,10,5.0,4.0,5.0,,6.0,5.0,6.0,,5.0,5.0,5.0,,0.0,0.0,0.0,,0.0,0.0,0.0,,0.0,0.0,0.0,,0.0,0.0,0.0,0.0,0.0,0.0,0.0,,0.0,0.0,0.0,,0.0,0.0,0.0,,,,,,4.666666666666667,5.666666666666667,5.0,0.0,0.0,0.0,0.0,0.0,0.0,0.0,,1.5333333333333334,10,0.08040391034637989,16.0,True,1,40-50,5.1819820478416
Kendra Wilkinson,Louis van Amstel,TV Personality,California,United States,25,12,Eliminated Week 7,6,6.0,6.0,6.0,,7.0,6.0,6.0,,8.0,7.0,8.0,,6.0,6.0,6.0,,8.0,7.0,7.0,,8.0,8.0,9.0,,7.5,7.5,7.5,8.0,0.0,0.0,0.0,,0.0,0.0,0.0,,0.0,0.0,0.0,,,,,,6.0,6.333333333333333,7.666666666666667,6.0,7.333333333333333,8.333333333333334,7.625,0.0,0.0,0.0,,4.929166666666667,10,0.10250962024061144,22.916666666666668,True,1,<30,5.1819820478416
Elisabetta Canalis,Valentin Chmerkovskiy,Actor/Actress,,Italy,33,13,Eliminated Week 2,11,5.0,5.0,5.0,,7.0,7.0,7.0,,0.0,0.0,0.0,,0.0,0.0,0.0,,0.0,0.0,0.0,,0.0,0.0,0.0,,0.0,0.0,0.0,,0.0,0.0,0.0,,0.0,0.0,0.0,,0.0,0.0,0.0,,,,,,5.0,7.0,0.0,0.0,0.0,0.0,0.0,0.0,0.0,0.0,,1.2,10,0.03785103342079915,18.0,True,0,30-40,5.4682266313525885
David Arquette,Kym Johnson,Actor/Actress,Virginia,United States,40,13,Eliminated Week 7,6,6.0,6.0,6.0,,6.0,6.0,6.0,,8.0,8.0,8.0,,8.0,7.0,8.0,,8.0,9.0,8.0,,8.0,7.0,8.0,,8.0,7.5,8.0,,0.0,0.0,0.0,,0.0,0.0,0.0,,0.0,0.0,0.0,,,,,,6.0,6.0,8.0,7.666666666666667,8.333333333333334,7.666666666666667,7.833333333333333,0.0,0.0,0.0,,5.15,10,0.10428396409023988,22.071428571428573,True,1,30-40,5.4682266313525885
Ricki Lake,Derek Hough,Actor/Actress,New York,United States,42,13,3rd Place,3,7.0,6.0,7.0,,8.0,7.0,8.0,,9.0,9.0,9.0,,10.0,9.0,10.0,,8.0,8.0,8.0,,10.0,9.0,10.0,,9.0,8.5,9.0,,8.5,8.5,9.0,,10.8333,11.3333,11.3333,,9.3333,9.3333,9.3333,,,,,,6.666666666666667,7.666666666666667,9.0,9.666666666666666,8.0,9.666666666666666,8.833333333333334,8.666666666666666,11.166633333333332,9.3333,,8.86666,10,0.17671913162904643,26.59998,False,1,40-50,5.4682266313525885
J.R. Martinez,Karina Smirnoff,Actor/Actress,Louisiana,United States,28,13,1st Place,1,8.0,7.0,7.0,,7.0,7.0,8.0,,9.0,8.0,9.0,,8.0,9.0,9.0,,9.0,9.0,10.0,,10.0,9.0,10.0,,8.5,7.5,8.0,,10.0,10.0,10.0,,9.5,9.0,9.5,,9.3333,9.1666,9.6666,,,,,,7.333333333333333,7.333333333333333,8.666666666666666,8.666666666666666,9.333333333333334,9.666666666666666,8.0,10.0,9.333333333333334,9.388833333333332,,8.772216666666667,10,0.1936485185991061,26.31665,False,1,<30,5.4682266313525885
Metta World Peace (Ron),Peta Murgatroyd,Athlete,New York,United States,31,13,Eliminated Week 1,12,5.0,4.0,5.0,,0.0,0.0,0.0,,0.0,0.0,0.0,,0.0,0.0,0.0,,0.0,0.0,0.0,,0.0,0.0,0.0,,0.0,0.0,0.0,,0.0,0.0,0.0,,0.0,0.0,0.0,,0.0,0.0,0.0,,,,,,4.666666666666667,0.0,0.0,0.0,0.0,0.0,0.0,0.0,0.0,0.0,,0.4666666666666667,10,0.0112218200476118,14.0,True,1,30-40,5.533598519758994
Hope Solo,Maksim Chmerkoskiy,Athlete,Washington,United States,30,13,Eliminated Week 9,4,7.0,7.0,7.0,,6.0,7.0,6.0,,8.0,8.0,8.0,,8.0,8.0,8.0,,8.0,8.0,8.0,,7.0,6.0,7.0,,8.5,8.0,8.5,,8.5,9.0,8.5,,8.1666,8.1666,8.1666,,0.0,0.0,0.0,,,,,,7.0,6.333333333333333,8.0,8.0,8.0,6.666666666666667,8.333333333333334,8.666666666666666,8.1666,0.0,,6.91666,10,0.14663714609777262,23.055533333333333,True,1,<30,5.533598519758994
Chynna Phillips,Tony Dovolani,Singer/Rapper,California,United States,43,13,Eliminated Week 4,9,8.0,7.0,7.0,,7.0,7.0,7.0,,8.0,9.0,9.0,,7.0,7.0,7.0,,0.0,0.0,0.0,,0.0,0.0,0.0,,0.0,0.0,0.0,,0.0,0.0,0.0,,0.0,0.0,0.0,,0.0,0.0,0.0,,,,,,7.333333333333333,7.0,8.666666666666666,7.0,0.0,0.0,0.0,0.0,0.0,0.0,,3.0,10,0.06950602875936558,22.5,True,1,40-50,5.2339473613181
Kristin Cavallari,Mark Ballas,TV Personality,Colorado,United States,24,13,Eliminated Week 3,10,7.0,6.0,6.0,,8.0,7.0,7.0,,8.0,8.0,8.0,,0.0,0.0,0.0,,0.0,0.0,0.0,,0.0,0.0,0.0,,0.0,0.0,0.0,,0.0,0.0,0.0,,0.0,0.0,0.0,,0.0,0.0,0.0,,,,,,6.333333333333333,7.333333333333333,8.0,0.0,0.0,0.0,0.0,0.0,0.0,0.0,,2.1666666666666665,10,0.050868365475292394,21.666666666666668,True,1,<30,5.1819820478416
Carson Kressley,Anna Trebunskaya,TV Personality,Pennsylvania,United States,41,13,Eliminated Week 5,8,6.0,5.0,6.0,,6.0,6.0,6.0,,8.0,7.0,8.0,,7.0,6.0,7.0,,6.0,6.0,7.0,,0.0,0.0,0.0,,0.0,0.0,0.0,,0.0,0.0,0.0,,0.0,0.0,0.0,,0.0,0.0,0.0,,,,,,5.666666666666667,6.0,7.666666666666667,6.666666666666667,6.333333333333333,0.0,0.0,0.0,0.0,0.0,,3.2333333333333334,10,0.08994949335470535,19.4,True,1,40-50,5.1819820478416
Chaz Bono,Lacey Schwimmer,TV Personality,California,United States,42,13,Eliminated Week 6,7,6.0,5.0,6.0,,6.0,5.0,6.0,,6.0,6.0,6.0,,7.0,7.0,7.0,,7.0,7.0,7.0,,7.0,6.0,6.0,,0.0,0.0,0.0,,0.0,0.0,0.0,,0.0,0.0,0.0,,0.0,0.0,0.0,,,,,,5.666666666666667,5.666666666666667,6.0,7.0,7.0,6.333333333333333,0.0,0.0,0.0,0.0,,3.766666666666667,10,0.12752225367424455,18.833333333333332,True,1,40-50,5.1819820478416
Nancy Grace,Tristan MacManus,TV Personality,Georgia,United States,51,13,Eliminated Week 8,5,5.0,5.0,6.0,,6.0,8.0,7.0,,7.0,7.0,7.0,,7.0,7.0,7.0,,7.0,7.0,8.0,,9.0,7.0,8.0,,7.5,7.0,7.5,,7.5,7.0,7.5,,0.0,0.0,0.0,,0.0,0.0,0.0,,,,,,5.333333333333333,7.0,7.0,7.0,7.333333333333333,8.0,7.333333333333333,7.333333333333333,0.0,0.0,,5.633333333333333,10,0.10346298212969343,21.125,True,1,50+,5.1819820478416
Rob Kardashian,Cheryl Burke,TV Personality,California,United States,24,13,2nd Place,2,6.0,5.0,5.0,,7.0,7.0,7.0,,8.0,8.0,8.0,,8.0,8.0,8.0,,9.0,8.0,8.0,,8.0,7.0,7.0,,9.0,8.0,8.5,,8.5,8.5,8.5,,11.1666,10.6666,10.6666,,9.4444,9.4444,9.4444,,,,,,5.333333333333333,7.0,8.0,8.0,8.333333333333334,7.333333333333333,8.5,8.5,10.833266666666667,9.4444,,8.127766666666668,10,0.168646348999775,24.3833,False,1,<30,5.1819820478416
William Levy,Cheryl Burke,Actor/Actress,,Cuba,31,14,3rd Place,3,8.0,8.0,8.0,,9.0,7.0,9.0,,9.0,9.0,10.0,,7.0,7.0,8.0,,10.0,9.0,10.0,,12.0,11.0,13.0,,9.0,8.5,9.0,,9.5,9.5,9.5,,9.5,9.5,10.0,,10.0,9.6666,10.0,,,,,,8.0,8.333333333333334,9.333333333333334,7.333333333333333,9.666666666666666,12.0,8.833333333333334,9.5,9.666666666666666,9.888866666666667,,9.255553333333335,10,0.11238568175763557,28.18517777777778,False,0,30-40,5.4682266313525885
Jack Wagner,Anna Trebunskaya,Actor/Actress,Missouri,United States,52,14,Eliminated Week 3,11,8.0,7.0,8.0,,7.0,7.0,7.0,,8.0,8.0,8.0,,0.0,0.0,0.0,,0.0,0.0,0.0,,0.0,0.0,0.0,,0.0,0.0,0.0,,0.0,0.0,0.0,,0.0,0.0,0.0,,0.0,0.0,0.0,,,,,,7.666666666666667,7.0,8.0,0.0,0.0,0.0,0.0,0.0,0.0,0.0,,2.2666666666666666,10,0.0389169785506771,22.5,True,1,50+,5.4682266313525885
Sherri Sheperd,Valentin Chmerkovskiy,Actor/Actress,Illinois,United States,44,14,Eliminated Week 4,10,8.0,7.0,8.0,,8.0,7.0,8.0,,8.0,8.0,8.0,,7.0,7.0,7.0,,0.0,0.0,0.0,,0.0,0.0,0.0,,0.0,0.0,0.0,,0.0,0.0,0.0,,0.0,0.0,0.0,,0.0,0.0,0.0,,,,,,7.666666666666667,7.666666666666667,8.0,7.0,0.0,0.0,0.0,0.0,0.0,0.0,,3.0333333333333337,10,0.059953479974856096,22.666666666666668,True,1,40-50,5.4682266313525885
Jaleel White,Kym Johnson,Actor/Actress,California,United States,35,14,Eliminated Week 7,7,9.0,8.0,9.0,,7.0,7.0,8.0,,9.0,8.0,8.0,,8.0,7.0,7.0,,8.0,8.0,8.0,,12.6666,11.6666,12.6666,,9.0,8.0,8.5,,0.0,0.0,0.0,,0.0,0.0,0.0,,0.0,0.0,0.0,,,,,,8.666666666666666,7.333333333333333,8.333333333333334,7.333333333333333,8.0,12.333266666666667,8.5,0.0,0.0,0.0,,6.049993333333333,10,0.09312775201979322,25.916633333333333,True,1,30-40,5.4682266313525885
Roshon Fegan,Chelsie Hightower,Actor/Actress,California,United States,20,14,Eliminated Week 8,6,8.0,7.0,8.0,,9.0,8.0,9.0,,8.0,8.0,9.0,,9.0,8.0,9.0,,9.0,8.0,9.0,,8.6666,9.6666,9.6666,,9.5,8.0,8.5,,9.5,9.0,9.5,,0.0,0.0,0.0,,0.0,0.0,0.0,,,,,,7.666666666666667,8.666666666666666,8.333333333333334,8.666666666666666,8.666666666666666,9.333266666666667,8.666666666666666,9.333333333333334,0.0,0.0,,6.933326666666666,10,0.11284898949008183,26.428542857142855,True,1,<30,5.4682266313525885
Melissa Gilbert,Maksim Chmerkoskiy,Actor/Actress,California,United States,47,14,Eliminated Week 8,5,7.0,6.0,7.0,,7.0,6.0,7.0,,8.0,8.0,8.0,,7.0,8.0,7.0,,7.0,7.0,7.0,,10.0,10.0,10.0,,8.0,7.5,8.0,,8.5,8.5,8.5,,0.0,0.0,0.0,,0.0,0.0,0.0,,,,,,6.666666666666667,6.666666666666667,8.0,7.333333333333333,7.0,10.0,7.833333333333333,8.5,0.0,0.0,,6.199999999999999,10,0.125026886280464,23.714285714285715,True,1,40-50,5.4682266313525885
Martina Navratilova,Tony Dovolani,Athlete,,Czechoslovakia,55,14,Eliminated Week 2,12,7.0,6.0,7.0,,6.0,5.0,6.0,,0.0,0.0,0.0,,0.0,0.0,0.0,,0.0,0.0,0.0,,0.0,0.0,0.0,,0.0,0.0,0.0,,0.0,0.0,0.0,,0.0,0.0,0.0,,0.0,0.0,0.0,,,,,,6.666666666666667,5.666666666666667,0.0,0.0,0.0,0.0,0.0,0.0,0.0,0.0,,1.2333333333333334,10,0.0163755685642869,17.0,True,0,50+,5.533598519758994
Donald Driver,Peta Murgatroyd,Athlete,Texas,United States,37,14,1st Place,1,7.0,7.0,7.0,,8.0,8.0,8.0,,9.0,8.0,9.0,,9.0,9.0,9.0,,10.0,8.0,9.0,,11.3333,11.3333,11.3333,,9.0,8.5,9.0,,9.5,9.0,9.0,,9.5,9.0,10.0,,10.0,9.6666,10.0,,,,,,7.0,8.0,8.666666666666666,9.0,9.0,11.3333,8.833333333333334,9.166666666666666,9.5,9.888866666666667,,9.038883333333334,10,0.21304642150379838,27.796277777777775,False,1,30-40,5.533598519758994
Gavin DeGraw,Karina Smirnoff,Singer/Rapper,New York,United States,35,14,Eliminated Week 5,9,7.0,6.0,7.0,,7.0,7.0,7.0,,8.0,8.0,8.0,,8.0,8.0,7.0,,6.0,6.0,7.0,,0.0,0.0,0.0,,0.0,0.0,0.0,,0.0,0.0,0.0,,0.0,0.0,0.0,,0.0,0.0,0.0,,,,,,6.666666666666667,7.0,8.0,7.666666666666667,6.333333333333333,0.0,0.0,0.0,0.0,0.0,,3.5666666666666673,10,0.0946439370895293,21.75,True,1,30-40,5.2339473613181
Gladys Knight,Tristan MacManus,Singer/Rapper,Georgia,United States,67,14,Eliminated Week 6,8,8.0,7.0,8.0,,7.0,5.0,7.0,,8.0,8.0,8.0,,7.0,6.0,7.0,,7.0,7.0,8.0,,8.0,8.0,8.0,,0.0,0.0,0.0,,0.0,0.0,0.0,,0.0,0.0,0.0,,0.0,0.0,0.0,,,,,,7.666666666666667,6.333333333333333,8.0,6.666666666666667,7.333333333333333,8.0,0.0,0.0,0.0,0.0,,4.4,10,0.08454224849989653,21.8,True,1,50+,5.2339473613181
Katherine Jenkins,Mark Ballas,Singer/Rapper,,Wales,31,14,2nd Place,2,9.0,8.0,9.0,,9.0,8.0,9.0,,10.0,9.0,10.0,,8.0,8.0,8.0,,10.0,9.0,10.0,,13.3333,12.3333,13.3333,,9.5,8.5,9.0,,9.0,9.0,9.5,,9.5,9.0,9.5,,10.0,10.0,10.0,,,,,,8.666666666666666,8.666666666666666,9.666666666666666,8.0,9.666666666666666,12.999966666666666,9.0,9.166666666666666,9.333333333333334,10.0,,9.516663333333332,10,0.19677458228529632,28.833322222222225,False,0,30-40,5.2339473613181
Maria Menounos,Derek Hough,TV Personality,Massachusetts,United States,33,14,Eliminated Week 9,4,7.0,7.0,7.0,,8.0,8.0,9.0,,9.0,9.0,9.0,,9.0,8.0,9.0,,9.0,9.0,9.0,,9.3333,10.3333,10.3333,,10.0,9.0,9.5,,9.5,7.5,9.5,,10.0,9.5,10.0,,0.0,0.0,0.0,,,,,,7.0,8.333333333333334,9.0,8.666666666666666,9.0,9.999966666666666,9.5,8.833333333333334,9.833333333333334,0.0,,8.016663333333334,10,0.12511065388988,27.4374875,True,1,30-40,5.1819820478416
Gilles Marini,Peta Murgatroyd,Actor/Actress,,France,36,15,Eliminated Week 8,6,8.0,8.0,8.0,,8.5,8.5,8.5,,8.5,8.5,8.5,,10.0,9.5,10.0,10.0,9.5,9.25,9.5,,9.0,9.0,9.5,,11.1666,11.1666,11.1666,,9.5,10.0,9.7777,,0.0,0.0,0.0,,0.0,0.0,0.0,,,,,,8.0,8.5,8.5,9.875,9.416666666666666,9.166666666666666,11.1666,9.759233333333333,0.0,0.0,,7.438416666666666,10,0.08601308749203158,29.25392857142857,True,0,30-40,5.4682266313525885
Sabrina Bryan,Louis van Amstel,Actor/Actress,California,United States,28,15,Eliminated Week 6,8,7.5,7.5,7.5,,9.0,8.5,8.5,,8.5,8.5,8.5,,9.0,9.0,8.5,9.0,9.75,9.75,9.75,,10.0,10.0,10.0,,0.0,0.0,0.0,,0.0,0.0,0.0,,0.0,0.0,0.0,,0.0,0.0,0.0,,,,,,7.5,8.666666666666666,8.5,8.875,9.75,10.0,0.0,0.0,0.0,0.0,,5.329166666666667,10,0.08086356749259178,27.9,True,1,<30,5.4682266313525885
Kirstie Alley,Maksim Chmerkoskiy,Actor/Actress,Kansas,United States,61,15,Eliminated Week 8,7,6.5,6.0,6.5,,7.0,7.0,7.0,,8.0,8.0,8.0,,7.5,7.5,7.5,7.5,8.75,8.75,8.75,,9.5,8.5,9.5,,9.3333,9.3333,9.3333,,8.5,8.5,8.5,,0.0,0.0,0.0,,0.0,0.0,0.0,,,,,,6.333333333333333,7.0,8.0,7.5,8.75,9.166666666666666,9.3333,8.5,0.0,0.0,,6.458329999999999,10,0.09743070192717475,24.999985714285714,True,1,50+,5.4682266313525885
Kelly Monaco,Valentin Chmerkovskiy,Actor/Actress,Pennsylvania,United States,36,15,3rd Place,3,7.0,7.0,7.5,,7.5,7.0,7.5,,9.0,9.0,9.0,,9.0,9.5,9.5,9.5,8.5,8.5,8.75,,9.0,9.0,9.0,,12.0,12.0,12.0,,9.5,9.3333,9.5,,8.7777,9.3333,9.0,,9.6666,9.6666,9.7777,,,,,,7.166666666666667,7.333333333333333,9.0,9.375,8.583333333333334,9.0,12.0,9.444433333333334,9.036999999999999,9.703633333333334,,9.064340000000001,10,0.1528995526498942,28.395022222222224,False,1,30-40,5.4682266313525885
Apolo Anton Ohno,Karina Smirnoff,Athlete,Washington,United States,30,15,Eliminated Week 9,5,7.5,7.0,7.5,,8.5,8.0,8.0,,9.0,8.0,8.5,,8.5,9.0,8.5,8.5,9.0,9.75,9.5,,10.0,10.0,10.0,,11.0,11.0,11.0,,9.7777,9.5,10.0,,9.3333,9.5,9.7777,,0.0,0.0,0.0,,,,,,7.333333333333333,8.166666666666666,8.5,8.625,9.416666666666666,10.0,11.0,9.759233333333333,9.537,0.0,,8.23379,10,0.11241542209062588,28.4235875,True,1,<30,5.533598519758994
Emmitt Smith,Cheryl Burke,Athlete,Florida,United States,43,15,Eliminated Week 9,4,8.0,8.5,8.0,,7.5,7.5,7.5,,8.5,8.0,8.5,,9.0,9.0,9.0,9.0,9.25,9.25,9.5,,8.5,8.5,9.5,,10.8333,11.8333,11.8333,,9.5,9.7777,9.7777,,9.0,9.0,9.0,,0.0,0.0,0.0,,,,,,8.166666666666666,7.5,8.333333333333334,9.0,9.333333333333334,8.833333333333334,11.499966666666666,9.685133333333333,9.0,0.0,,8.135176666666666,10,0.11911590567627284,28.1319125,True,1,40-50,5.533598519758994
Shawn Johnson,Derek Hough,Athlete,Iowa,United States,20,15,2nd Place,2,8.0,6.5,7.5,,8.5,8.0,8.5,,9.0,8.0,9.5,,10.0,9.5,10.0,10.0,9.25,9.0,10.0,,9.5,8.5,10.0,,12.6666,12.6666,12.6666,,10.0,8.3333,9.5,,9.5,10.0,10.0,,9.6666,9.5,9.7777,,,,,,7.333333333333333,8.333333333333334,8.833333333333334,9.875,9.416666666666666,9.333333333333334,12.6666,9.277766666666666,9.833333333333334,9.648100000000001,,9.455079999999999,10,0.16274633497924296,29.475266666666666,False,1,<30,5.533598519758994
Pamela Anderson,Tristan MacManus,Model,,Canada,45,15,Eliminated Week 1,13,5.5,5.5,6.0,,0.0,0.0,0.0,,0.0,0.0,0.0,,0.0,0.0,0.0,0.0,0.0,0.0,0.0,,0.0,0.0,0.0,,0.0,0.0,0.0,,0.0,0.0,0.0,,0.0,0.0,0.0,,0.0,0.0,0.0,,,,,,5.666666666666667,0.0,0.0,0.0,0.0,0.0,0.0,0.0,0.0,0.0,,0.5666666666666667,10,0.0070070752167718,17.0,True,0,40-50,3.2939875361457713
Helio Castroneves,Chelsie Hightower,Racing Driver,,Brazil,37,15,Eliminated Week 3,10,7.0,7.5,7.0,,8.0,7.5,7.5,,8.5,8.5,8.5,,0.0,0.0,0.0,0.0,0.0,0.0,0.0,,0.0,0.0,0.0,,0.0,0.0,0.0,,0.0,0.0,0.0,,0.0,0.0,0.0,,0.0,0.0,0.0,,,,,,7.166666666666667,7.666666666666667,8.5,0.0,0.0,0.0,0.0,0.0,0.0,0.0,,2.3333333333333335,10,0.06209738642572323,23.333333333333332,True,0,30-40,6.247345
Joey Fatone,Kym Johnson,Singer/Rapper,New York,United States,35,15,Eliminated Week 2,12,6.5,7.0,7.0,,7.5,7.5,7.5,,0.0,0.0,0.0,,0.0,0.0,0.0,0.0,0.0,0.0,0.0,,0.0,0.0,0.0,,0.0,0.0,0.0,,0.0,0.0,0.0,,0.0,0.0,0.0,,0.0,0.0,0.0,,,,,,6.833333333333333,7.5,0.0,0.0,0.0,0.0,0.0,0.0,0.0,0.0,,1.4333333333333331,10,0.04244195695887985,21.5,True,1,30-40,5.2339473613181
Drew Lachey,Anna Trebunskaya,Singer/Rapper,Ohio,United States,36,15,Eliminated Week 3,11,7.0,7.0,7.5,,7.5,7.5,7.5,,8.0,8.0,8.0,,0.0,0.0,0.0,0.0,0.0,0.0,0.0,,0.0,0.0,0.0,,0.0,0.0,0.0,,0.0,0.0,0.0,,0.0,0.0,0.0,,0.0,0.0,0.0,,,,,,7.166666666666667,7.5,8.0,0.0,0.0,0.0,0.0,0.0,0.0,0.0,,2.2666666666666666,10,0.060999187570712904,22.666666666666668,True,1,30-40,5.2339473613181
Bristol Palin,Mark Ballas,TV Personality,Alaska,United States,21,15,Eliminated Week 4,9,6.5,6.5,6.5,,6.0,6.0,6.0,,7.5,7.5,7.5,,8.0,8.0,8.0,8.0,0.0,0.0,0.0,,0.0,0.0,0.0,,0.0,0.0,0.0,,0.0,0.0,0.0,,0.0,0.0,0.0,,0.0,0.0,0.0,,,,,,6.5,6.0,7.5,8.0,0.0,0.0,0.0,0.0,0.0,0.0,,2.8,10,0.09761366144973438,23.0,True,1,<30,5.1819820478416
Melissa Rycroft,Tony Dovolani,TV Personality,Texas,United States,29,15,1st Place,1,7.0,7.0,7.0,,8.0,8.0,7.5,,9.0,9.0,9.0,,9.0,9.0,9.5,9.5,9.25,9.5,9.5,,9.5,10.0,10.0,,13.3333,12.8333,12.8333,,10.0,10.0,10.0,,9.5,9.7777,9.5,,9.7777,9.7777,9.7777,,,,,,7.0,7.833333333333333,9.0,9.25,9.416666666666666,9.833333333333334,12.999966666666666,10.0,9.592566666666666,9.7777,,9.470356666666666,10,0.19631962987582163,29.456744444444446,False,1,<30,5.1819820478416
Ingo Rademacher,Kym Johnson,Actor/Actress,,Germany,41,16,Eliminated Week 9,5,7.0,6.0,7.0,,6.0,7.0,7.0,,7.0,7.0,7.0,,8.0,7.0,8.0,,7.0,7.0,7.0,,7.5,8.0,7.5,,8.0,9.0,8.0,,8.0,8.0,8.0,,8.5,8.5,8.5,,0.0,0.0,0.0,,,,,,6.666666666666667,6.666666666666667,7.0,7.666666666666667,7.0,7.666666666666667,8.333333333333334,8.0,8.5,0.0,,6.75,10,0.14875283646318474,23.214285714285715,True,0,40-50,5.4682266313525885
Zendaya,Valentin Chmerkovskiy,Actor/Actress,California,United States,16,16,2nd Place,2,8.0,8.0,8.0,,9.0,8.0,9.0,,8.6666,8.6666,8.6666,,9.0,8.0,9.0,,10.0,9.0,10.0,,8.5,8.5,8.5,,10.0,10.0,10.0,,9.5,10.0,9.5,,9.0,9.0,9.5,,10.0,10.0,10.0,,,,,,8.0,8.666666666666666,8.6666,8.666666666666666,9.666666666666666,8.5,10.0,9.666666666666666,9.166666666666666,10.0,,9.099993333333334,10,0.1706770052963531,27.874975,False,1,<30,5.4682266313525885
Dorothy Hamill,Tristan MacManus,Athlete,Illinois,United States,56,16,Withdrew,12,7.0,7.0,7.0,,5.0,5.0,5.0,,0.0,0.0,0.0,,0.0,0.0,0.0,,0.0,0.0,0.0,,0.0,0.0,0.0,,0.0,0.0,0.0,,0.0,0.0,0.0,,0.0,0.0,0.0,,0.0,0.0,0.0,,,,,,7.0,5.0,0.0,0.0,0.0,0.0,0.0,0.0,0.0,0.0,,1.2,10,0.10083576653469982,,,1,50+,5.533598519758994
Victor Ortiz,Lindsay Arnold,Athlete,Kansas,United States,26,16,Eliminated Week 6,8,6.0,6.0,6.0,,6.0,6.0,6.0,,8.0,7.0,8.0,,6.0,6.0,6.0,,7.0,7.0,7.0,,6.5,7.0,6.5,,0.0,0.0,0.0,,0.0,0.0,0.0,,0.0,0.0,0.0,,0.0,0.0,0.0,,,,,,6.0,6.0,7.666666666666667,6.0,7.0,6.666666666666667,0.0,0.0,0.0,0.0,,3.9333333333333336,10,0.10032283125590165,20.5,True,1,<30,5.533598519758994
Alexandra Raisman,Mark Ballas,Athlete,Massachusetts,United States,18,16,Eliminated Week 10,4,7.0,7.0,7.0,,8.0,8.0,8.0,,7.0,8.0,8.0,,9.0,9.0,9.0,,8.0,8.0,9.0,,8.5,9.0,8.5,,11.0,10.0,11.0,,9.0,9.5,9.5,,10.0,9.5,10.0,,9.5,9.5,10.0,,,,,,7.0,8.0,7.666666666666667,9.0,8.333333333333334,8.666666666666666,10.666666666666666,9.333333333333334,9.833333333333334,9.666666666666666,,8.816666666666666,10,0.12234995045655868,27.4375,True,1,<30,5.533598519758994
Jacoby Jones,Karina Smirnoff,Athlete,Louisiana,United States,28,16,3rd Place,3,7.0,6.0,7.0,,8.0,7.0,8.0,,8.6666,8.6666,8.6666,,8.0,8.0,8.0,,9.0,8.0,9.0,,7.5,7.5,7.5,,9.0,9.0,9.0,,8.5,9.0,8.5,,10.0,9.5,10.0,,9.3333,9.3333,9.3333,,,,,,6.666666666666667,7.666666666666667,8.6666,8.0,8.666666666666666,7.5,9.0,8.666666666666666,9.833333333333334,9.3333,,8.399989999999999,10,0.15843164356953887,26.1249625,False,1,<30,5.533598519758994
D. L. Hughley,Cheryl Burke,Comedian,Virginia,United States,50,16,Eliminated Week 5,9,4.0,4.0,4.0,,5.0,5.0,6.0,,6.0,5.0,5.0,,7.0,7.0,7.0,,6.0,6.0,6.0,,0.0,0.0,0.0,,0.0,0.0,0.0,,0.0,0.0,0.0,,0.0,0.0,0.0,,0.0,0.0,0.0,,,,,,4.0,5.333333333333333,5.333333333333333,7.0,6.0,0.0,0.0,0.0,0.0,0.0,,2.7666666666666666,10,0.09522499025793951,18.333333333333332,True,1,40-50,3.67746512345679
Andy Dick,Sharna Burgess,Comedian,South Carolina,United States,47,16,Eliminated Week 7,7,6.0,5.0,6.0,,7.0,6.0,7.0,,6.0,6.0,6.0,,7.0,7.0,7.0,,6.0,6.0,6.0,,7.0,7.5,7.0,,5.0,6.0,6.0,,0.0,0.0,0.0,,0.0,0.0,0.0,,0.0,0.0,0.0,,,,,,5.666666666666667,6.666666666666667,6.0,7.0,6.0,7.166666666666667,5.666666666666667,0.0,0.0,0.0,,4.416666666666667,10,0.0961789061473883,19.1,True,1,40-50,3.67746512345679
Wynonna Judd,Tony Dovolani,Singer/Rapper,Kentucky,United States,48,16,Eliminated Week 3,11,6.0,6.0,6.0,,6.0,6.0,6.0,,5.0,5.0,5.0,,0.0,0.0,0.0,,0.0,0.0,0.0,,0.0,0.0,0.0,,0.0,0.0,0.0,,0.0,0.0,0.0,,0.0,0.0,0.0,,0.0,0.0,0.0,,,,,,6.0,6.0,5.0,0.0,0.0,0.0,0.0,0.0,0.0,0.0,,1.7,10,0.0200690316838365,15.0,True,1,40-50,5.2339473613181
Kellie Pickler,Derek Hough,Singer/Rapper,North Carolina,United States,26,16,1st Place,1,7.0,7.0,7.0,,9.0,8.0,9.0,,8.0,9.0,8.0,,9.0,8.0,9.0,,9.0,9.0,9.0,,8.5,9.5,9.0,,9.0,10.0,10.0,,9.5,8.0,10.0,,9.5,10.0,9.5,,10.0,10.0,10.0,,,,,,7.0,8.666666666666666,8.333333333333334,8.666666666666666,9.0,9.0,9.666666666666666,9.166666666666666,9.666666666666666,10.0,,8.916666666666668,10,0.1785496575160072,27.5625,False,1,<30,5.2339473613181
Lisa Vanderpump,Gleb Savchenko,TV Personality,,England,52,16,Eliminated Week 4,10,6.0,6.0,6.0,,6.0,6.0,6.0,,7.0,7.0,7.0,,6.0,6.0,6.0,,0.0,0.0,0.0,,0.0,0.0,0.0,,0.0,0.0,0.0,,0.0,0.0,0.0,,0.0,0.0,0.0,,0.0,0.0,0.0,,,,,,6.0,6.0,7.0,6.0,0.0,0.0,0.0,0.0,0.0,0.0,,2.5,10,0.06749433954843939,19.5,True,0,50+,5.1819820478416
Sean Lowe,Peta Murgatroyd,TV Personality,Texas,United States,29,16,Eliminated Week 8,6,7.0,6.0,6.0,,7.0,6.0,7.0,,7.0,7.0,7.0,,6.0,7.0,7.0,,8.0,8.0,8.0,,7.5,8.0,7.5,,8.0,8.0,8.0,,7.0,7.0,7.0,,0.0,0.0,0.0,,0.0,0.0,0.0,,,,,,6.333333333333333,6.666666666666667,7.0,6.666666666666667,8.0,7.666666666666667,8.0,7.0,0.0,0.0,,5.733333333333333,10,0.09929092545582661,22.166666666666668,True,1,<30,5.1819820478416
Valerie Harper,Tristan MacManus,Actor/Actress,New York,United States,74,17,Eliminated Week 4,10,7.0,7.0,7.0,,6.0,6.0,7.0,,6.0,5.0,5.0,,6.0,6.0,6.0,,0.0,0.0,0.0,,0.0,0.0,0.0,,0.0,0.0,0.0,,0.0,0.0,0.0,,0.0,0.0,0.0,,0.0,0.0,0.0,0.0,0.0,0.0,0.0,,7.0,6.333333333333333,5.333333333333333,6.0,0.0,0.0,0.0,0.0,0.0,0.0,0.0,2.242424242424242,11,0.0595664936277256,17.666666666666668,True,1,50+,5.4682266313525885
Brant Daugherty,Peta Murgatroyd,Actor/Actress,Ohio,United States,28,17,Eliminated Week 8,7,7.0,8.0,7.0,,8.0,7.0,8.0,,9.0,9.0,9.0,,7.0,7.0,7.0,,9.0,9.0,9.0,,10.0,11.0,10.0,,9.5,9.5,9.5,,9.0,9.0,9.0,,0.0,0.0,0.0,,0.0,0.0,0.0,0.0,0.0,0.0,0.0,,7.333333333333333,7.666666666666667,9.0,7.0,9.0,10.333333333333334,9.5,9.0,0.0,0.0,0.0,6.257575757575759,11,0.10224926565979908,25.583333333333332,True,1,<30,5.4682266313525885
Elizabeth Berkley Lauren,Valentin Chmerkovskiy,Actor/Actress,Michigan,United States,39,17,Eliminated Week 9,6,8.0,8.0,8.0,,8.0,9.0,8.0,,8.0,9.0,8.0,,9.0,9.0,9.0,,8.0,9.0,9.0,,10.6666,10.6666,10.6666,,9.0,9.0,9.0,,8.0,9.0,8.0,,9.5,9.0,9.5,,0.0,0.0,0.0,0.0,0.0,0.0,0.0,,8.0,8.333333333333334,8.333333333333334,9.0,8.666666666666666,10.6666,9.0,8.333333333333334,9.333333333333334,0.0,0.0,7.242418181818182,11,0.10826789018324638,26.142857142857142,True,1,30-40,5.4682266313525885
Leah Remini,Tony Dovolani,Actor/Actress,New York,United States,43,17,Eliminated Week 10,5,7.0,7.0,7.0,,8.0,8.0,8.0,,8.0,8.0,8.0,,8.0,8.0,8.0,,7.0,7.0,8.0,,9.3333,9.3333,9.3333,,9.0,8.5,9.0,,9.0,10.0,9.0,,9.0,9.0,9.0,,8.0,8.0,8.0,8.5,0.0,0.0,0.0,,7.0,8.0,8.0,8.0,7.333333333333333,9.3333,8.833333333333334,9.333333333333334,9.0,8.125,0.0,7.541663636363637,11,0.12744772069859417,26.0,True,1,40-50,5.4682266313525885
Corbin Bleu,Karina Smirnoff,Actor/Actress,New York,United States,24,17,2nd Place,2,8.0,8.0,8.0,,9.0,8.0,9.0,,9.0,8.0,9.0,,9.0,9.0,9.0,,9.0,9.0,10.0,,9.3333,8.3333,9.3333,,10.0,9.5,10.0,,10.0,10.0,10.0,,9.5,9.5,10.0,,9.5,9.0,9.5,9.5,9.8888,9.8888,9.8888,,8.0,8.666666666666666,8.666666666666666,9.0,9.333333333333334,8.999966666666666,9.833333333333334,10.0,9.666666666666666,9.375,9.8888,9.220948484848485,11,0.1817824828997134,29.185155555555557,False,1,<30,5.4682266313525885
Amber Riley,Derek Hough,Actor/Actress,California,United States,27,17,1st Place,1,9.0,9.0,9.0,,8.0,8.0,8.0,,8.0,8.0,8.0,,9.0,9.0,9.0,,9.0,7.0,10.0,,11.3333,9.3333,11.3333,,10.0,10.0,9.5,,9.0,9.0,10.0,,8.5,8.5,8.5,,10.0,10.0,9.5,10.0,10.4444,10.4444,10.4444,,9.0,8.0,8.0,9.0,8.666666666666666,10.666633333333332,9.833333333333334,9.333333333333334,8.5,9.875,10.4444,9.210851515151516,11,0.1402031449497211,28.3148,False,1,<30,5.4682266313525885
Keyshawn Johnson,Sharna Burgess,Athlete,California,United States,41,17,Eliminated Week 2,12,6.0,5.0,6.0,,6.0,6.0,6.0,,0.0,0.0,0.0,,0.0,0.0,0.0,,0.0,0.0,0.0,,0.0,0.0,0.0,,0.0,0.0,0.0,,0.0,0.0,0.0,,0.0,0.0,0.0,,0.0,0.0,0.0,0.0,0.0,0.0,0.0,,5.666666666666667,6.0,0.0,0.0,0.0,0.0,0.0,0.0,0.0,0.0,0.0,1.0606060606060608,11,0.0130976337553352,18.0,True,1,40-50,5.533598519758994
Bill Engvall,Emma Slater,Comedian,Texas,United States,56,17,Eliminated Week 11,4,6.0,6.0,6.0,,7.0,7.0,7.0,,8.0,8.0,8.0,,7.0,7.0,7.0,,8.0,8.0,8.0,,8.3333,8.3333,7.3333,,8.5,8.0,8.5,,8.0,8.0,8.0,,7.0,7.0,7.0,,7.5,7.5,7.5,7.5,8.3333,8.8333,8.3333,,6.0,7.0,8.0,7.0,8.0,7.9999666666666664,8.333333333333334,8.0,7.0,7.5,8.499966666666666,7.575751515151516,11,0.1381367868465061,23.944433333333333,True,1,50+,3.67746512345679
Christina Milian,Mark Ballas,Singer/Rapper,New Jersey,United States,31,17,Eliminated Week 5,9,7.0,7.0,8.0,,9.0,8.0,8.0,,9.0,8.0,9.0,,8.0,8.0,8.0,,9.0,10.0,9.0,,0.0,0.0,0.0,,0.0,0.0,0.0,,0.0,0.0,0.0,,0.0,0.0,0.0,,0.0,0.0,0.0,0.0,0.0,0.0,0.0,,7.333333333333333,8.333333333333334,8.666666666666666,8.0,9.333333333333334,0.0,0.0,0.0,0.0,0.0,0.0,3.7878787878787876,11,0.06540285279691944,25.75,True,1,30-40,5.2339473613181
"Nicole ""Snooki"" Polizzi",Sasha Farber,TV Personality,,Chile,25,17,Eliminated Week 7,8,8.0,8.0,7.0,,6.0,7.0,7.0,,9.0,8.0,8.0,,8.0,8.0,8.0,,9.0,9.0,9.0,,10.0,10.0,10.0,,9.0,9.0,9.0,,0.0,0.0,0.0,,0.0,0.0,0.0,,0.0,0.0,0.0,0.0,0.0,0.0,0.0,,7.666666666666667,6.666666666666667,8.333333333333334,8.0,9.0,10.0,9.0,0.0,0.0,0.0,0.0,5.333333333333334,11,0.10083647460993792,24.6,True,0,<30,5.1819820478416
Jack Osbourne,Cheryl Burke,TV Personality,,England,27,17,3rd Place,3,8.0,8.0,7.0,,8.0,8.0,8.0,,7.0,7.0,8.0,,8.0,8.0,8.0,,9.0,9.0,9.0,,8.6666,9.6666,8.6666,,10.0,9.0,9.5,,10.0,10.0,10.0,,9.0,9.0,9.0,,9.0,8.5,9.0,9.0,9.3333,9.3333,9.3333,,7.666666666666667,8.0,7.333333333333333,8.0,9.0,8.999933333333333,9.5,10.0,9.0,8.875,9.3333,8.700748484848484,11,0.1559454524881737,27.333322222222222,False,0,<30,5.1819820478416
Bill Nye,Tyne Stecklein,TV Personality,Washington D.C.,United States,57,17,Eliminated Week 3,11,5.0,4.0,5.0,,6.0,5.0,6.0,,6.0,5.0,5.0,,0.0,0.0,0.0,,0.0,0.0,0.0,,0.0,0.0,0.0,,0.0,0.0,0.0,,0.0,0.0,0.0,,0.0,0.0,0.0,,0.0,0.0,0.0,0.0,0.0,0.0,0.0,,4.666666666666667,5.666666666666667,5.333333333333333,0.0,0.0,0.0,0.0,0.0,0.0,0.0,0.0,1.4242424242424243,11,0.0534228528184074,16.5,True,1,50+,5.1819820478416
Billy Dee Williams,Emma Slater,Actor/Actress,New York,United States,76,18,Withdrew,10,5.0,5.0,5.0,,5.0,5.0,5.0,,0.0,0.0,0.0,0.0,0.0,0.0,0.0,0.0,0.0,0.0,0.0,0.0,0.0,0.0,0.0,0.0,0.0,0.0,0.0,0.0,0.0,0.0,0.0,0.0,0.0,0.0,0.0,0.0,0.0,0.0,0.0,,,,,,5.0,5.0,0.0,0.0,0.0,0.0,0.0,0.0,0.0,0.0,,1.0,10,0.121556480034198,15.0,False,1,50+,5.4682266313525885
Danica McKellar,Valentin Chmerkovskiy,Actor/Actress,California,United States,39,18,Eliminated Week 8,6,8.0,8.0,8.0,,8.0,8.0,8.0,,9.0,9.0,9.0,9.0,8.0,8.0,8.0,8.0,10.0,9.0,10.0,10.0,9.0,9.0,9.0,9.0,9.0,9.5,8.5,9.0,10.0,9.0,9.0,10.0,0.0,0.0,0.0,0.0,0.0,0.0,0.0,,,,,,8.0,8.0,9.0,8.0,9.75,9.0,9.0,9.5,0.0,0.0,,7.025,10,0.1177423973020906,34.6,True,1,30-40,5.4682266313525885
James Maslow,Peta Murgatroyd,Actor/Actress,New York,United States,23,18,Eliminated Week 10,4,7.0,7.0,7.0,,9.0,8.0,8.0,,9.0,9.0,9.0,9.0,9.0,8.0,9.0,9.0,10.0,10.0,10.0,10.0,9.0,9.0,8.0,9.0,8.5,9.5,8.0,9.0,8.0,9.0,10.0,9.0,9.5,9.5,9.5,9.5,9.5,9.5,10.0,,,,,,7.0,8.333333333333334,9.0,8.75,10.0,8.75,8.75,9.0,9.5,9.666666666666666,,8.875000000000002,10,0.1255068607017838,34.0,True,1,<30,5.4682266313525885
Candace Cameron Bure,Mark Ballas,Actor/Actress,California,United States,37,18,3rd Place,3,9.0,8.0,8.0,,7.0,7.0,7.0,,8.0,8.0,8.0,8.0,7.0,7.0,7.0,7.0,8.0,9.0,9.0,9.0,8.0,8.0,8.0,8.0,9.0,9.5,9.0,9.5,9.0,9.0,9.0,9.0,8.5,9.5,9.5,8.5,8.6666,8.6666,8.6666,,,,,,8.333333333333334,7.0,8.0,7.0,8.75,8.0,9.25,9.0,9.0,8.6666,,8.299993333333335,10,0.19952417611414933,31.857114285714285,False,1,30-40,5.4682266313525885
Sean Avery,Karina Smirnoff,Athlete,,Canada,33,18,Eliminated Week 2,11,7.0,6.0,7.0,,7.0,7.0,7.0,,0.0,0.0,0.0,0.0,0.0,0.0,0.0,0.0,0.0,0.0,0.0,0.0,0.0,0.0,0.0,0.0,0.0,0.0,0.0,0.0,0.0,0.0,0.0,0.0,0.0,0.0,0.0,0.0,0.0,0.0,0.0,,,,,,6.666666666666667,7.0,0.0,0.0,0.0,0.0,0.0,0.0,0.0,0.0,,1.3666666666666667,10,0.015386945619944,21.0,True,0,30-40,5.533598519758994
Diana Nyad,Henry Byalikov,Athlete,New York,United States,64,18,Eliminated Week 2,12,6.0,6.0,6.0,,0.0,0.0,0.0,,0.0,0.0,0.0,0.0,0.0,0.0,0.0,0.0,0.0,0.0,0.0,0.0,0.0,0.0,0.0,0.0,0.0,0.0,0.0,0.0,0.0,0.0,0.0,0.0,0.0,0.0,0.0,0.0,0.0,0.0,0.0,,,,,,6.0,0.0,0.0,0.0,0.0,0.0,0.0,0.0,0.0,0.0,,0.6,10,0.10083576653469982,,,1,50+,5.533598519758994
Charlie White,Sharna Burgess,Athlete,Michigan,United States,26,18,Eliminated Week 9,5,9.0,9.0,9.0,,9.0,7.0,9.0,,9.0,9.0,9.0,9.0,7.0,8.0,9.0,9.0,9.0,10.0,9.0,9.0,9.0,9.0,9.0,9.0,8.5,10.0,8.0,9.0,10.0,10.0,10.0,10.0,9.5,9.5,9.5,9.5,0.0,0.0,0.0,,,,,,9.0,8.333333333333334,9.0,8.25,9.25,9.0,8.875,10.0,9.5,0.0,,8.120833333333334,10,0.11163450291671388,35.25,True,1,<30,5.533598519758994
Amy Purdy,Derek Hough,Athlete,Nevada,United States,34,18,2nd Place,2,8.0,8.0,8.0,,8.0,8.0,8.0,,9.0,9.0,9.0,9.0,9.0,8.0,8.0,9.0,9.0,9.0,10.0,9.0,9.0,10.0,9.0,10.0,9.5,9.5,9.0,9.5,10.0,10.0,10.0,10.0,9.5,9.5,10.0,10.0,10.0,9.6666,10.0,,,,,,8.0,8.0,9.0,8.5,9.25,9.5,9.375,10.0,9.75,9.888866666666667,,9.126386666666667,10,0.16982420481826635,35.0238,False,1,30-40,5.533598519758994
Meryl Davis,Maksim Chmerkoskiy,Athlete,Michigan,United States,27,18,1st Place,1,8.0,8.0,8.0,,8.0,9.0,8.0,,10.0,9.0,10.0,10.0,10.0,9.0,10.0,10.0,9.0,9.0,9.0,9.0,10.0,10.0,10.0,10.0,10.0,10.0,9.0,10.0,9.0,9.0,8.0,10.0,10.0,10.0,10.0,10.0,10.0,10.0,10.0,,,,,,8.0,8.333333333333334,9.75,9.75,9.0,10.0,9.75,9.0,10.0,10.0,,9.358333333333334,10,0.17881527660193797,35.142857142857146,False,1,<30,5.533598519758994
Drew Carey,Cheryl Burke,Comedian,Ohio,United States,55,18,Eliminated Week 6,8,7.0,7.0,7.0,,7.0,7.0,7.0,,7.0,7.0,8.0,8.0,8.0,8.0,9.0,8.0,7.0,7.0,7.0,7.0,8.0,9.0,7.0,8.0,0.0,0.0,0.0,0.0,0.0,0.0,0.0,0.0,0.0,0.0,0.0,0.0,0.0,0.0,0.0,,,,,,7.0,7.0,7.5,8.25,7.0,8.0,0.0,0.0,0.0,0.0,,4.475,10,0.09349218686171869,27.0,True,1,50+,3.67746512345679
Cody Simpson,Witney Carson,Singer/Rapper,,Australia,17,18,Eliminated Week 5,9,7.0,7.0,8.0,,7.0,7.0,8.0,,9.0,8.0,9.0,9.0,8.0,7.0,8.0,8.0,9.0,8.0,8.0,9.0,0.0,0.0,0.0,0.0,0.0,0.0,0.0,0.0,0.0,0.0,0.0,0.0,0.0,0.0,0.0,0.0,0.0,0.0,0.0,,,,,,7.333333333333333,7.333333333333333,8.75,7.75,8.5,0.0,0.0,0.0,0.0,0.0,,3.9666666666666663,10,0.06768056703296996,28.0,True,0,<30,5.2339473613181
NeNe Leakes,Tony Dovolani,TV Personality,New York,United States,46,18,Eliminated Week 7,7,7.0,7.0,7.0,,7.0,7.0,7.0,,8.0,7.0,8.0,8.0,8.0,8.0,8.0,8.0,9.0,9.0,9.0,9.0,8.0,9.0,8.0,8.0,8.0,9.0,7.5,8.5,0.0,0.0,0.0,0.0,0.0,0.0,0.0,0.0,0.0,0.0,0.0,,,,,,7.0,7.0,7.75,8.0,9.0,8.25,8.25,0.0,0.0,0.0,,5.525,10,0.1182515620077643,30.75,True,1,40-50,5.1819820478416
Antonio Sabato Jr.,Cheryl Burke,Actor/Actress,,Italy,42,19,Eliminated Week 7,8,6.0,6.0,6.0,7.0,8.0,7.0,8.0,8.0,7.0,7.0,7.0,8.0,7.0,7.0,7.0,8.0,8.0,6.0,7.0,7.0,7.0,7.0,7.0,7.0,7.0,7.5,7.5,7.5,0.0,0.0,0.0,0.0,0.0,0.0,0.0,0.0,0.0,0.0,0.0,0.0,0.0,0.0,0.0,0.0,6.25,7.75,7.25,7.25,7.0,7.0,7.375,0.0,0.0,0.0,0.0,4.534090909090909,11,0.07883556030072529,28.583333333333332,True,0,40-50,5.4682266313525885
Jonathan Bennett,Allison Holker,Actor/Actress,Ohio,United States,33,19,Eliminated Week 6,9,8.0,7.0,7.0,8.0,7.0,7.0,8.0,8.0,8.0,8.0,8.0,8.0,6.0,6.0,6.0,6.0,6.0,6.0,6.0,6.0,8.0,8.0,8.0,8.0,0.0,0.0,0.0,0.0,0.0,0.0,0.0,0.0,0.0,0.0,0.0,0.0,0.0,0.0,0.0,0.0,0.0,0.0,0.0,0.0,7.5,7.5,8.0,6.0,6.0,8.0,0.0,0.0,0.0,0.0,0.0,3.909090909090909,11,0.09572244401681565,29.6,True,1,30-40,5.4682266313525885
Lea Thompson,Artem Chigvintsev,Actor/Actress,Minnesota,United States,53,19,Eliminated Week 9,6,8.0,8.0,8.0,8.0,9.0,8.0,9.0,9.0,7.0,8.0,8.0,8.0,10.0,10.0,10.0,9.0,9.0,8.0,8.0,9.0,8.0,8.0,8.0,8.0,8.5,8.5,9.0,9.0,8.0,8.0,8.0,8.0,8.5,9.0,8.5,9.0,0.0,0.0,0.0,0.0,0.0,0.0,0.0,0.0,8.0,8.75,7.75,9.75,8.5,8.0,8.75,8.0,8.75,0.0,0.0,6.931818181818182,11,0.09431102609602539,33.875,True,1,50+,5.4682266313525885
Janel Parrish,Valentin Chmerkovskiy,Actor/Actress,Hawaii,United States,25,19,3rd Place,3,7.0,7.0,7.0,8.0,9.0,8.0,8.0,9.0,10.0,10.0,10.0,10.0,9.0,9.0,9.0,9.0,8.0,8.0,8.0,9.0,8.0,7.0,9.0,9.0,8.5,8.0,8.5,8.5,10.75,10.75,10.75,10.75,9.5,9.5,10.0,9.5,9.5,9.5,10.0,10.0,9.6666,10.0,9.6666,9.6666,7.25,8.5,10.0,9.0,8.25,8.25,8.375,10.75,9.625,9.75,9.749950000000002,9.04545,11,0.14358406834317647,36.49998,False,1,<30,5.4682266313525885
Alfonso Ribeiro,Witney Carson,Actor/Actress,New York,United States,42,19,1st Place,1,9.0,9.0,9.0,9.0,8.0,8.0,8.0,8.0,8.0,8.0,8.0,8.0,10.0,10.0,10.0,10.0,8.0,9.0,9.0,8.0,10.0,10.0,9.0,10.0,8.5,8.5,8.5,8.5,10.75,9.75,9.75,10.75,9.5,9.5,9.5,10.0,9.5,9.0,9.5,9.5,10.0,10.0,10.0,10.0,9.0,8.0,8.0,10.0,8.5,9.75,8.5,10.25,9.625,9.375,10.0,9.181818181818182,11,0.14221757462860274,37.0,False,1,40-50,5.4682266313525885
Lolo Jones,Keo Motsepe,Athlete,Iowa,United States,32,19,Eliminated Week 1,13,6.0,6.0,5.0,5.0,0.0,0.0,0.0,0.0,0.0,0.0,0.0,0.0,0.0,0.0,0.0,0.0,0.0,0.0,0.0,0.0,0.0,0.0,0.0,0.0,0.0,0.0,0.0,0.0,0.0,0.0,0.0,0.0,0.0,0.0,0.0,0.0,0.0,0.0,0.0,0.0,0.0,0.0,0.0,0.0,5.5,0.0,0.0,0.0,0.0,0.0,0.0,0.0,0.0,0.0,0.0,0.5,11,0.0129495610434914,22.0,True,1,30-40,5.533598519758994
Randy Couture,Karina Smirnoff,Athlete,Washington,United States,51,19,Eliminated Week 3,11,8.0,7.0,8.0,8.0,7.0,7.0,7.0,7.0,7.0,7.0,6.0,6.0,0.0,0.0,0.0,0.0,0.0,0.0,0.0,0.0,0.0,0.0,0.0,0.0,0.0,0.0,0.0,0.0,0.0,0.0,0.0,0.0,0.0,0.0,0.0,0.0,0.0,0.0,0.0,0.0,0.0,0.0,0.0,0.0,7.75,7.0,6.5,0.0,0.0,0.0,0.0,0.0,0.0,0.0,0.0,1.9318181818181819,11,0.05891607205003293,28.333333333333332,True,1,50+,5.533598519758994
Tommy Chong,Peta Murgatroyd,Comedian,,Canada,76,19,Eliminated Week 10,5,7.0,6.0,7.0,7.0,7.0,7.0,7.0,7.0,8.0,10.0,8.0,8.0,7.0,7.0,7.0,7.0,6.0,6.0,5.0,6.0,7.0,7.0,7.0,7.0,7.5,7.5,7.5,7.5,6.75,7.75,7.75,6.75,7.0,7.5,7.0,7.0,8.0,7.5,8.0,7.5,0.0,0.0,0.0,0.0,6.75,7.0,8.5,7.0,5.75,7.0,7.5,7.25,7.125,7.75,0.0,6.511363636363637,11,0.12561213390893924,29.27777777777778,True,0,50+,3.67746512345679
Betsey Johnson,Tony Dovolani,Fashion Designer,Connecticut,United States,72,19,Eliminated Week 4,10,5.0,5.0,5.0,5.0,7.0,7.0,7.0,7.0,7.0,9.0,6.0,7.0,8.0,7.0,7.0,7.0,0.0,0.0,0.0,0.0,0.0,0.0,0.0,0.0,0.0,0.0,0.0,0.0,0.0,0.0,0.0,0.0,0.0,0.0,0.0,0.0,0.0,0.0,0.0,0.0,0.0,0.0,0.0,0.0,5.0,7.0,7.25,7.25,0.0,0.0,0.0,0.0,0.0,0.0,0.0,2.409090909090909,11,0.06605411540477032,26.5,True,1,50+,2.409090909090909
Michael Waltrip,Emma Slater,Racing Driver,Kentucky,United States,51,19,Eliminated Week 8,7,7.0,6.0,6.0,6.0,6.0,6.0,6.0,6.0,7.0,7.0,7.0,7.0,6.0,6.0,6.0,7.0,5.0,5.0,5.0,5.0,8.0,7.0,8.0,7.0,7.0,7.0,7.0,7.0,6.0,7.0,6.0,6.0,0.0,0.0,0.0,0.0,0.0,0.0,0.0,0.0,0.0,0.0,0.0,0.0,6.25,6.0,7.0,6.25,5.0,7.5,7.0,6.25,0.0,0.0,0.0,4.659090909090909,11,0.10999199227006821,26.428571428571427,True,1,50+,6.247345
Tavis Smiley,Sharna Burgess,Radio Personality,Mississippi,United States,50,19,Eliminated Week 2,12,7.0,7.0,8.0,7.0,7.0,7.0,7.0,7.0,0.0,0.0,0.0,0.0,0.0,0.0,0.0,0.0,0.0,0.0,0.0,0.0,0.0,0.0,0.0,0.0,0.0,0.0,0.0,0.0,0.0,0.0,0.0,0.0,0.0,0.0,0.0,0.0,0.0,0.0,0.0,0.0,0.0,0.0,0.0,0.0,7.25,7.0,0.0,0.0,0.0,0.0,0.0,0.0,0.0,0.0,0.0,1.2954545454545454,11,0.03935596532238565,28.5,True,1,40-50,3.056271043771044
Bethany Mota,Derek Hough,Social Media Personality,California,United States,18,19,Eliminated Week 11,4,8.0,8.0,8.0,8.0,8.0,9.0,8.0,8.0,10.0,10.0,10.0,10.0,8.0,8.0,8.0,9.0,8.0,8.0,8.0,8.0,9.0,9.0,9.0,9.0,9.5,9.0,9.5,9.5,9.75,9.75,9.75,10.75,9.0,9.5,9.5,9.0,9.5,9.5,9.5,9.5,9.5,9.5,9.5,9.5,8.0,8.25,10.0,8.25,8.0,9.0,9.375,10.0,9.25,9.5,9.5,9.011363636363637,11,0.11967065498401604,36.45,True,1,<30,7.470075757575757
Sadie Robertson,Mark Ballas,TV Personality,Louisiana,United States,17,19,2nd Place,2,8.0,8.0,9.0,9.0,8.0,7.0,8.0,8.0,8.0,8.0,8.0,8.0,9.0,10.0,9.0,9.0,9.0,9.0,9.0,9.0,9.0,10.0,8.0,8.0,7.5,7.5,8.0,8.0,9.0,9.0,10.0,10.0,9.0,9.5,9.0,9.0,9.0,9.5,9.5,9.0,10.0,9.6666,10.0,9.6666,8.5,7.75,8.0,9.25,9.0,8.75,7.75,9.5,9.125,9.25,9.833300000000001,8.791663636363637,11,0.18060839092570377,35.08332,False,1,<30,5.1819820478416
Suzanne Somers,Tony Dovolani,Actor/Actress,California,United States,68,20,Eliminated Week 5,9,6.0,6.0,6.0,7.0,7.0,7.0,7.0,7.0,6.0,6.0,6.0,7.0,7.0,7.0,7.0,7.0,7.0,7.0,7.0,7.0,0.0,0.0,0.0,0.0,0.0,0.0,0.0,0.0,0.0,0.0,0.0,0.0,0.0,0.0,0.0,0.0,0.0,0.0,0.0,0.0,,,,,6.25,7.0,6.25,7.0,7.0,0.0,0.0,0.0,0.0,0.0,,3.35,10,0.0770179907784195,27.25,True,1,50+,5.4682266313525885
Willow Shields,Mark Ballas,Actor/Actress,New Mexico,United States,14,20,Eliminated Week 7,7,6.0,6.0,6.0,7.0,8.0,8.0,8.0,8.0,8.0,8.0,8.0,8.0,10.0,9.0,10.0,10.0,8.0,8.0,9.0,9.0,9.5,8.5,9.0,9.5,9.5,9.5,9.5,10.5,0.0,0.0,0.0,0.0,0.0,0.0,0.0,0.0,0.0,0.0,0.0,0.0,,,,,6.25,8.0,8.0,9.75,8.5,9.125,9.75,0.0,0.0,0.0,,5.9375,10,0.11204067382790477,35.416666666666664,True,1,<30,5.4682266313525885
Riker Lynch,Allison Holker,Actor/Actress,Colorado,United States,23,20,2nd Place,2,8.0,7.0,8.0,8.0,8.0,8.0,8.0,8.0,9.0,7.0,9.0,9.0,8.0,8.0,9.0,9.0,10.0,9.0,9.0,10.0,10.0,8.5,9.5,10.0,9.0,10.0,9.0,9.0,10.0,9.0,10.0,10.0,10.0,10.0,10.0,10.0,10.0,10.0,10.0,10.0,,,,,7.75,8.0,8.5,8.5,9.5,9.5,9.25,9.75,10.0,10.0,,9.075,10,0.18317502087849202,36.888888888888886,False,1,<30,5.4682266313525885
Rumer Willis,Valentin Chmerkovskiy,Actor/Actress,Kentucky,United States,26,20,1st Place,1,8.0,8.0,8.0,8.0,8.0,8.0,8.0,8.0,8.0,9.0,8.0,8.0,9.0,8.0,9.0,9.0,10.0,9.0,10.0,10.0,9.0,8.5,8.5,9.5,8.5,9.5,9.5,9.5,10.0,10.0,10.0,10.0,10.0,9.5,9.5,10.0,10.0,10.0,10.0,10.0,,,,,8.0,8.0,8.25,8.75,9.75,8.875,9.25,10.0,9.75,10.0,,9.0625,10,0.1818032100825821,36.72222222222222,False,1,<30,5.4682266313525885
Nastia Liukin,Derek Hough,Athlete,,Russia,25,20,Eliminated Week 9,4,7.0,7.0,8.0,8.0,9.0,8.0,8.0,9.0,9.0,8.0,9.0,8.0,9.0,8.0,9.0,10.0,9.0,9.0,10.0,10.0,9.5,8.5,9.0,9.5,10.75,9.75,9.75,10.75,9.5,9.5,9.5,9.5,10.0,10.0,10.0,10.0,0.0,0.0,0.0,0.0,,,,,7.5,8.5,8.5,9.0,9.5,9.125,10.25,9.5,10.0,0.0,,8.1875,10,0.12848258328907022,37.1875,True,0,<30,5.533598519758994
Michael Sam,Peta Murgatroyd,Athlete,Texas,United States,25,20,Eliminated Week 4,10,6.0,6.0,7.0,7.0,7.0,7.0,7.0,7.0,6.0,6.0,6.0,6.0,7.0,7.0,8.0,8.0,0.0,0.0,0.0,0.0,0.0,0.0,0.0,0.0,0.0,0.0,0.0,0.0,0.0,0.0,0.0,0.0,0.0,0.0,0.0,0.0,0.0,0.0,0.0,0.0,,,,,6.5,7.0,6.0,7.5,0.0,0.0,0.0,0.0,0.0,0.0,,2.7,10,0.06994055829019,27.333333333333332,True,1,<30,5.533598519758994
Robert Herjavec,Kym Johnson,Entrepreneur,,Croatia,52,20,Eliminated Week 8,6,7.0,7.0,7.0,7.0,7.0,7.0,7.0,7.0,7.0,7.0,8.0,7.0,8.0,9.0,8.0,9.0,6.0,6.0,6.0,6.0,8.5,8.0,8.5,8.5,7.0,8.0,8.0,8.0,7.5,7.5,8.5,7.5,0.0,0.0,0.0,0.0,0.0,0.0,0.0,0.0,,,,,7.0,7.0,7.25,8.5,6.0,8.375,7.75,7.75,0.0,0.0,,5.9625,10,0.1102199080871896,30.071428571428573,True,0,50+,2.8019886363636366
Charlotte McKinney,Keo Motsepe,Model,Florida,United States,21,20,Eliminated Week 3,11,6.0,5.0,5.0,6.0,7.0,6.0,7.0,6.0,6.0,5.0,5.0,6.0,0.0,0.0,0.0,0.0,0.0,0.0,0.0,0.0,0.0,0.0,0.0,0.0,0.0,0.0,0.0,0.0,0.0,0.0,0.0,0.0,0.0,0.0,0.0,0.0,0.0,0.0,0.0,0.0,,,,,5.5,6.5,5.5,0.0,0.0,0.0,0.0,0.0,0.0,0.0,,1.75,10,0.0665825396101491,24.0,True,1,<30,3.2939875361457713
Noah Galloway,Sharna Burgess,Motivational Speaker,Alabama,United States,33,20,3rd Place,3,7.0,6.0,6.0,7.0,7.0,6.0,7.0,7.0,7.0,7.0,8.0,8.0,8.0,8.0,8.0,8.0,7.0,7.0,7.0,7.0,8.5,8.0,8.5,9.0,10.5,8.5,9.5,9.5,8.0,7.5,8.0,8.0,9.5,9.5,9.5,9.5,9.0,9.0,9.0,9.0,,,,,6.5,6.75,7.5,8.0,7.0,8.5,9.5,7.875,9.5,9.0,,8.0125,10,0.14844547835619232,32.72222222222222,False,1,30-40,8.0125
Redfoo,Emma Slater,Singer/Rapper,California,United States,39,20,Eliminated Week 2,12,6.0,5.0,5.0,6.0,8.0,7.0,8.0,8.0,0.0,0.0,0.0,0.0,0.0,0.0,0.0,0.0,0.0,0.0,0.0,0.0,0.0,0.0,0.0,0.0,0.0,0.0,0.0,0.0,0.0,0.0,0.0,0.0,0.0,0.0,0.0,0.0,0.0,0.0,0.0,0.0,,,,,5.5,7.75,0.0,0.0,0.0,0.0,0.0,0.0,0.0,0.0,,1.325,10,0.0037732386352842,31.0,True,1,30-40,5.2339473613181
Patti LaBelle,Artem Chigvintsev,Singer/Rapper,Pennsylvania,United States,70,20,Eliminated Week 6,8,7.0,6.0,6.0,6.0,7.0,7.0,7.0,7.0,6.0,5.0,5.0,6.0,8.0,7.0,7.0,8.0,7.0,6.0,7.0,7.0,9.0,8.0,8.5,8.5,0.0,0.0,0.0,0.0,0.0,0.0,0.0,0.0,0.0,0.0,0.0,0.0,0.0,0.0,0.0,0.0,,,,,6.25,7.0,5.5,7.5,6.75,8.5,0.0,0.0,0.0,0.0,,4.15,10,0.09193937521712778,28.2,True,1,50+,5.2339473613181
Chris Soules,Witney Carson,TV Personality,Iowa,United States,33,20,Eliminated Week 8,5,7.0,6.0,6.0,7.0,5.0,6.0,5.0,5.0,7.0,7.0,7.0,7.0,7.0,6.0,7.0,7.0,7.0,6.0,7.0,7.0,9.0,8.0,9.0,9.0,8.0,7.0,8.0,8.0,8.0,7.5,8.5,8.0,0.0,0.0,0.0,0.0,0.0,0.0,0.0,0.0,,,,,6.5,5.25,7.0,6.75,6.75,8.75,7.75,8.0,0.0,0.0,,5.675,10,0.1132876740469724,28.714285714285715,True,1,30-40,5.1819820478416
Gary Busey,Anna Trebunskaya,Actor/Actress,Texas,United States,71,21,Eliminated Week 4,10,5.0,5.0,5.0,,5.5,5.5,5.5,,6.0,7.0,6.0,6.0,5.0,6.0,5.0,,0.0,0.0,0.0,0.0,0.0,0.0,0.0,0.0,0.0,0.0,0.0,,0.0,0.0,0.0,,0.0,0.0,0.0,,0.0,0.0,0.0,,0.0,0.0,0.0,,5.0,5.5,6.25,5.333333333333333,0.0,0.0,0.0,0.0,0.0,0.0,0.0,2.0075757575757573,11,0.05430615756095085,16.25,True,1,50+,5.4682266313525885
Alexa PenaVega,Mark Ballas,Actor/Actress,Florida,United States,27,21,Eliminated Week 9,6,7.0,7.0,8.0,,7.5,7.5,8.0,,9.0,9.0,9.0,9.0,7.0,7.0,7.0,,10.0,10.0,10.0,10.0,8.0,7.0,7.0,8.0,9.0,9.5,9.0,,9.6666,8.6666,8.6666,,10.0,10.0,10.0,,0.0,0.0,0.0,,0.0,0.0,0.0,,7.333333333333333,7.666666666666667,9.0,7.0,10.0,7.5,9.166666666666666,8.999933333333333,10.0,0.0,0.0,6.969690909090909,11,0.1328861281977141,26.416633333333333,True,1,<30,5.4682266313525885
Carlos PenaVega,Witney Carson,Actor/Actress,Missouri,United States,26,21,Eliminated Week 11,4,8.0,8.0,7.0,,7.5,7.5,7.5,,7.0,8.0,8.0,8.0,9.0,8.0,8.0,,10.0,10.0,9.0,10.0,10.0,9.0,9.0,10.0,9.0,10.0,9.0,,9.6666,9.6666,9.6666,,9.0,9.0,9.0,,10.0,10.5,11.0,,10.0,10.0,10.0,,7.666666666666667,7.5,7.75,8.333333333333334,9.75,9.5,9.333333333333334,9.6666,9.0,10.5,10.0,8.999993939393939,11,0.11374156008014497,28.874975,True,1,<30,5.4682266313525885
Victor Espinoza,Karina Smirnoff,Athlete,,Mexico,43,21,Eliminated Week 2,12,5.0,5.0,5.0,,6.5,5.5,6.5,,0.0,0.0,0.0,0.0,0.0,0.0,0.0,,0.0,0.0,0.0,0.0,0.0,0.0,0.0,0.0,0.0,0.0,0.0,,0.0,0.0,0.0,,0.0,0.0,0.0,,0.0,0.0,0.0,,0.0,0.0,0.0,,5.0,6.166666666666667,0.0,0.0,0.0,0.0,0.0,0.0,0.0,0.0,0.0,1.0151515151515154,11,0.0160651861445385,18.5,True,0,40-50,5.533598519758994
Alek Skarlatos,Lindsay Arnold,Military,California,United States,22,21,3rd Place,3,8.0,7.0,7.0,,7.5,7.0,8.0,,8.0,8.0,9.0,8.0,8.0,8.0,8.0,,8.0,7.0,7.0,7.0,8.0,8.0,7.0,7.0,9.0,9.0,8.5,,9.0,8.0,8.0,,8.5,8.5,8.5,,9.5,9.5,9.5,,9.3333,9.3333,9.3333,,7.333333333333333,7.5,8.25,8.0,7.25,7.5,8.833333333333334,8.333333333333334,8.5,9.5,9.3333,8.212118181818182,11,0.20200729775862464,26.2499875,False,1,<30,8.212118181818182
Chaka Khan,Keo Motsepe,Singer/Rapper,Illinois,United States,62,21,Eliminated Week 2,13,5.0,4.0,4.0,,5.0,5.0,5.0,,0.0,0.0,0.0,0.0,0.0,0.0,0.0,,0.0,0.0,0.0,0.0,0.0,0.0,0.0,0.0,0.0,0.0,0.0,,0.0,0.0,0.0,,0.0,0.0,0.0,,0.0,0.0,0.0,,0.0,0.0,0.0,,4.333333333333333,5.0,0.0,0.0,0.0,0.0,0.0,0.0,0.0,0.0,0.0,0.8484848484848484,11,0.0198305636814654,15.0,True,1,50+,5.2339473613181
Andy Grammer,Allison Holker,Singer/Rapper,California,United States,31,21,Eliminated Week 8,7,7.0,7.0,7.0,,7.5,7.5,7.0,,7.0,7.0,8.0,7.0,7.0,8.0,8.0,,9.0,9.0,9.0,9.0,10.0,10.0,10.0,10.0,9.5,9.5,9.0,,8.6666,7.6666,7.6666,,0.0,0.0,0.0,,0.0,0.0,0.0,,0.0,0.0,0.0,,7.0,7.333333333333333,7.25,7.666666666666667,9.0,10.0,9.333333333333334,7.999933333333334,0.0,0.0,0.0,5.962115151515152,11,0.07010807237882462,27.39996,True,1,30-40,5.2339473613181
Tamar Braxton,Valentin Chmerkovskiy,Singer/Rapper,Maryland,United States,38,21,Withdrew,5,8.0,7.0,8.0,,8.0,8.0,8.5,,8.0,9.0,8.0,8.0,9.0,9.0,9.0,,7.0,7.0,8.0,7.0,10.0,10.0,10.0,10.0,9.0,9.0,9.0,,9.0,9.0,10.0,,8.5,8.0,8.0,,0.0,0.0,0.0,,0.0,0.0,0.0,,7.666666666666667,8.166666666666666,8.25,9.0,7.25,10.0,9.0,9.333333333333334,8.166666666666666,0.0,0.0,6.984848484848484,11,0.12747347434885437,28.5,False,1,30-40,5.2339473613181
Nick Carter,Sharna Burgess,Singer/Rapper,New York,United States,35,21,2nd Place,2,8.0,8.0,8.0,,7.5,7.5,7.5,,9.0,9.0,9.0,9.0,9.0,9.0,9.0,,9.0,9.0,8.0,9.0,9.0,10.0,10.0,10.0,9.0,9.0,9.0,,11.0,11.0,11.0,,9.0,9.0,9.5,,9.0,9.0,9.0,,10.0,10.0,10.0,,8.0,7.5,9.0,9.0,8.75,9.75,9.0,11.0,9.166666666666666,9.0,10.0,9.106060606060607,11,0.15750379324453062,29.125,False,1,30-40,5.2339473613181
Hayes Grier,Emma Slater,Social Media Personality,North Carolina,United States,15,21,Eliminated Week 7,8,7.0,7.0,7.0,,8.0,7.0,7.5,,7.0,8.0,7.0,8.0,9.0,9.0,9.0,,8.0,8.0,7.0,7.0,8.0,8.0,8.0,8.0,9.0,9.5,9.5,,0.0,0.0,0.0,,0.0,0.0,0.0,,0.0,0.0,0.0,,0.0,0.0,0.0,,7.0,7.5,7.5,9.0,7.5,8.0,9.333333333333334,0.0,0.0,0.0,0.0,5.075757575757576,11,0.10033808838384603,27.375,True,1,<30,7.470075757575757
Bindi Irwin,Derek Hough,TV Personality,,Australia,17,21,1st Place,1,8.0,8.0,8.0,,8.0,8.0,8.0,,8.0,8.0,8.0,8.0,9.0,9.0,10.0,,9.0,9.0,10.0,9.0,10.0,10.0,10.0,10.0,9.5,10.0,9.5,,10.0,9.0,9.0,,10.0,10.0,10.0,,10.5,10.5,10.5,,10.0,10.0,10.0,,8.0,8.0,8.0,9.333333333333334,9.25,10.0,9.666666666666666,9.333333333333334,10.0,10.5,10.0,9.280303030303031,11,0.17540650921451206,30.0625,False,0,<30,5.1819820478416
Kim Zolciak-Biermann,Tony Dovolani,TV Personality,Florida,United States,37,21,Withdrew,11,4.0,4.0,4.0,,6.5,6.0,6.0,,0.0,0.0,0.0,0.0,0.0,0.0,0.0,,0.0,0.0,0.0,0.0,0.0,0.0,0.0,0.0,0.0,0.0,0.0,,0.0,0.0,0.0,,0.0,0.0,0.0,,0.0,0.0,0.0,,0.0,0.0,0.0,,4.0,6.166666666666667,0.0,0.0,0.0,0.0,0.0,0.0,0.0,0.0,0.0,0.9242424242424243,11,0.1025816296047538,18.5,False,1,30-40,5.1819820478416
Paula Deen,Louis van Amstel,TV Personality,Georgia,United States,68,21,Eliminated Week 6,9,5.0,5.0,5.0,,6.5,6.0,6.0,,5.0,5.0,5.0,5.0,6.0,6.0,6.0,,7.0,7.0,6.0,6.0,6.0,6.0,6.0,6.0,0.0,0.0,0.0,,0.0,0.0,0.0,,0.0,0.0,0.0,,0.0,0.0,0.0,,0.0,0.0,0.0,,5.0,6.166666666666667,5.0,6.0,6.5,6.0,0.0,0.0,0.0,0.0,0.0,3.151515151515152,11,0.08319556411864193,20.166666666666668,True,1,50+,5.1819820478416
Mischa Barton,Artem Chigvintsev,Actor/Actress,,England,30,22,Eliminated Week 3,11,5.0,5.0,6.0,,5.0,5.0,5.0,,6.0,6.0,6.0,,0.0,0.0,0.0,0.0,0.0,0.0,0.0,0.0,0.0,0.0,0.0,,0.0,0.0,0.0,,0.0,0.0,0.0,,0.0,0.0,0.0,,0.0,0.0,0.0,,,,,,5.333333333333333,5.0,6.0,0.0,0.0,0.0,0.0,0.0,0.0,0.0,,1.6333333333333333,10,0.06272419614751525,16.5,True,0,<30,5.4682266313525885
Kim Fields,Sasha Farber,Actor/Actress,New York,United States,46,22,Eliminated Week 7,8,7.0,6.0,7.0,,7.0,6.0,6.0,,8.0,7.0,7.0,,8.0,8.0,8.0,8.0,8.0,6.0,6.0,8.0,8.0,8.0,8.0,,8.5,8.5,9.0,,0.0,0.0,0.0,,0.0,0.0,0.0,,0.0,0.0,0.0,,,,,,6.666666666666667,6.333333333333333,7.333333333333333,8.0,7.0,8.0,8.666666666666666,0.0,0.0,0.0,,5.2,10,0.0869452531768104,24.6,True,1,40-50,5.4682266313525885
Jodie Sweetin,Keo Motsepe,Actor/Actress,California,United States,34,22,Eliminated Week 8,6,7.0,6.0,7.0,,7.0,7.0,7.0,,8.0,7.0,8.0,,7.0,6.0,7.0,7.0,9.0,8.0,9.0,9.0,9.0,8.0,8.0,,8.0,8.5,9.0,,10.0,10.0,10.0,,0.0,0.0,0.0,,0.0,0.0,0.0,,,,,,6.666666666666667,7.0,7.666666666666667,6.75,8.75,8.333333333333334,8.5,10.0,0.0,0.0,,6.366666666666667,10,0.09275403504293944,25.25,True,1,30-40,5.4682266313525885
Doug Flutie,Karina Smirnoff,Athlete,Maryland,United States,53,22,Eliminated Week 6,9,5.0,5.0,5.0,,7.0,6.0,7.0,,7.0,6.0,7.0,,6.0,6.0,6.0,6.0,7.0,7.0,7.0,7.0,7.0,7.0,7.0,,0.0,0.0,0.0,,0.0,0.0,0.0,,0.0,0.0,0.0,,0.0,0.0,0.0,,,,,,5.0,6.666666666666667,6.666666666666667,6.0,7.0,7.0,0.0,0.0,0.0,0.0,,3.8333333333333335,10,0.06999852794446135,21.25,True,1,50+,5.533598519758994
Von Miller,Witney Carson,Athlete,Texas,United States,27,22,Eliminated Week 7,7,8.0,6.0,7.0,,7.0,6.0,7.0,,7.0,6.0,7.0,,8.0,8.0,8.0,8.0,8.0,7.0,7.0,7.0,8.0,8.0,8.0,,8.5,8.5,9.0,,0.0,0.0,0.0,,0.0,0.0,0.0,,0.0,0.0,0.0,,,,,,7.0,6.666666666666667,6.666666666666667,8.0,7.25,8.0,8.666666666666666,0.0,0.0,0.0,,5.225,10,0.09741120455977767,24.4,True,1,<30,5.533598519758994
Antonio Brown,Sharna Burgess,Athlete,Florida,United States,27,22,Eliminated Week 9,5,8.0,6.0,7.0,,6.0,6.0,7.0,,7.0,6.0,7.0,,9.0,8.0,9.0,9.0,7.0,6.0,6.0,7.0,9.0,9.0,9.0,,8.5,8.5,9.0,,9.0,9.0,9.0,,9.0,9.0,9.5,,0.0,0.0,0.0,,,,,,7.0,6.333333333333333,6.666666666666667,8.75,6.5,9.0,8.666666666666666,9.0,9.166666666666666,0.0,,7.1083333333333325,10,0.12896720178054819,25.928571428571427,True,1,<30,5.533598519758994
Paige VanZant,Mark Ballas,Athlete,Oregon,United States,22,22,2nd Place,2,7.0,7.0,7.0,,8.0,8.0,8.0,,8.0,7.0,8.0,,9.0,9.0,9.0,9.0,8.0,8.0,7.0,8.0,9.0,10.0,9.0,,9.0,9.0,9.5,,10.0,9.0,9.0,,10.0,9.5,10.0,,10.0,9.6666,10.0,,,,,,7.0,8.0,7.666666666666667,9.0,7.75,9.333333333333334,9.166666666666666,9.333333333333334,9.833333333333334,9.888866666666667,,8.69722,10,0.15367011642356568,28.208325000000002,False,1,<30,5.533598519758994
Geraldo Rivera,Edyta Sliwinska,Journalist,New York,United States,72,22,Eliminated Week 2,12,5.0,4.0,4.0,,5.0,4.0,4.0,,0.0,0.0,0.0,,0.0,0.0,0.0,0.0,0.0,0.0,0.0,0.0,0.0,0.0,0.0,,0.0,0.0,0.0,,0.0,0.0,0.0,,0.0,0.0,0.0,,0.0,0.0,0.0,,,,,,4.333333333333333,4.333333333333333,0.0,0.0,0.0,0.0,0.0,0.0,0.0,0.0,,0.8666666666666666,10,0.0220932516364185,13.0,True,1,50+,0.8666666666666666
Nyle DiMarco,Peta Murgatroyd,Model,New York,United States,26,22,1st Place,1,8.0,7.0,8.0,,7.0,6.0,7.0,,8.0,8.0,9.0,,8.0,8.0,9.0,9.0,9.0,10.0,9.0,9.0,8.0,8.0,9.0,,9.5,9.0,9.5,,10.0,9.0,10.0,,9.5,9.5,9.5,,9.6666,9.6666,9.6666,,,,,,7.666666666666667,6.666666666666667,8.333333333333334,8.5,9.25,8.333333333333334,9.333333333333334,9.666666666666666,9.5,9.6666,,8.69166,10,0.19577495601572137,27.312475,False,1,<30,3.2939875361457713
Ginger Zee,Valentin Chmerkovskiy,News Anchor,California,United States,35,22,3rd Place,3,8.0,7.0,8.0,,7.0,7.0,7.0,,7.0,7.0,7.0,,9.0,9.0,9.0,9.0,8.0,8.0,8.0,8.0,8.0,8.0,8.0,,9.0,9.0,9.5,,10.0,10.0,10.0,,9.0,9.5,9.5,,9.3333,9.6666,9.3333,,,,,,7.666666666666667,7.0,7.0,9.0,8.0,8.0,9.166666666666666,10.0,9.333333333333334,9.4444,,8.461106666666666,10,0.15091756614856314,26.97915,False,1,30-40,4.578702222222222
Wanya Morris,Lindsay Arnold,Singer/Rapper,Pennsylvania,United States,42,22,Eliminated Week 9,4,8.0,7.0,8.0,,8.0,8.0,8.0,,8.0,8.0,8.0,,8.0,9.0,9.0,9.0,8.0,7.0,7.0,8.0,10.0,9.0,10.0,,9.0,9.0,9.5,,8.0,8.0,9.0,,10.0,10.0,10.0,,0.0,0.0,0.0,,,,,,7.666666666666667,8.0,8.0,8.75,7.5,9.666666666666666,9.166666666666666,8.333333333333334,10.0,0.0,,7.708333333333334,10,0.13658748786990957,27.785714285714285,True,1,40-50,5.2339473613181
Marla Maples,Tony Dovolani,TV Personality,Georgia,United States,52,22,Eliminated Week 4,10,7.0,7.0,7.0,,7.0,6.0,7.0,,7.0,7.0,7.0,,7.0,7.0,7.0,7.0,0.0,0.0,0.0,0.0,0.0,0.0,0.0,,0.0,0.0,0.0,,0.0,0.0,0.0,,0.0,0.0,0.0,,0.0,0.0,0.0,,,,,,7.0,6.666666666666667,7.0,7.0,0.0,0.0,0.0,0.0,0.0,0.0,,2.7666666666666666,10,0.07745793636470684,23.0,True,1,50+,5.1819820478416
Jake T. Austin,Jenna Johnson,Actor/Actress,New York,United States,21,23,Eliminated Week 2,13,5.0,6.0,5.0,6.0,6.0,6.0,6.0,6.0,0.0,0.0,0.0,0.0,0.0,0.0,0.0,,0.0,0.0,0.0,,0.0,0.0,0.0,0.0,0.0,0.0,0.0,0.0,0.0,0.0,0.0,,0.0,0.0,0.0,0.0,0.0,0.0,0.0,,0.0,0.0,0.0,0.0,5.5,6.0,0.0,0.0,0.0,0.0,0.0,0.0,0.0,0.0,0.0,1.0454545454545454,11,0.0077952263067559,24.0,True,1,<30,5.4682266313525885
Maureen McCormick,Artem Chigvintsev,Actor/Actress,California,United States,60,23,Eliminated Week 7,8,6.0,5.0,5.0,6.0,7.0,6.0,6.0,7.0,7.0,7.0,7.0,7.0,8.0,8.0,8.0,,8.0,8.0,8.0,,8.0,7.0,8.0,8.0,8.5,8.0,8.0,8.5,0.0,0.0,0.0,,0.0,0.0,0.0,0.0,0.0,0.0,0.0,,0.0,0.0,0.0,0.0,5.5,6.5,7.0,8.0,8.0,7.75,8.25,0.0,0.0,0.0,0.0,4.636363636363637,11,0.08262369312210628,28.4,True,1,50+,5.4682266313525885
Marilu Henner,Derek Hough,Actor/Actress,Illinois,United States,64,23,Eliminated Week 9,6,7.0,7.0,6.0,7.0,7.0,6.0,7.0,7.0,7.0,7.0,7.0,7.0,7.0,7.0,7.0,,9.0,9.0,9.0,,8.0,9.0,9.0,8.0,7.5,8.0,8.5,8.0,7.0,8.0,8.0,,9.0,9.0,9.0,9.0,0.0,0.0,0.0,,0.0,0.0,0.0,0.0,6.75,6.75,7.0,7.0,9.0,8.5,8.0,7.666666666666667,9.0,0.0,0.0,6.333333333333334,11,0.12213485031184328,28.714285714285715,True,1,50+,5.4682266313525885
Ryan Lochte,Cheryl Burke,Athlete,New York,United States,32,23,Eliminated Week 8,7,6.0,6.0,6.0,6.0,6.0,6.0,6.0,6.0,6.0,7.0,6.0,6.0,7.0,7.0,8.0,,8.0,8.0,8.0,,7.0,8.0,8.0,7.0,8.5,8.0,8.0,8.5,8.0,9.0,9.0,,0.0,0.0,0.0,0.0,0.0,0.0,0.0,,0.0,0.0,0.0,0.0,6.0,6.0,6.25,7.333333333333333,8.0,7.5,8.25,8.666666666666666,0.0,0.0,0.0,5.2727272727272725,11,0.08862162349319208,26.666666666666668,True,1,30-40,5.533598519758994
Calvin Johnson Jr.,Lindsay Arnold,Athlete,Georgia,United States,30,23,3rd Place,3,7.0,6.0,6.0,7.0,7.0,7.0,7.0,7.0,8.0,8.0,8.0,8.0,8.0,7.0,8.0,,8.0,8.0,8.0,,9.0,10.0,9.0,9.0,9.5,9.0,9.0,9.5,10.0,10.0,10.0,,9.0,9.0,10.0,9.0,9.0,9.5,9.5,,9.3333,9.6666,9.6666,9.6666,6.5,7.0,8.0,7.666666666666667,8.0,9.25,9.25,10.0,9.25,9.333333333333334,9.583275,8.530297727272727,11,0.18555092338006665,32.259233333333334,False,1,<30,5.533598519758994
Laurie Hernandez,Valentin Chmerkovskiy,Athlete,New Jersey,United States,16,23,1st Place,1,8.0,8.0,7.0,8.0,8.0,8.0,8.0,8.0,7.0,8.0,8.0,8.0,10.0,10.0,10.0,,8.0,9.0,8.0,,9.0,9.0,9.0,10.0,8.0,8.5,9.0,9.0,11.0,11.0,11.0,,10.0,10.0,10.0,10.0,10.0,10.0,10.0,,9.6666,10.0,9.6666,10.0,7.75,8.0,7.75,10.0,8.333333333333334,9.25,8.625,11.0,10.0,10.0,9.833300000000001,9.140148484848487,11,0.1419077031347883,34.092577777777784,False,1,<30,5.533598519758994
Amber Rose,Maksim Chmerkoskiy,Model,Pennsylvania,United States,32,23,Eliminated Week 6,9,6.0,6.0,6.0,6.0,6.0,6.0,6.0,6.0,7.0,6.0,6.0,6.0,8.0,8.0,8.0,,8.0,8.0,8.0,,7.0,7.0,7.0,7.0,0.0,0.0,0.0,0.0,0.0,0.0,0.0,,0.0,0.0,0.0,0.0,0.0,0.0,0.0,,0.0,0.0,0.0,0.0,6.0,6.0,6.25,8.0,8.0,7.0,0.0,0.0,0.0,0.0,0.0,3.75,11,0.0758300779565356,25.25,True,1,30-40,3.2939875361457713
Rick Perry,Emma Slater,Politician,Texas,United States,66,23,Eliminated Week 3,12,5.0,5.0,5.0,5.0,6.0,5.0,6.0,5.0,6.0,5.0,6.0,6.0,0.0,0.0,0.0,,0.0,0.0,0.0,,0.0,0.0,0.0,0.0,0.0,0.0,0.0,0.0,0.0,0.0,0.0,,0.0,0.0,0.0,0.0,0.0,0.0,0.0,,0.0,0.0,0.0,0.0,5.0,5.5,5.75,0.0,0.0,0.0,0.0,0.0,0.0,0.0,0.0,1.4772727272727273,11,0.05014513054455815,22.5,True,1,50+,2.682322121212121
James Hinchcliffe,Sharna Burgess,Racing Driver,,Canada,29,23,2nd Place,2,8.0,8.0,7.0,8.0,7.0,7.0,7.0,8.0,7.0,7.0,8.0,7.0,9.0,9.0,10.0,,10.0,9.0,10.0,,10.0,9.0,9.0,10.0,9.5,9.0,9.0,9.5,11.6666,11.6666,11.6666,,9.0,9.0,9.0,9.0,9.5,10.0,10.0,,9.6666,9.6666,9.6666,10.0,7.75,7.25,7.25,9.333333333333334,9.666666666666666,9.5,9.25,11.6666,9.0,9.833333333333334,9.74995,9.113625757575758,11,0.15157443184200747,33.388844444444445,False,0,<30,6.247345
Babyface,Allison Holker,Singer/Rapper,Indiana,United States,57,23,Eliminated Week 4,11,7.0,6.0,6.0,7.0,8.0,7.0,7.0,8.0,7.0,6.0,6.0,6.0,6.0,6.0,6.0,,0.0,0.0,0.0,,0.0,0.0,0.0,0.0,0.0,0.0,0.0,0.0,0.0,0.0,0.0,,0.0,0.0,0.0,0.0,0.0,0.0,0.0,,0.0,0.0,0.0,0.0,6.5,7.5,6.25,6.0,0.0,0.0,0.0,0.0,0.0,0.0,0.0,2.3863636363636362,11,0.05809264013939314,24.333333333333332,True,1,50+,5.2339473613181
Vanilla Ice,Witney Carson,Singer/Rapper,Texas,United States,48,23,Eliminated Week 4,10,7.0,5.0,6.0,7.0,6.0,7.0,6.0,7.0,6.0,6.0,5.0,6.0,8.0,7.0,8.0,,0.0,0.0,0.0,,0.0,0.0,0.0,0.0,0.0,0.0,0.0,0.0,0.0,0.0,0.0,,0.0,0.0,0.0,0.0,0.0,0.0,0.0,,0.0,0.0,0.0,0.0,6.25,6.5,5.75,7.666666666666667,0.0,0.0,0.0,0.0,0.0,0.0,0.0,2.378787878787879,11,0.06896708642601293,24.0,True,1,40-50,5.2339473613181
Jana Kramer,Gleb Savchenko,Singer/Rapper,Michigan,United States,32,23,Eliminated Week 11,4,7.0,6.0,6.0,8.0,7.0,8.0,7.0,7.0,6.0,7.0,6.0,7.0,8.0,7.0,8.0,,9.0,8.0,9.0,,10.0,10.0,10.0,10.0,8.0,8.5,9.0,9.0,10.0,10.0,10.0,,10.0,10.0,10.0,10.0,9.5,9.5,10.0,,8.5,9.0,9.0,9.0,6.75,7.25,6.5,7.666666666666667,8.666666666666666,10.0,8.625,10.0,10.0,9.666666666666666,8.875,8.545454545454545,11,0.11338422045611354,31.88888888888889,True,1,30-40,5.2339473613181
Terra Jole,Sasha Farber,TV Personality,Texas,United States,36,23,Eliminated Week 10,5,7.0,6.0,6.0,6.0,8.0,7.0,8.0,8.0,8.0,7.0,8.0,7.0,9.0,8.0,8.0,,9.0,9.0,9.0,,7.0,8.0,8.0,7.0,8.5,8.5,9.0,8.5,8.0,8.0,8.0,,10.0,10.0,9.0,9.0,10.0,10.0,10.0,,0.0,0.0,0.0,0.0,6.25,7.75,7.5,8.333333333333334,9.0,7.5,8.625,8.0,9.5,10.0,0.0,7.496212121212122,11,0.13448341912654826,30.3125,True,1,30-40,5.1819820478416
Charo,Keo Motsepe,Actor/Actress,,Spain,66,24,Eliminated Week 3,11,6.0,5.0,5.0,5.0,6.0,6.0,7.0,6.0,6.0,6.0,6.0,6.0,0.0,0.0,0.0,0.0,0.0,0.0,0.0,0.0,0.0,0.0,0.0,0.0,0.0,0.0,0.0,0.0,0.0,0.0,0.0,0.0,0.0,0.0,0.0,0.0,0.0,0.0,0.0,0.0,,,,,5.25,6.25,6.0,0.0,0.0,0.0,0.0,0.0,0.0,0.0,,1.75,10,0.0533150765462745,24.5,True,0,50+,5.4682266313525885
Mr. T,Kym Herjavec,Actor/Actress,Illinois,United States,64,24,Eliminated Week 4,10,5.0,5.0,5.0,5.0,6.0,5.0,6.0,5.0,6.0,6.0,6.0,6.0,7.0,7.0,7.0,7.0,0.0,0.0,0.0,0.0,0.0,0.0,0.0,0.0,0.0,0.0,0.0,0.0,0.0,0.0,0.0,0.0,0.0,0.0,0.0,0.0,0.0,0.0,0.0,0.0,,,,,5.0,5.5,6.0,7.0,0.0,0.0,0.0,0.0,0.0,0.0,,2.35,10,0.0874858710998747,24.666666666666668,True,1,50+,5.4682266313525885
Heather Morris,Maksim Chmerkoskiy,Actor/Actress,California,United States,30,24,Eliminated Week 6,8,7.0,7.0,7.0,7.0,8.0,6.0,8.0,8.0,9.0,8.0,8.0,8.0,8.0,9.0,9.0,9.0,8.0,8.0,9.0,9.0,9.0,9.5,9.0,9.5,0.0,0.0,0.0,0.0,0.0,0.0,0.0,0.0,0.0,0.0,0.0,0.0,0.0,0.0,0.0,0.0,,,,,7.0,7.5,8.25,8.75,8.5,9.25,0.0,0.0,0.0,0.0,,4.925,10,0.0883781047806397,33.8,True,1,<30,5.4682266313525885
Nancy Kerrigan,Artem Chigvintsev,Athlete,Massachusetts,United States,47,24,Eliminated Week 7,7,7.0,7.0,7.0,7.0,7.0,7.0,7.0,7.0,8.0,9.0,8.0,8.0,8.0,9.0,8.0,8.0,9.0,9.0,9.0,9.0,8.5,8.5,8.0,8.5,9.0,9.0,9.0,9.0,0.0,0.0,0.0,0.0,0.0,0.0,0.0,0.0,0.0,0.0,0.0,0.0,,,,,7.0,7.0,8.25,8.25,9.0,8.375,9.0,0.0,0.0,0.0,,5.6875,10,0.1009063704984644,33.25,True,1,40-50,5.533598519758994
Bonner Bolton,Sharna Burgess,Athlete,Texas,United States,29,24,Eliminated Week 8,5,6.0,5.0,5.0,6.0,8.0,5.0,8.0,7.0,6.0,6.0,6.0,6.0,8.0,8.0,8.0,8.0,7.0,8.0,8.0,7.0,8.0,8.5,7.5,7.5,7.5,7.5,8.5,7.5,7.5,7.0,7.5,7.0,0.0,0.0,0.0,0.0,0.0,0.0,0.0,0.0,,,,,5.5,7.0,6.0,8.0,7.5,7.875,7.75,7.25,0.0,0.0,,5.6875,10,0.12869782640311098,29.357142857142858,True,1,<30,5.533598519758994
Simone Biles,Sasha Farber,Athlete,Ohio,United States,20,24,Eliminated Week 9,4,8.0,8.0,8.0,8.0,7.0,7.0,7.0,8.0,7.0,8.0,9.0,8.0,9.0,9.0,9.0,9.0,9.0,9.0,10.0,10.0,8.5,8.5,8.5,9.0,10.5,9.5,9.5,9.5,9.0,9.0,9.0,9.0,10.0,10.0,10.0,10.0,0.0,0.0,0.0,0.0,,,,,8.0,7.25,8.0,9.0,9.5,8.625,9.75,9.0,10.0,0.0,,7.9125,10,0.11894159540078852,35.5625,True,1,<30,5.533598519758994
David Ross,Lindsay Arnold,Athlete,Georgia,United States,40,24,2nd Place,2,7.0,7.0,7.0,7.0,7.0,6.0,7.0,7.0,8.0,7.0,8.0,8.0,7.0,8.0,8.0,8.0,7.0,7.0,8.0,7.0,7.5,8.5,7.5,7.5,8.0,8.0,8.0,8.0,8.0,8.0,8.5,8.0,9.0,8.5,9.0,8.5,9.0,9.0,9.3333,9.0,,,,,7.0,6.75,7.75,7.75,7.25,7.75,8.0,8.125,8.75,9.083325,,7.8208325,10,0.1672839833403226,31.648144444444444,False,1,30-40,5.533598519758994
Rashad Jennings,Emma Slater,Athlete,Virginia,United States,32,24,1st Place,1,8.0,7.0,8.0,8.0,8.0,8.0,8.0,8.0,7.0,7.0,7.0,7.0,10.0,9.0,10.0,10.0,7.0,8.0,9.0,8.0,8.5,9.5,8.5,8.5,9.5,9.5,10.5,9.5,9.5,9.0,9.5,9.5,9.5,9.0,10.0,10.0,10.0,9.6666,10.0,10.0,,,,,7.75,8.0,7.0,9.75,8.0,8.75,9.75,9.375,9.625,9.91665,,8.791665,10,0.22418129920164212,35.629622222222224,False,1,30-40,5.533598519758994
Chris Kattan,Witney Carson,Comedian,California,United States,46,24,Eliminated Week 2,12,5.0,4.0,4.0,4.0,6.0,5.0,6.0,5.0,0.0,0.0,0.0,0.0,0.0,0.0,0.0,0.0,0.0,0.0,0.0,0.0,0.0,0.0,0.0,0.0,0.0,0.0,0.0,0.0,0.0,0.0,0.0,0.0,0.0,0.0,0.0,0.0,0.0,0.0,0.0,0.0,,,,,4.25,5.5,0.0,0.0,0.0,0.0,0.0,0.0,0.0,0.0,,0.975,10,0.0082200302727926,22.0,True,1,40-50,3.67746512345679
Erika Jayne,Gleb Savchenko,Singer/Rapper,Georgia,United States,45,24,Eliminated Week 5,9,6.0,6.0,6.0,6.0,7.0,7.0,7.0,7.0,6.0,7.0,7.0,6.0,8.0,7.0,7.0,8.0,8.0,8.0,8.0,8.0,0.0,0.0,0.0,0.0,0.0,0.0,0.0,0.0,0.0,0.0,0.0,0.0,0.0,0.0,0.0,0.0,0.0,0.0,0.0,0.0,,,,,6.0,7.0,6.5,7.5,8.0,0.0,0.0,0.0,0.0,0.0,,3.5,10,0.07968465957636947,29.0,True,1,40-50,5.2339473613181
Normani,Valentin Chmerkovskiy,Singer/Rapper,Georgia,United States,20,24,3rd Place,3,7.0,6.0,7.0,7.0,8.0,8.0,8.0,8.0,8.0,8.0,9.0,9.0,8.0,7.0,8.0,9.0,10.0,9.0,10.0,10.0,9.0,9.5,8.0,9.5,10.5,10.5,10.5,10.5,10.0,9.5,10.0,10.0,9.5,9.5,9.5,9.5,10.0,9.6666,9.6666,10.0,,,,,6.75,8.0,8.5,8.0,9.75,9.0,10.5,9.875,9.5,9.833300000000001,,8.970830000000001,10,0.14371069006728177,36.87035555555556,False,1,<30,5.2339473613181
Nick Viall,Peta Murgatroyd,TV Personality,Wisconsin,United States,36,24,Eliminated Week 7,6,6.0,6.0,6.0,6.0,7.0,5.0,7.0,6.0,7.0,6.0,7.0,6.0,8.0,7.0,8.0,7.0,9.0,8.0,9.0,8.0,7.5,8.0,7.5,7.5,8.0,8.0,9.0,9.0,0.0,0.0,0.0,0.0,0.0,0.0,0.0,0.0,0.0,0.0,0.0,0.0,,,,,6.0,6.25,6.5,7.5,8.5,7.625,8.5,0.0,0.0,0.0,,5.0875,10,0.09793725277071143,29.916666666666668,True,1,30-40,5.1819820478416
Sasha Pieterse,Gleb Savchenko,Actor/Actress,,South Africa,21,25,Eliminated Week 5,10,6.0,6.0,6.0,,8.0,7.5,7.0,,7.0,6.0,6.0,,8.0,8.0,8.0,,8.0,8.0,8.0,,0.0,0.0,0.0,0.0,0.0,0.0,0.0,,0.0,0.0,0.0,,0.0,0.0,0.0,,0.0,0.0,0.0,0.0,,,,,6.0,7.5,6.333333333333333,8.0,8.0,0.0,0.0,0.0,0.0,0.0,,3.583333333333333,10,0.07137268732336287,23.5,True,0,<30,5.4682266313525885
Frankie Muniz,Witney Carson,Actor/Actress,New Jersey,United States,31,25,3rd Place,3,7.0,6.0,6.0,,8.0,7.5,8.5,,7.0,7.0,7.0,,8.0,8.0,8.0,,10.0,9.0,10.0,,7.0,8.0,8.0,8.0,10.0,10.0,10.0,,9.0,8.5,9.0,,8.5,8.0,9.0,,9.7777,9.3333,9.7777,10.0,,,,,6.333333333333333,8.0,7.0,8.0,9.666666666666666,7.75,10.0,8.833333333333334,8.5,9.722175,,8.380550833333334,10,0.13735844771070307,28.6110875,False,1,30-40,5.4682266313525885
Jordan Fisher,Lindsay Arnold,Actor/Actress,Alabama,United States,23,25,1st Place,1,8.0,7.0,7.0,,8.0,8.0,8.0,,9.0,7.0,9.0,,10.0,9.0,10.0,,10.0,10.0,10.0,,10.0,9.0,10.0,10.0,9.0,9.0,9.0,,10.0,10.0,10.0,,9.5,9.5,10.0,,10.0,10.0,10.0,10.0,,,,,7.333333333333333,8.0,8.333333333333334,9.666666666666666,10.0,9.75,9.0,10.0,9.666666666666666,10.0,,9.175,10,0.15557135244350012,31.0,False,1,<30,5.4682266313525885
Derek Fisher,Sharna Burgess,Athlete,Arkansas,United States,43,25,Eliminated Week 4,11,6.0,6.0,6.0,,6.5,6.0,6.5,,7.0,7.0,7.0,,7.0,8.0,8.0,,0.0,0.0,0.0,,0.0,0.0,0.0,0.0,0.0,0.0,0.0,,0.0,0.0,0.0,,0.0,0.0,0.0,,0.0,0.0,0.0,0.0,,,,,6.0,6.333333333333333,7.0,7.666666666666667,0.0,0.0,0.0,0.0,0.0,0.0,,2.7,10,0.0431215422940971,21.0,True,1,40-50,5.533598519758994
Nikki Bella,Artem Chigvintsev,Athlete,California,United States,33,25,Eliminated Week 7,8,7.0,7.0,6.0,,6.5,6.5,6.5,,7.0,7.0,7.0,,8.0,8.0,8.0,,9.0,9.0,9.0,,9.0,9.0,9.0,9.0,8.0,8.0,8.0,,0.0,0.0,0.0,,0.0,0.0,0.0,,0.0,0.0,0.0,0.0,,,,,6.666666666666667,6.5,7.0,8.0,9.0,9.0,8.0,0.0,0.0,0.0,,5.416666666666667,10,0.09066378836260736,26.1,True,1,30-40,5.533598519758994
Terrell Owens,Cheryl Burke,Athlete,Alabama,United States,43,25,Eliminated Week 8,6,5.0,5.0,5.0,,6.5,6.0,7.0,,7.0,7.0,7.0,,8.0,8.0,8.0,,9.0,8.0,8.0,,9.0,9.0,10.0,9.0,8.0,8.0,8.5,,8.5,8.5,8.5,,0.0,0.0,0.0,,0.0,0.0,0.0,0.0,,,,,5.0,6.5,7.0,8.0,8.333333333333334,9.25,8.166666666666666,8.5,0.0,0.0,,6.075,10,0.11850905315639515,25.916666666666668,True,1,40-50,5.533598519758994
Victoria Arlen,Valentin Chmerkovskiy,Athlete,New Hamshire,United States,22,25,Eliminated Week 9,5,7.0,6.0,6.0,,7.5,7.0,7.5,,8.0,7.0,7.0,,9.0,9.0,9.0,,9.0,9.0,9.0,,8.0,8.0,7.0,8.0,9.5,9.5,9.5,,8.0,8.0,8.0,,9.0,9.5,9.5,,0.0,0.0,0.0,0.0,,,,,6.333333333333333,7.333333333333333,7.333333333333333,9.0,9.0,7.75,9.5,8.0,9.333333333333334,0.0,,7.3583333333333325,10,0.12728060824350815,26.785714285714285,True,1,<30,5.533598519758994
Barbara Corcoran,Keo Motsepe,Entrepreneur,New Jersey,United States,68,25,Eliminated Week 2,13,5.0,4.0,5.0,,6.0,5.0,6.0,,0.0,0.0,0.0,,0.0,0.0,0.0,,0.0,0.0,0.0,,0.0,0.0,0.0,0.0,0.0,0.0,0.0,,0.0,0.0,0.0,,0.0,0.0,0.0,,0.0,0.0,0.0,0.0,,,,,4.666666666666667,5.666666666666667,0.0,0.0,0.0,0.0,0.0,0.0,0.0,0.0,,1.0333333333333334,10,0.0187208175563717,17.0,True,1,50+,2.8019886363636366
Lindsey Stirling,Mark Ballas,Musician,California,United States,31,25,2nd Place,2,7.0,8.0,7.0,,7.5,7.5,7.5,,9.0,9.0,9.0,,9.0,8.0,9.0,,9.0,10.0,9.0,,10.0,10.0,10.0,10.0,8.5,8.5,8.5,,9.5,8.5,9.0,,9.5,9.0,10.0,,10.0,10.0,10.0,10.0,,,,,7.333333333333333,7.5,9.0,8.666666666666666,9.333333333333334,10.0,8.5,9.0,9.5,10.0,,8.883333333333335,10,0.16402801768569025,29.6875,False,1,30-40,8.883333333333335
Debbie Gibson,Alan Bersten,Singer/Rapper,New York,United States,47,25,Eliminated Week 2,12,6.0,5.0,6.0,,7.0,6.5,7.0,,0.0,0.0,0.0,,0.0,0.0,0.0,,0.0,0.0,0.0,,0.0,0.0,0.0,0.0,0.0,0.0,0.0,,0.0,0.0,0.0,,0.0,0.0,0.0,,0.0,0.0,0.0,0.0,,,,,5.666666666666667,6.833333333333333,0.0,0.0,0.0,0.0,0.0,0.0,0.0,0.0,,1.25,10,0.0112850751783617,20.5,True,1,40-50,5.2339473613181
Nick Lachey,Peta Murgatroyd,Singer/Rapper,Kentucky,United States,43,25,Eliminated Week 6,9,6.0,6.0,6.0,,7.0,6.0,6.0,,7.0,7.0,7.0,,8.0,7.0,7.0,,7.0,8.0,7.0,,7.0,6.0,7.0,6.0,0.0,0.0,0.0,,0.0,0.0,0.0,,0.0,0.0,0.0,,0.0,0.0,0.0,0.0,,,,,6.0,6.333333333333333,7.0,7.333333333333333,7.333333333333333,6.5,0.0,0.0,0.0,0.0,,4.05,10,0.10693640255685663,22.25,True,1,40-50,5.2339473613181
Drew Scott,Emma Slater,TV Personality,,Canada,39,25,Eliminated Week 10,4,6.0,5.0,5.0,,7.0,6.5,7.0,,8.0,7.0,8.0,,8.0,8.0,8.0,,9.0,8.0,8.0,,7.0,7.0,9.0,7.0,9.5,9.5,9.5,,8.0,7.5,8.0,,8.0,8.0,8.0,,9.0,9.5,9.5,9.5,,,,,5.333333333333333,6.833333333333333,7.666666666666667,8.0,8.333333333333334,7.5,9.5,7.833333333333333,8.0,9.375,,7.8375,10,0.13671121254697954,26.625,True,0,30-40,5.1819820478416
Vanessa Lachey,Maksim Chmerkoskiy,TV Personality,,Philippines,36,25,Eliminated Week 7,7,7.0,7.0,7.0,,8.0,8.0,7.5,,7.0,8.0,8.0,,8.0,8.0,8.0,,8.0,8.0,8.0,,9.0,9.0,9.0,9.0,9.0,9.0,9.0,,0.0,0.0,0.0,,0.0,0.0,0.0,,0.0,0.0,0.0,0.0,,,,,7.0,7.833333333333333,7.666666666666667,8.0,8.0,9.0,9.0,0.0,0.0,0.0,,5.65,10,0.08743951778572208,26.9,True,0,30-40,5.1819820478416
Jamie Anderson,Artem Chigvintsev,Athlete,California,United States,27,26,Eliminated Week 1,10,6.0,7.0,6.0,,0.0,0.0,0.0,0.0,0.0,0.0,0.0,0.0,0.0,0.0,0.0,,,,,,,,,,,,,,,,,,,,,,,,,,,,,,6.333333333333333,0.0,0.0,0.0,,,,,,,,1.5833333333333333,4,0.028626832735841,19.0,True,1,<30,5.533598519758994
Johnny Damon,Emma Slater,Athlete,Kansas,United States,44,26,Eliminated Week 1,9,6.0,6.0,6.0,,0.0,0.0,0.0,0.0,0.0,0.0,0.0,0.0,0.0,0.0,0.0,,,,,,,,,,,,,,,,,,,,,,,,,,,,,,6.0,0.0,0.0,0.0,,,,,,,,1.5,4,0.0285852566159777,18.0,True,1,40-50,5.533598519758994
Kareem Abdul-Jabbar,Lindsay Arnold,Athlete,New York,United States,71,26,Eliminated Week 2,8,6.0,5.0,6.0,,7.5,8.0,7.0,7.0,0.0,0.0,0.0,0.0,0.0,0.0,0.0,,,,,,,,,,,,,,,,,,,,,,,,,,,,,,5.666666666666667,7.375,0.0,0.0,,,,,,,,3.260416666666667,4,0.0729019421812328,23.25,True,1,50+,5.533598519758994
Arike Ogunbowale,Gleb Savchenko,Athlete,Wisconsin,United States,21,26,Eliminated Week 2,7,7.0,6.0,7.0,,8.5,9.5,8.5,8.5,0.0,0.0,0.0,0.0,0.0,0.0,0.0,,,,,,,,,,,,,,,,,,,,,,,,,,,,,,6.666666666666667,8.75,0.0,0.0,,,,,,,,3.854166666666667,4,0.09111255911288994,27.5,True,1,<30,5.533598519758994
Jennie Finch Daigle,Keo Motsepe,Athlete,California,United States,37,26,Eliminated Week 3,6,7.0,7.0,7.0,,7.5,8.5,8.0,7.5,7.0,8.0,7.0,7.0,0.0,0.0,0.0,,,,,,,,,,,,,,,,,,,,,,,,,,,,,,7.0,7.875,7.25,0.0,,,,,,,,5.53125,4,0.1363627317735421,27.166666666666668,True,1,30-40,5.533598519758994
Chris Mazdzer,Witney Carson,Athlete,Massachusetts,United States,29,26,Eliminated Week 3,5,7.0,7.0,7.0,,8.5,8.5,8.0,8.0,8.0,9.0,7.0,9.0,0.0,0.0,0.0,,,,,,,,,,,,,,,,,,,,,,,,,,,,,,7.0,8.25,8.25,0.0,,,,,,,,5.875,4,0.1052714079311644,29.0,True,1,<30,5.533598519758994
Mirai Nagasu,Alan Bersten,Athlete,California,United States,25,26,Eliminated Week 3,4,7.0,8.0,8.0,,9.0,10.0,9.0,9.0,9.0,9.0,8.0,9.0,0.0,0.0,0.0,,,,,,,,,,,,,,,,,,,,,,,,,,,,,,7.666666666666667,9.25,8.75,0.0,,,,,,,,6.416666666666667,4,0.1338930342057233,31.666666666666668,True,1,<30,5.533598519758994
Tonya Harding,Sasha Farber,Athlete,Oregon,United States,47,26,3rd Place,3,8.0,8.0,7.0,,8.0,9.0,8.0,8.0,8.5,9.5,8.5,8.5,9.0,9.5,9.5,,,,,,,,,,,,,,,,,,,,,,,,,,,,,,7.666666666666667,8.25,8.75,9.333333333333334,,,,,,,,8.5,4,0.1563606382863138,29.75,False,1,40-50,5.533598519758994
Josh Norman,Sharna Burgess,Athlete,South Carolina,United States,30,26,2nd Place,2,8.0,8.0,8.0,,7.5,8.0,8.0,8.0,9.5,9.5,9.5,9.5,9.5,9.5,9.5,,,,,,,,,,,,,,,,,,,,,,,,,,,,,,8.0,7.875,9.5,9.5,,,,,,,,8.71875,4,0.21745203537268215,30.5,False,1,<30,5.533598519758994
Adam Rippon,Jenna Johnson,Athlete,Pennsylvania,United States,28,26,1st Place,1,8.0,8.0,8.0,,9.0,9.5,9.0,9.5,10.5,10.5,9.5,10.5,9.5,9.5,10.0,,,,,,,,,,,,,,,,,,,,,,,,,,,,,,8.0,9.25,10.25,9.666666666666666,,,,,,,,9.291666666666666,4,0.24823167292316553,32.75,False,1,<30,5.533598519758994
Juan Pablo Di Pace,Cheryl Burke,Actor/Actress,,Argentina,39,27,Eliminated Week 8,5,7.0,7.0,8.0,,9.0,8.0,9.0,,10.0,10.0,10.0,,8.0,8.0,8.0,,10.0,9.0,10.0,,10.0,10.0,10.0,,9.5,9.0,9.5,,10.0,10.0,10.0,,0.0,0.0,0.0,,,,,,,,,,7.333333333333333,8.666666666666666,10.0,8.0,9.666666666666666,10.0,9.333333333333334,10.0,0.0,,,8.11111111111111,9,0.08806922947657216,27.142857142857142,True,0,30-40,5.4682266313525885
Evanna Lynch,Keo Motsepe,Actor/Actress,,Ireland,27,27,3rd Place,3,7.0,5.0,6.0,,8.0,8.0,8.0,,9.0,9.0,9.0,,8.0,8.0,8.0,,8.0,8.0,8.0,,10.0,9.0,10.0,,10.0,9.5,10.0,,10.0,9.5,9.5,,10.0,10.0,10.0,,,,,,,,,,6.0,8.0,9.0,8.0,8.0,9.666666666666666,9.833333333333334,9.666666666666666,10.0,,,8.685185185185183,9,0.1175139293976256,26.3125,False,0,<30,5.4682266313525885
Nancy McKeon,Valentin Chmerkovskiy,Actor/Actress,New York,United States,52,27,Eliminated Week 3,11,6.5,6.5,6.5,,7.0,6.5,7.0,,8.0,7.0,7.0,,0.0,0.0,0.0,,0.0,0.0,0.0,,0.0,0.0,0.0,,0.0,0.0,0.0,,0.0,0.0,0.0,,0.0,0.0,0.0,,,,,,,,,,6.5,6.833333333333333,7.333333333333333,0.0,0.0,0.0,0.0,0.0,0.0,,,2.296296296296296,9,0.07100005026863973,20.666666666666668,True,1,50+,5.4682266313525885
John Schneider,Emma Slater,Actor/Actress,New York,United States,58,27,Eliminated Week 7,8,7.0,5.0,6.0,,7.5,6.5,7.5,,7.0,7.0,7.0,,7.0,7.0,7.0,,8.0,8.0,8.0,,6.0,7.0,6.0,,9.0,9.0,9.0,,0.0,0.0,0.0,,0.0,0.0,0.0,,,,,,,,,,6.0,7.166666666666667,7.0,7.0,8.0,6.333333333333333,9.0,0.0,0.0,,,5.611111111111111,9,0.08338795671494269,21.25,True,1,50+,5.4682266313525885
Milo Manheim,Witney Carson,Actor/Actress,California,United States,17,27,2nd Place,2,7.0,6.0,7.0,,9.0,8.0,9.0,,9.0,9.0,9.0,,10.0,9.0,10.0,,9.0,8.0,10.0,,10.0,10.0,10.0,,10.0,9.0,10.0,,9.0,9.0,9.5,,10.0,10.0,10.0,,,,,,,,,,6.666666666666667,8.666666666666666,9.0,9.666666666666666,9.0,10.0,9.666666666666666,9.166666666666666,10.0,,,9.092592592592592,9,0.14843822750120647,27.3125,False,1,<30,5.4682266313525885
Danelle Umstead,Artem Chigvintsev,Athlete,New Mexico,United States,46,27,Eliminated Week 2,12,6.0,6.0,6.0,,6.5,6.0,6.0,,0.0,0.0,0.0,,0.0,0.0,0.0,,0.0,0.0,0.0,,0.0,0.0,0.0,,0.0,0.0,0.0,,0.0,0.0,0.0,,0.0,0.0,0.0,,,,,,,,,,6.0,6.166666666666667,0.0,0.0,0.0,0.0,0.0,0.0,0.0,,,1.351851851851852,9,0.0644608501141765,18.25,True,1,40-50,5.533598519758994
Mary Lou Retton,Sasha Farber,Athlete,West Virginia,United States,50,27,Eliminated Week 6,9,6.5,7.0,6.5,,8.0,7.5,7.5,,8.0,8.0,8.0,,9.0,8.0,9.0,,9.0,8.0,8.0,,8.0,8.0,8.0,,0.0,0.0,0.0,,0.0,0.0,0.0,,0.0,0.0,0.0,,,,,,,,,,6.666666666666667,7.666666666666667,8.0,8.666666666666666,8.333333333333334,8.0,0.0,0.0,0.0,,,5.2592592592592595,9,0.06276577085288228,23.4,True,1,40-50,5.533598519758994
DeMarcus Ware,Lindsay Arnold,Athlete,Alabama,United States,36,27,Eliminated Week 7,7,8.0,7.0,8.0,,8.0,7.5,8.0,,9.0,8.0,9.0,,7.0,7.0,8.0,,9.0,8.0,9.0,,8.0,9.0,9.0,,9.0,8.5,9.0,,0.0,0.0,0.0,,0.0,0.0,0.0,,,,,,,,,,7.666666666666667,7.833333333333333,8.666666666666666,7.333333333333333,8.666666666666666,8.666666666666666,8.833333333333334,0.0,0.0,,,6.407407407407407,9,0.0985872060044415,24.5,True,1,30-40,5.533598519758994
Nikki Glaser,Gleb Savchenko,Comedian,Ohio,United States,34,27,Eliminated Week 1,13,6.0,5.5,6.0,,0.0,0.0,0.0,,0.0,0.0,0.0,,0.0,0.0,0.0,,0.0,0.0,0.0,,0.0,0.0,0.0,,0.0,0.0,0.0,,0.0,0.0,0.0,,0.0,0.0,0.0,,,,,,,,,,5.833333333333333,0.0,0.0,0.0,0.0,0.0,0.0,0.0,0.0,,,0.6481481481481481,9,0.0045040770424468,17.5,True,1,30-40,3.67746512345679
Bobby Bones,Sharna Burgess,Radio Personality,Arkansas,United States,38,27,1st Place,1,7.0,6.0,7.0,,7.0,6.0,6.5,,8.0,7.0,8.0,,7.0,6.0,7.0,,7.0,7.0,7.0,,8.0,7.0,7.0,,9.0,8.5,9.0,,7.5,7.5,7.5,,9.0,9.0,9.0,,,,,,,,,,6.666666666666667,6.5,7.666666666666667,6.666666666666667,7.0,7.333333333333333,8.833333333333334,7.5,9.0,,,7.462962962962964,9,0.1856422253186255,22.5625,False,1,30-40,3.056271043771044
Tinashe,Brandon Armstrong,Singer/Rapper,Kentucky,United States,25,27,Eliminated Week 4,10,8.0,7.0,8.0,,9.0,8.0,9.0,,9.0,9.0,9.0,,9.0,8.0,9.0,,0.0,0.0,0.0,,0.0,0.0,0.0,,0.0,0.0,0.0,,0.0,0.0,0.0,,0.0,0.0,0.0,,,,,,,,,,7.666666666666667,8.666666666666666,9.0,8.666666666666666,0.0,0.0,0.0,0.0,0.0,,,3.7777777777777777,9,0.06389744606953215,25.5,True,1,<30,5.2339473613181
Alexis Ren,Alan Bersten,Social Media Personality,California,United States,21,27,4th Place,4,7.0,7.5,7.5,,8.0,8.5,8.0,,9.0,8.0,9.0,,8.0,8.0,9.0,,10.0,9.0,10.0,,9.0,9.0,9.0,,9.0,9.0,9.5,,9.5,9.5,10.0,,9.5,9.5,9.5,,,,,,,,,,7.333333333333333,8.166666666666666,8.666666666666666,8.333333333333334,9.666666666666666,9.0,9.166666666666666,9.666666666666666,9.5,,,8.833333333333334,9,0.11242395396804389,26.1875,False,1,<30,7.470075757575757
Joe Amabile,Jenna Johnson,TV Personality,Illinois,United States,32,27,Eliminated Week 8,6,5.0,4.0,5.0,,5.5,6.0,6.0,,6.0,6.0,6.0,,5.0,5.0,5.0,,6.0,5.0,6.0,,8.0,7.0,7.0,,8.0,7.5,8.0,,8.0,7.5,7.5,,0.0,0.0,0.0,,,,,,,,,,4.666666666666667,5.833333333333333,6.0,5.0,5.666666666666667,7.333333333333333,7.833333333333333,7.666666666666667,0.0,,,5.555555555555555,9,0.12338188017777309,19.0,True,1,30-40,5.1819820478416
Kate Flannery,Pasha Pashkov,Actor/Actress,Pennsylvania,United States,55,28,Eliminated Week 8,7,5.0,5.0,5.0,,7.0,7.0,7.0,,8.0,8.0,8.0,,7.0,7.0,6.0,6.0,8.0,8.0,8.0,,9.0,9.0,9.0,,8.0,8.0,8.0,,8.6666,8.6666,8.6666,,0.0,0.0,0.0,0.0,0.0,0.0,0.0,,0.0,0.0,0.0,,5.0,7.0,8.0,6.5,8.0,9.0,8.0,8.6666,0.0,0.0,0.0,5.469690909090909,11,0.09886709301187946,24.79996,True,1,50+,5.4682266313525885
James Van Der Beek,Emma Slater,Actor/Actress,Connecticut,United States,42,28,Eliminated Week 10,5,7.0,7.0,7.0,,7.0,6.0,7.0,,8.0,7.0,8.0,,7.0,7.0,7.0,7.0,9.0,8.0,9.0,,9.0,9.0,9.0,,9.0,9.0,9.0,,10.6666,10.6666,10.6666,,9.0,8.5,9.5,9.0,8.5,8.5,8.5,,0.0,0.0,0.0,,7.0,6.666666666666667,7.666666666666667,7.0,8.666666666666666,9.0,9.0,10.6666,9.0,8.5,0.0,7.5606,11,0.11424402230690246,27.928542857142855,True,1,40-50,5.4682266313525885
Kel Mitchell,Witney Carson,Actor/Actress,Illinois,United States,41,28,2nd Place,2,6.0,5.0,5.0,,7.0,6.0,7.0,,7.0,6.0,7.0,,8.0,8.0,8.0,8.0,9.0,8.0,9.0,,9.0,8.0,9.0,,8.5,8.5,8.5,,9.6666,9.6666,10.6666,,9.0,9.0,9.5,9.5,9.5,9.5,9.5,,10.0,9.5,10.0,,5.333333333333333,6.666666666666667,6.666666666666667,8.0,8.666666666666666,8.666666666666666,8.5,9.999933333333333,9.25,9.5,9.833333333333334,8.28029696969697,11,0.14570937842812481,28.562475,False,1,40-50,5.4682266313525885
Ray Lewis,Cheryl Burke,Athlete,Florida,United States,44,28,Withdrew,11,5.0,5.0,5.0,,5.0,5.0,5.0,,0.0,0.0,0.0,,0.0,0.0,0.0,0.0,0.0,0.0,0.0,,0.0,0.0,0.0,,0.0,0.0,0.0,,0.0,0.0,0.0,,0.0,0.0,0.0,0.0,0.0,0.0,0.0,,0.0,0.0,0.0,,5.0,5.0,0.0,0.0,0.0,0.0,0.0,0.0,0.0,0.0,0.0,0.9090909090909091,11,0.0697786889946557,15.0,False,1,40-50,5.533598519758994
Lamar Odom,Peta Murgatroyd,Athlete,New York,United States,39,28,Eliminated Week 4,10,5.0,3.0,3.0,,4.0,4.0,4.0,,4.0,4.0,4.0,,5.0,7.0,4.0,4.0,0.0,0.0,0.0,,0.0,0.0,0.0,,0.0,0.0,0.0,,0.0,0.0,0.0,,0.0,0.0,0.0,0.0,0.0,0.0,0.0,,0.0,0.0,0.0,,3.6666666666666665,4.0,4.0,5.0,0.0,0.0,0.0,0.0,0.0,0.0,0.0,1.515151515151515,11,0.0609816554766025,16.0,True,1,30-40,5.533598519758994
Sailor Brinkley-Cook,Valentin Chmerkovskiy,Model,New York,United States,21,28,Eliminated Week 6,9,6.0,6.0,6.0,,6.0,6.0,6.0,,7.0,8.0,8.0,,7.0,8.0,8.0,8.0,8.0,8.0,8.0,,9.0,9.0,9.0,,0.0,0.0,0.0,,0.0,0.0,0.0,,0.0,0.0,0.0,0.0,0.0,0.0,0.0,,0.0,0.0,0.0,,6.0,6.0,7.666666666666667,7.75,8.0,9.0,0.0,0.0,0.0,0.0,0.0,4.037878787878788,11,0.0916155192919023,25.333333333333332,True,1,<30,3.2939875361457713
Sean Spicer,Lindsay Arnold,Politician,New York,United States,48,28,Eliminated Week 9,6,4.0,4.0,4.0,,6.0,5.0,5.0,,5.0,5.0,5.0,,5.0,6.0,5.0,5.0,7.0,6.0,6.0,,7.0,7.0,7.0,,7.0,7.0,7.0,,7.0,7.0,6.0,,6.5,6.0,6.5,6.0,0.0,0.0,0.0,,0.0,0.0,0.0,,4.0,5.333333333333333,5.0,5.25,6.333333333333333,7.0,7.0,6.666666666666667,6.25,0.0,0.0,4.803030303030303,11,0.1472995034472003,20.666666666666668,True,1,40-50,2.682322121212121
Mary Wilson,Brandon Armstrong,Singer/Rapper,Nevada,United States,75,28,Eliminated Week 2,12,6.0,5.0,6.0,,5.0,5.0,5.0,,0.0,0.0,0.0,,0.0,0.0,0.0,0.0,0.0,0.0,0.0,,0.0,0.0,0.0,,0.0,0.0,0.0,,0.0,0.0,0.0,,0.0,0.0,0.0,0.0,0.0,0.0,0.0,,0.0,0.0,0.0,,5.666666666666667,5.0,0.0,0.0,0.0,0.0,0.0,0.0,0.0,0.0,0.0,0.9696969696969698,11,0.0208203433609076,15.0,True,1,50+,5.2339473613181
Lauren Alaina,Gleb Savchenko,Singer/Rapper,Georgia,United States,24,28,4th Place,4,7.0,6.0,6.0,,6.0,6.0,7.0,,6.0,7.0,7.0,,8.0,8.0,8.0,8.0,8.0,7.0,8.0,,9.0,8.0,9.0,,9.0,9.0,9.0,,8.0,8.0,8.0,,9.0,9.0,8.5,8.5,9.0,9.0,9.0,,9.5,9.5,9.5,,6.333333333333333,6.333333333333333,6.666666666666667,8.0,7.666666666666667,8.666666666666666,9.0,8.0,8.75,9.0,9.5,7.992424242424241,11,0.1554438518146709,27.3125,False,1,<30,5.2339473613181
Ally Brooke,Sasha Farber,Singer/Rapper,Texas,United States,26,28,3rd Place,3,5.0,5.0,6.0,,7.0,6.0,7.0,,8.0,8.0,8.0,,8.0,8.0,8.0,8.0,9.0,9.0,9.0,,8.0,9.0,8.0,,9.0,9.0,9.0,,10.0,10.0,10.0,,10.0,10.0,10.0,10.0,10.0,9.5,10.0,,10.0,10.0,10.0,,5.333333333333333,6.666666666666667,8.0,8.0,9.0,8.333333333333334,9.0,10.0,10.0,9.833333333333334,10.0,8.56060606060606,11,0.12167226669333293,29.1875,False,1,<30,5.2339473613181
Karamo Brown,Jenna Johnson,TV Personality,Texas,United States,38,28,Eliminated Week 7,8,6.0,5.0,6.0,,7.0,5.0,7.0,,5.0,5.0,6.0,,7.0,7.0,7.0,7.0,7.0,7.0,7.0,,9.0,8.0,8.0,,8.5,8.0,8.0,,0.0,0.0,0.0,,0.0,0.0,0.0,0.0,0.0,0.0,0.0,,0.0,0.0,0.0,,5.666666666666667,6.333333333333333,5.333333333333333,7.0,7.0,8.333333333333334,8.166666666666666,0.0,0.0,0.0,0.0,4.348484848484848,11,0.08661602426469607,24.125,True,1,30-40,5.1819820478416
Hannah Brown,Alan Bersten,TV Personality,Alabama,United States,24,28,1st Place,1,7.0,7.0,6.0,,8.0,8.0,8.0,,7.0,7.0,7.0,,8.0,8.0,8.0,8.0,9.0,7.0,9.0,,8.0,8.0,8.0,,8.5,9.0,8.5,,10.6666,9.6666,10.6666,,9.0,8.5,9.0,9.0,9.0,9.0,9.0,,10.0,9.5,9.5,,6.666666666666667,8.0,7.0,8.0,8.333333333333334,8.0,8.666666666666666,10.333266666666667,8.875,9.0,9.666666666666666,8.412872727272728,11,0.20071029804709845,28.562475,False,1,<30,5.1819820478416
Anne Heche,Keo Motsepe,Actor/Actress,Ohio,United States,51,29,Eliminated Week 4,13,6.0,6.0,6.0,,6.0,6.0,6.0,,5.0,5.0,5.0,,7.0,7.0,7.0,,0.0,0.0,0.0,,0.0,0.0,0.0,,0.0,0.0,0.0,,0.0,0.0,0.0,,0.0,0.0,0.0,,0.0,0.0,0.0,,0.0,0.0,0.0,,6.0,6.0,5.0,7.0,0.0,0.0,0.0,0.0,0.0,0.0,0.0,2.1818181818181817,11,0.07341474435087136,18.0,True,1,50+,5.4682266313525885
Jesse Metcalfe,Sharna Burgess,Actor/Actress,California,United States,41,29,Eliminated Week 5,12,6.0,6.0,6.0,,7.0,7.0,6.0,,7.0,6.0,7.0,,7.0,7.0,7.0,,7.0,6.0,6.0,,0.0,0.0,0.0,,0.0,0.0,0.0,,0.0,0.0,0.0,,0.0,0.0,0.0,,0.0,0.0,0.0,,0.0,0.0,0.0,,6.0,6.666666666666667,6.666666666666667,7.0,6.333333333333333,0.0,0.0,0.0,0.0,0.0,0.0,2.96969696969697,11,0.058554877628498425,20.0,True,1,40-50,5.4682266313525885
Chrishell Stause,Gleb Savchenko,Actor/Actress,Kentucky,United States,39,29,Eliminated Week 8,8,4.0,5.0,4.0,,6.0,6.0,6.0,,7.0,7.0,8.0,,7.0,8.0,7.0,,6.0,6.0,7.0,,8.0,8.0,8.0,,9.0,9.0,8.0,,9.0,9.0,9.0,,0.0,0.0,0.0,,0.0,0.0,0.0,,0.0,0.0,0.0,,4.333333333333333,6.0,7.333333333333333,7.333333333333333,6.333333333333333,8.0,8.666666666666666,9.0,0.0,0.0,0.0,5.181818181818182,11,0.08397704726207629,22.571428571428573,True,1,30-40,5.4682266313525885
Skai Jackson,Alan Bersten,Actor/Actress,New York,United States,18,29,Eliminated Week 10,5,7.0,7.0,7.0,,5.0,5.0,5.0,,6.0,6.0,6.0,,10.0,9.0,9.0,,8.0,8.0,8.0,,6.0,6.0,6.0,,9.0,9.0,9.0,,8.6666,9.6666,8.6666,,9.6666,9.6666,9.6666,,9.5,9.5,9.5,,0.0,0.0,0.0,,7.0,5.0,6.0,9.333333333333334,8.0,6.0,9.0,8.999933333333333,9.6666,9.5,0.0,7.136351515151515,11,0.11863904750174664,23.833288888888887,True,1,<30,5.4682266313525885
Justina Machado,Sasha Farber,Actor/Actress,Illinois,United States,48,29,4th Place,4,7.0,7.0,7.0,,7.0,7.0,7.0,,7.0,6.0,6.0,,8.0,8.0,8.0,,8.0,8.0,8.0,,9.0,9.0,9.0,,9.0,9.0,8.0,,9.6666,9.6666,9.6666,,8.6666,8.6666,8.6666,,9.5,10.0,9.5,,10.0,10.0,10.0,,7.0,7.0,6.333333333333333,8.0,8.0,9.0,8.666666666666666,9.6666,8.6666,9.666666666666666,10.0,8.363624242424244,11,0.11589934729353839,25.499959999999998,False,1,40-50,5.4682266313525885
Charles Oakley,Emma Slater,Athlete,Ohio,United States,56,29,Eliminated Week 2,15,4.0,4.0,4.0,,5.0,5.0,5.0,,0.0,0.0,0.0,,0.0,0.0,0.0,,0.0,0.0,0.0,,0.0,0.0,0.0,,0.0,0.0,0.0,,0.0,0.0,0.0,,0.0,0.0,0.0,,0.0,0.0,0.0,,0.0,0.0,0.0,,4.0,5.0,0.0,0.0,0.0,0.0,0.0,0.0,0.0,0.0,0.0,0.8181818181818182,11,0.0101936950672863,15.0,True,1,50+,5.533598519758994
Veron Davis,Peta Murgatroyd,Athlete,Washington D.C.,United States,36,29,Eliminated Week 6,11,5.0,6.0,6.0,,6.0,6.0,6.0,,8.0,7.0,7.0,,8.0,7.0,7.0,,7.0,7.0,7.0,,7.0,7.0,7.0,,0.0,0.0,0.0,,0.0,0.0,0.0,,0.0,0.0,0.0,,0.0,0.0,0.0,,0.0,0.0,0.0,,5.666666666666667,6.0,7.333333333333333,7.333333333333333,7.0,7.0,0.0,0.0,0.0,0.0,0.0,3.666666666666667,11,0.07014486870433166,20.8,True,1,30-40,5.533598519758994
Johnny Weir,Britt Stewart,Athlete,Pennsylvania,United States,36,29,Eliminated Week 10,6,6.0,6.0,6.0,,6.0,6.0,6.0,,8.0,8.0,8.0,,8.0,8.0,8.0,,10.0,10.0,9.0,,7.0,8.0,7.0,,9.0,9.0,9.0,,10.0,10.0,10.0,,10.0,10.0,10.0,,9.5,9.5,9.5,,0.0,0.0,0.0,,6.0,6.0,8.0,8.0,9.666666666666666,7.333333333333333,9.0,10.0,10.0,9.5,0.0,7.590909090909091,11,0.08461720389078231,25.833333333333332,True,1,30-40,5.533598519758994
Nev Schulman,Jenna Johnson,Producer,New York,United States,35,29,2nd Place,2,7.0,7.0,6.0,,7.0,7.0,7.0,,8.0,8.0,8.0,,8.0,8.0,8.0,,8.0,9.0,9.0,,9.0,9.0,8.0,,10.0,10.0,10.0,,10.0,10.0,10.0,,9.6666,9.6666,9.6666,,10.0,10.0,10.0,,10.0,10.0,10.0,,6.666666666666667,7.0,8.0,8.0,8.666666666666666,8.666666666666666,10.0,10.0,9.6666,10.0,10.0,8.787872727272728,11,0.12470404350938613,26.99998,False,1,30-40,8.787872727272728
AJ McLean,Cheryl Burke,Singer/Rapper,Florida,United States,42,29,Eliminated Week 9,7,6.0,6.0,6.0,,7.0,6.0,6.0,,7.0,7.0,7.0,,8.0,8.0,8.0,,8.0,8.0,8.0,,9.0,9.0,9.0,,9.0,8.0,9.0,,9.0,9.0,9.0,,7.6666,8.6666,8.6666,,0.0,0.0,0.0,,0.0,0.0,0.0,,6.0,6.333333333333333,7.0,8.0,8.0,9.0,8.666666666666666,9.0,8.333266666666667,0.0,0.0,6.393933333333334,11,0.09125876014011887,24.124975,True,1,40-50,5.2339473613181
Nelly,Daniella Karagach,Singer/Rapper,Texas,United States,45,29,3rd Place,3,5.0,5.0,6.0,,6.0,6.0,6.0,,6.0,6.0,6.0,,7.0,7.0,7.0,,8.0,8.0,8.0,,8.0,8.0,8.0,,9.0,9.0,9.0,,8.0,8.0,8.0,,8.0,8.0,8.0,,9.5,9.0,9.5,,9.5,9.5,9.5,,5.333333333333333,6.0,6.0,7.0,8.0,8.0,9.0,8.0,8.0,9.333333333333334,9.5,7.6515151515151505,11,0.11895772282561352,23.65,False,1,40-50,5.2339473613181
Kaitlyn Bristowe,Artem Chigvintsev,TV Personality,,Canada,35,29,1st Place,1,6.0,7.0,7.0,,7.0,8.0,7.0,,8.0,7.0,8.0,,9.0,8.0,8.0,,9.0,9.0,9.0,,9.0,9.0,9.0,,7.0,9.0,8.0,,9.0,10.0,9.0,,10.0,10.0,10.0,,10.0,10.0,10.0,,10.0,10.0,10.0,,6.666666666666667,7.333333333333333,7.666666666666667,8.333333333333334,9.0,9.0,8.0,9.333333333333334,10.0,10.0,10.0,8.666666666666668,11,0.14103414798754849,26.6,False,0,30-40,5.1819820478416
Carole Baskin,Pasha Pashkov,TV Personality,Texas,United States,59,29,Eliminated Week 3,14,4.0,4.0,3.0,,6.0,5.0,5.0,,5.0,4.0,3.0,,0.0,0.0,0.0,,0.0,0.0,0.0,,0.0,0.0,0.0,,0.0,0.0,0.0,,0.0,0.0,0.0,,0.0,0.0,0.0,,0.0,0.0,0.0,,0.0,0.0,0.0,,3.6666666666666665,5.333333333333333,4.0,0.0,0.0,0.0,0.0,0.0,0.0,0.0,0.0,1.1818181818181819,11,0.05736526693199465,14.0,True,1,50+,5.1819820478416
Monica Aldama,Valentin Chmerkovskiy,TV Personality,Alabama,United States,48,29,Eliminated Week 7,10,6.0,7.0,6.0,,5.0,6.0,5.0,,7.0,7.0,7.0,,8.0,8.0,8.0,,9.0,9.0,8.0,,9.0,9.0,9.0,,7.0,8.0,7.0,,0.0,0.0,0.0,,0.0,0.0,0.0,,0.0,0.0,0.0,,0.0,0.0,0.0,,6.333333333333333,5.333333333333333,7.0,8.0,8.666666666666666,9.0,7.333333333333333,0.0,0.0,0.0,0.0,4.696969696969696,11,0.06546040943461633,22.666666666666668,True,1,40-50,5.1819820478416
Jeannie Mai,Brandon Armstrong,TV Personality,California,United States,41,29,Withdrew,9,6.0,6.0,6.0,,6.0,6.0,6.0,,7.0,7.0,8.0,,7.0,7.0,7.0,,8.0,8.0,8.0,,8.0,8.0,9.0,,8.0,9.0,8.0,,0.0,0.0,0.0,,0.0,0.0,0.0,,0.0,0.0,0.0,,0.0,0.0,0.0,,6.0,6.0,7.333333333333333,7.0,8.0,8.333333333333334,8.333333333333334,0.0,0.0,0.0,0.0,4.636363636363637,11,0.08732615612060789,22.5,False,1,40-50,5.1819820478416
Martin Kove,Britt Stewart,Actor/Actress,New York,United States,75,30,Eliminated Week 2,15,4.0,3.0,3.0,3.0,4.0,3.0,4.0,4.0,0.0,0.0,0.0,,0.0,0.0,0.0,0.0,0.0,0.0,0.0,0.0,0.0,0.0,0.0,0.0,0.0,0.0,0.0,0.0,0.0,0.0,0.0,0.0,0.0,0.0,0.0,0.0,0.0,0.0,0.0,0.0,,,,,3.25,3.75,0.0,0.0,0.0,0.0,0.0,0.0,0.0,0.0,,0.7,10,0.0100043317179707,15.0,True,1,50+,5.4682266313525885
Brian Austin Green,Sharna Burgess,Actor/Actress,California,United States,48,30,Eliminated Week 4,13,6.0,6.0,6.0,6.0,6.0,5.0,6.0,6.0,7.0,6.0,6.0,,6.5,6.0,7.0,6.5,0.0,0.0,0.0,0.0,0.0,0.0,0.0,0.0,0.0,0.0,0.0,0.0,0.0,0.0,0.0,0.0,0.0,0.0,0.0,0.0,0.0,0.0,0.0,0.0,,,,,6.0,5.75,6.333333333333333,6.5,0.0,0.0,0.0,0.0,0.0,0.0,,2.458333333333333,10,0.05769395320182726,22.666666666666668,True,1,40-50,5.4682266313525885
Melora Hardin,Artem Chigvintsev,Actor/Actress,Texas,United States,54,30,Eliminated Week 9,6,7.0,6.0,7.0,6.0,7.0,6.0,7.0,7.0,8.0,7.0,8.0,,9.0,9.5,9.0,9.0,9.0,9.0,9.0,9.0,8.0,9.0,8.0,9.0,9.5,9.5,9.5,9.5,10.5,10.5,10.5,10.5,8.5,9.5,9.0,9.0,0.0,0.0,0.0,0.0,,,,,6.5,6.75,7.666666666666667,9.125,9.0,8.5,9.5,10.5,9.0,0.0,,7.654166666666667,10,0.10319687248073894,34.0625,True,1,50+,5.4682266313525885
Matt James,Lindsay Arnold,Athlete,North Carolina,United States,29,30,Eliminated Week 4,12,6.0,6.0,6.0,6.0,5.0,5.0,6.0,6.0,7.0,6.0,7.0,,7.0,6.5,7.5,7.5,0.0,0.0,0.0,0.0,0.0,0.0,0.0,0.0,0.0,0.0,0.0,0.0,0.0,0.0,0.0,0.0,0.0,0.0,0.0,0.0,0.0,0.0,0.0,0.0,,,,,6.0,5.5,6.666666666666667,7.125,0.0,0.0,0.0,0.0,0.0,0.0,,2.529166666666667,10,0.0675511683177234,23.5,True,1,<30,5.533598519758994
"Mike ""The Miz"" Mizanin",Witney Carson,Athlete,Ohio,United States,40,30,Eliminated Week 7,9,6.0,6.0,6.0,6.0,7.0,5.0,7.0,7.0,7.0,7.0,8.0,,8.5,7.5,8.5,8.0,8.0,8.0,8.0,8.0,9.0,8.0,9.0,8.0,8.0,8.0,8.0,8.0,0.0,0.0,0.0,0.0,0.0,0.0,0.0,0.0,0.0,0.0,0.0,0.0,,,,,6.0,6.5,7.333333333333333,8.125,8.0,8.5,8.0,0.0,0.0,0.0,,5.245833333333333,10,0.07412380787184862,29.75,True,1,30-40,5.533598519758994
Suni Lee,Sasha Farber,Athlete,Minnesota,United States,18,30,Eliminated Week 9,5,7.0,7.0,7.0,7.0,7.0,7.0,7.0,7.0,7.0,7.0,7.0,,8.5,8.0,9.0,8.5,9.0,9.0,9.0,9.0,9.0,9.0,9.0,9.0,8.25,8.25,8.25,9.25,10.5,10.5,10.5,10.5,10.0,9.0,9.5,9.0,0.0,0.0,0.0,0.0,,,,,7.0,7.0,7.0,8.5,9.0,9.0,8.5,10.5,9.375,0.0,,7.5875,10,0.08725876826358885,33.5625,True,1,<30,5.533598519758994
Iman Shumpert,Daniella Karagach,Athlete,Illinois,United States,31,30,1st Place,1,7.0,4.0,5.0,5.0,7.0,6.0,6.0,6.0,7.0,6.0,6.0,,8.5,6.5,8.5,8.0,7.0,7.0,7.0,7.0,10.0,10.0,10.0,10.0,9.5,7.5,8.5,8.5,9.0,8.0,9.0,9.0,9.5,9.0,10.0,9.0,10.0,10.0,10.0,10.0,,,,,5.25,6.25,6.333333333333333,7.875,7.0,10.0,8.5,8.75,9.375,10.0,,7.933333333333333,10,0.17512689916564067,32.22222222222222,False,1,30-40,5.533598519758994
Cody Rigsby,Cheryl Burke,Fitness Instructor,California,United States,34,30,3rd Place,3,6.0,6.0,6.0,6.0,6.0,6.0,6.0,6.0,6.0,6.0,6.0,,7.5,6.5,7.5,7.5,8.0,8.0,8.0,8.0,9.0,9.0,9.0,9.0,8.5,8.5,9.5,9.5,10.0,10.0,9.0,9.0,9.0,9.0,8.5,9.0,9.5,9.5,9.5,9.5,,,,,6.0,6.0,6.0,7.25,8.0,9.0,9.0,9.5,8.875,9.5,,7.9125,10,0.12731690714128432,31.833333333333332,False,1,30-40,7.9125
Melanie C,Gleb Savchenko,Singer/Rapper,,England,47,30,Eliminated Week 5,11,7.0,7.0,6.0,7.0,7.0,7.0,8.0,8.0,7.0,7.0,8.0,,8.0,8.0,8.5,8.5,9.0,9.0,9.0,9.0,0.0,0.0,0.0,0.0,0.0,0.0,0.0,0.0,0.0,0.0,0.0,0.0,0.0,0.0,0.0,0.0,0.0,0.0,0.0,0.0,,,,,6.75,7.5,7.333333333333333,8.25,9.0,0.0,0.0,0.0,0.0,0.0,,3.883333333333333,10,0.06172642711744473,30.25,True,0,40-50,5.2339473613181
Jimmie Allen,Emma Slater,Singer/Rapper,Delaware,United States,36,30,Eliminated Week 8,7,6.0,5.0,6.0,5.0,7.0,6.0,7.0,7.0,6.0,6.0,8.0,,8.5,7.5,8.5,8.0,8.0,8.0,9.0,9.0,10.0,9.0,10.0,9.0,9.0,9.0,10.0,10.0,8.0,8.0,8.0,8.0,0.0,0.0,0.0,0.0,0.0,0.0,0.0,0.0,,,,,5.5,6.75,6.666666666666667,8.125,8.5,9.5,9.5,8.0,0.0,0.0,,6.254166666666667,10,0.07907644514138852,31.642857142857142,True,1,30-40,5.2339473613181
Olivia Jade,Valentin Chmerkovskiy,Social Media Personality,California,United States,21,30,Eliminated Week 8,8,7.0,6.0,6.0,6.0,7.0,6.0,7.0,7.0,8.0,8.0,8.0,,8.0,9.0,9.0,9.0,9.0,9.0,9.0,9.0,9.0,9.0,9.0,9.0,11.0,9.0,11.0,11.0,9.0,9.0,9.0,9.0,0.0,0.0,0.0,0.0,0.0,0.0,0.0,0.0,,,,,6.25,6.75,8.0,8.75,9.0,9.0,10.5,9.0,0.0,0.0,,6.725,10,0.08235348599304664,33.714285714285715,True,1,<30,7.470075757575757
JoJo Siwa,Jenna Johnson,Social Media Personality,Nebraska,United States,18,30,2nd Place,2,8.0,7.0,7.0,7.0,8.0,8.0,7.0,8.0,8.0,8.0,8.0,,8.5,8.5,9.0,9.0,10.0,10.0,10.0,10.0,10.0,10.0,10.0,10.0,10.0,9.0,10.0,10.0,10.5,9.5,10.5,10.5,10.0,10.0,10.0,10.0,10.0,10.0,10.0,10.0,,,,,7.25,7.75,8.0,8.75,10.0,10.0,9.75,10.25,10.0,10.0,,9.175,10,0.13336286001782613,36.666666666666664,False,1,<30,7.470075757575757
Christine Chiu,Pasha Pashkov,TV Personality,,Taiwan China,38,30,Eliminated Week 3,14,6.0,7.0,6.0,6.0,6.0,6.0,6.0,6.0,7.0,7.0,7.0,,0.0,0.0,0.0,0.0,0.0,0.0,0.0,0.0,0.0,0.0,0.0,0.0,0.0,0.0,0.0,0.0,0.0,0.0,0.0,0.0,0.0,0.0,0.0,0.0,0.0,0.0,0.0,0.0,,,,,6.25,6.0,7.0,0.0,0.0,0.0,0.0,0.0,0.0,0.0,,1.925,10,0.040085931120156605,22.5,True,0,30-40,5.1819820478416
Kenya Moore,Brandon Armstrong,TV Personality,Michigan,United States,50,30,Eliminated Week 6,10,7.0,6.0,6.0,7.0,6.0,6.0,6.0,6.0,7.0,7.0,7.0,,7.0,7.0,8.0,7.5,9.0,9.0,9.0,9.0,8.0,8.0,8.0,8.0,0.0,0.0,0.0,0.0,0.0,0.0,0.0,0.0,0.0,0.0,0.0,0.0,0.0,0.0,0.0,0.0,,,,,6.5,6.0,7.0,7.375,9.0,8.0,0.0,0.0,0.0,0.0,,4.3875,10,0.07221879585663506,28.5,True,1,40-50,5.1819820478416
Amanda Kloots,Alan Bersten,TV Personality,Ohio,United States,39,30,4th Place,4,7.0,7.0,7.0,7.0,8.0,8.0,8.0,8.0,8.0,8.0,8.0,,8.5,8.5,8.5,8.5,10.0,10.0,9.0,10.0,9.0,9.0,10.0,10.0,8.25,8.25,8.25,9.25,10.5,10.5,10.5,10.5,9.5,10.0,10.0,10.0,9.5,10.0,9.5,10.0,,,,,7.0,8.0,8.0,8.5,9.75,9.5,8.5,10.5,9.875,9.75,,8.9375,10,0.10060347396450947,35.72222222222222,False,1,30-40,5.1819820478416
Jason Lewis,Peta Murgatroyd,Actor/Actress,California,United States,51,31,Eliminated Week 1,16,5.0,4.0,4.0,5.0,0.0,0.0,0.0,0.0,0.0,0.0,0.0,0.0,0.0,0.0,0.0,0.0,0.0,0.0,0.0,0.0,0.0,0.0,0.0,0.0,0.0,0.0,0.0,0.0,0.0,0.0,0.0,0.0,0.0,0.0,0.0,0.0,0.0,0.0,0.0,0.0,,,,,4.5,0.0,0.0,0.0,0.0,0.0,0.0,0.0,0.0,0.0,,0.45,10,0.0079800611712229,18.0,True,1,50+,5.4682266313525885
Cheryl Ladd,Louis van Amstel,Actor/Actress,South Dakota,United States,71,31,Eliminated Week 3,14,6.0,5.0,5.0,5.0,5.0,6.0,5.0,5.0,6.0,6.0,6.0,6.0,0.0,0.0,0.0,0.0,0.0,0.0,0.0,0.0,0.0,0.0,0.0,0.0,0.0,0.0,0.0,0.0,0.0,0.0,0.0,0.0,0.0,0.0,0.0,0.0,0.0,0.0,0.0,0.0,,,,,5.25,5.25,6.0,0.0,0.0,0.0,0.0,0.0,0.0,0.0,,1.65,10,0.0667548287678789,22.0,True,1,50+,5.4682266313525885
Selma Blair,Sasha Farber,Actor/Actress,Michigan,United States,50,31,Withdrew,12,7.0,7.0,7.0,7.0,7.0,7.0,7.0,7.0,7.0,7.0,7.0,7.0,8.0,8.0,8.0,8.0,10.0,10.0,10.0,10.0,0.0,0.0,0.0,0.0,0.0,0.0,0.0,0.0,0.0,0.0,0.0,0.0,0.0,0.0,0.0,0.0,0.0,0.0,0.0,0.0,,,,,7.0,7.0,7.0,8.0,10.0,0.0,0.0,0.0,0.0,0.0,,3.9,10,0.060608449708883814,31.2,False,1,40-50,5.4682266313525885
Joseph Baena,Daniella Karagach,Actor/Actress,California,United States,24,31,Eliminated Week 5,11,6.0,5.0,6.0,6.0,6.0,6.0,6.0,6.0,8.0,7.0,7.0,7.0,7.0,7.0,7.0,7.0,9.0,8.5,9.0,8.5,0.0,0.0,0.0,0.0,0.0,0.0,0.0,0.0,0.0,0.0,0.0,0.0,0.0,0.0,0.0,0.0,0.0,0.0,0.0,0.0,,,,,5.75,6.0,7.25,7.0,8.75,0.0,0.0,0.0,0.0,0.0,,3.475,10,0.06359248350511533,27.8,True,1,<30,5.4682266313525885
Trevor Donovan,Emma Slater,Actor/Actress,California,United States,39,31,Eliminated Week 9,6,5.0,5.0,5.0,6.0,7.0,7.0,8.0,8.0,7.0,6.0,7.0,7.0,7.0,7.0,7.0,7.0,9.0,9.0,9.0,9.0,9.0,8.0,8.0,9.0,10.0,9.0,10.0,10.0,9.25,10.25,9.25,10.25,8.5,8.0,8.0,8.0,0.0,0.0,0.0,0.0,,,,,5.25,7.5,6.75,7.0,9.0,8.5,9.75,9.75,8.125,0.0,,7.1625,10,0.1003623895033138,31.833333333333332,True,1,30-40,5.4682266313525885
Daniel Durant,Britt Stewart,Actor/Actress,Michigan,United States,32,31,Eliminated Week 9,5,7.0,6.0,7.0,7.0,7.0,7.0,7.0,8.0,8.0,7.0,8.0,8.0,7.0,7.0,7.0,8.0,8.125,8.125,8.625,8.625,9.0,8.0,8.0,9.0,9.0,8.5,9.5,9.5,10.0,9.0,10.0,10.0,9.0,8.0,9.0,8.5,0.0,0.0,0.0,0.0,,,,,6.75,7.25,7.75,7.25,8.375,8.5,9.125,9.75,8.625,0.0,,7.3375,10,0.09453797297339345,32.611111111111114,True,1,30-40,5.4682266313525885
Wayne Brady,Witney Carson,Comedian,Georgia,United States,50,31,3rd Place,3,7.0,7.0,7.0,8.0,8.0,8.0,8.0,8.0,8.0,8.0,8.0,9.0,9.0,9.0,9.0,9.0,10.125,10.125,10.125,10.625,8.0,9.0,8.0,9.0,9.5,9.0,9.5,10.0,11.25,11.25,11.25,11.25,9.5,9.0,9.0,9.0,9.5,9.5,9.5,9.5,,,,,7.25,8.0,8.25,9.0,10.25,8.5,9.5,11.25,9.125,9.5,,9.0625,10,0.12019162233658831,36.25,False,1,40-50,3.67746512345679
Sam Champion,Cheryl Burke,News Anchor,Kentucky,United States,61,31,Eliminated Week 4,13,5.0,5.0,5.0,5.0,6.0,6.0,7.0,7.0,6.0,6.0,6.0,7.0,7.0,6.0,6.0,6.0,0.0,0.0,0.0,0.0,0.0,0.0,0.0,0.0,0.0,0.0,0.0,0.0,0.0,0.0,0.0,0.0,0.0,0.0,0.0,0.0,0.0,0.0,0.0,0.0,,,,,5.0,6.5,6.25,6.25,0.0,0.0,0.0,0.0,0.0,0.0,,2.4,10,0.060633590277976775,24.0,True,1,50+,4.578702222222222
Jessie James Decker,Alan Bersten,Singer/Rapper,,Italy,34,31,Eliminated Week 6,10,5.0,5.0,5.0,5.0,7.0,6.0,6.0,6.0,6.0,6.0,7.0,7.0,8.0,7.0,8.0,8.0,8.875,8.875,9.375,8.875,8.0,8.0,8.0,8.0,0.0,0.0,0.0,0.0,0.0,0.0,0.0,0.0,0.0,0.0,0.0,0.0,0.0,0.0,0.0,0.0,,,,,5.0,6.25,6.5,7.75,9.0,8.0,0.0,0.0,0.0,0.0,,4.25,10,0.0618739861214049,28.333333333333332,True,0,30-40,5.2339473613181
Jordin Sparks,Brandon Armstrong,Singer/Rapper,Arizona,United States,32,31,Eliminated Week 7,9,7.0,6.0,6.0,7.0,7.0,6.0,7.0,7.0,7.0,7.0,7.0,8.0,9.0,8.0,8.0,9.0,8.875,8.375,8.875,9.375,9.0,8.0,8.0,9.0,8.5,9.0,8.5,8.5,0.0,0.0,0.0,0.0,0.0,0.0,0.0,0.0,0.0,0.0,0.0,0.0,,,,,6.5,6.75,7.25,8.5,8.875,8.5,8.625,0.0,0.0,0.0,,5.5,10,0.08174320056942527,31.428571428571427,True,1,30-40,5.2339473613181
Heidi D'Amelio,Artem Chigvintsev,Social Media Personality,Louisiana,United States,50,31,Eliminated Week 8,8,6.0,6.0,6.0,6.0,7.0,7.0,7.0,7.0,8.0,8.0,8.0,8.0,9.0,8.0,8.0,9.0,9.625,10.125,9.625,9.625,9.0,9.0,9.0,9.0,8.5,9.0,9.0,8.5,9.0,8.0,9.0,9.0,0.0,0.0,0.0,0.0,0.0,0.0,0.0,0.0,,,,,6.0,7.0,8.0,8.5,9.75,9.0,8.75,8.75,0.0,0.0,,6.575,10,0.08613343868048241,32.875,True,1,40-50,7.470075757575757
Charli D'Amelio,Mark Ballas,Social Media Personality,Connecticut,United States,18,31,1st Place,1,8.0,8.0,8.0,8.0,8.0,8.0,8.0,8.0,8.0,8.0,8.0,9.0,9.0,9.0,9.0,9.0,10.375,10.375,10.375,10.875,10.0,10.0,10.0,10.0,9.5,9.5,10.0,10.0,11.25,11.25,11.25,11.25,10.0,10.0,10.0,10.0,10.0,10.0,10.0,10.0,,,,,8.0,8.0,8.25,9.0,10.5,10.0,9.75,11.25,10.0,10.0,,9.475,10,0.13529174115856604,37.9,False,1,<30,7.470075757575757
Teresa Giudice,Pasha Pashkov,TV Personality,New Jersey,United States,50,31,Eliminated Week 2,15,5.0,5.0,5.0,5.0,6.0,5.0,6.0,6.0,0.0,0.0,0.0,0.0,0.0,0.0,0.0,0.0,0.0,0.0,0.0,0.0,0.0,0.0,0.0,0.0,0.0,0.0,0.0,0.0,0.0,0.0,0.0,0.0,0.0,0.0,0.0,0.0,0.0,0.0,0.0,0.0,,,,,5.0,5.75,0.0,0.0,0.0,0.0,0.0,0.0,0.0,0.0,,1.075,10,0.0394089244021508,21.5,True,1,40-50,5.1819820478416
Vinny Guadagnino,Koko Iwasaki,TV Personality,New York,United States,34,31,Eliminated Week 8,7,4.0,4.0,5.0,4.0,7.0,6.0,7.0,7.0,6.0,5.0,6.0,6.0,8.0,7.0,7.0,7.0,7.75,7.75,7.75,7.75,7.0,7.0,7.0,7.0,7.5,8.0,8.0,8.0,8.0,7.0,7.0,7.0,0.0,0.0,0.0,0.0,0.0,0.0,0.0,0.0,,,,,4.25,6.75,5.75,7.25,7.75,7.0,7.875,7.25,0.0,0.0,,5.3875,10,0.10091160793348723,26.9375,True,1,30-40,5.1819820478416
Shangela,Gleb Savchenko,TV Personality,Texas,United States,40,31,4th Place,4,7.0,7.0,7.0,7.0,7.0,7.0,7.0,7.0,8.0,7.0,7.0,8.0,8.0,8.0,8.0,8.0,9.75,9.25,9.75,9.75,9.0,9.0,9.0,9.0,9.0,9.5,9.0,9.0,11.25,10.25,10.25,10.25,9.5,9.0,9.0,9.0,9.5,9.5,9.5,9.5,,,,,7.0,7.0,7.5,8.0,9.625,9.0,9.125,10.5,9.125,9.5,,8.6375,10,0.1081986783475227,34.55,False,1,30-40,5.1819820478416
Gabby Windey,Valentin Chmerkovskiy,TV Personality,Illinois,United States,31,31,2nd Place,2,7.0,7.0,7.0,7.0,8.0,8.0,8.0,8.0,8.0,8.0,8.0,9.0,9.0,9.0,9.0,9.0,10.25,10.25,10.25,10.25,9.0,9.0,9.0,10.0,9.0,9.0,8.5,9.0,10.0,10.0,10.0,10.0,10.0,10.0,10.0,10.0,10.0,10.0,10.0,10.0,,,,,7.0,8.0,8.25,9.0,10.25,9.25,8.875,10.0,10.0,10.0,,9.0625,10,0.10186682021956243,36.25,False,1,30-40,5.1819820478416
Jamie Lynn Spears,Alan Bersten,Actor/Actress,Mississippi,United States,32,32,Eliminated Week 2,13,5.0,5.0,5.0,,6.0,5.0,5.0,,0.0,0.0,0.0,0.0,0.0,0.0,0.0,,0.0,0.0,0.0,,0.0,0.0,0.0,0.0,0.0,0.0,0.0,0.0,0.0,0.0,0.0,0.0,0.0,0.0,0.0,0.0,0.0,0.0,0.0,,0.0,0.0,0.0,,5.0,5.333333333333333,0.0,0.0,0.0,0.0,0.0,0.0,0.0,0.0,0.0,0.9393939393939393,11,0.03600287511653015,15.5,True,1,30-40,5.4682266313525885
Mira Sorvino,Gleb Savchenko,Actor/Actress,New York,United States,55,32,Eliminated Week 5,10,6.0,5.0,6.0,,6.0,6.0,6.0,,6.0,6.0,7.0,7.0,7.0,7.0,7.0,,7.0,8.0,7.0,,0.0,0.0,0.0,0.0,0.0,0.0,0.0,0.0,0.0,0.0,0.0,0.0,0.0,0.0,0.0,0.0,0.0,0.0,0.0,,0.0,0.0,0.0,,5.666666666666667,6.0,6.5,7.0,7.333333333333333,0.0,0.0,0.0,0.0,0.0,0.0,2.9545454545454546,11,0.06492598175576429,20.8,True,1,50+,5.4682266313525885
Barry Williams,Peta Murgatroyd,Actor/Actress,California,United States,68,32,Eliminated Week 8,7,6.0,5.0,5.0,,5.0,5.0,5.0,,6.0,6.0,7.0,6.0,6.0,6.0,6.0,,8.0,8.0,8.0,,8.25,7.25,8.25,8.25,8.0,8.0,8.5,8.0,8.75,8.75,8.75,8.75,0.0,0.0,0.0,0.0,0.0,0.0,0.0,,0.0,0.0,0.0,,5.333333333333333,5.0,6.25,6.0,8.0,8.0,8.125,8.75,0.0,0.0,0.0,5.041666666666666,11,0.10628060634359261,24.6875,True,1,50+,5.4682266313525885
Alyson Hannigan,Sasha Farber,Actor/Actress,Washington D.C.,United States,49,32,5th Place,5,5.0,4.0,4.0,,7.0,6.0,6.0,,6.0,6.0,6.0,6.0,6.0,6.0,6.0,,7.0,7.0,7.0,,7.5,7.5,7.5,8.5,8.5,8.5,9.5,8.5,8.75,8.75,9.75,8.75,7.75,7.75,8.75,7.75,8.5,8.5,8.5,,9.0,8.5,9.0,,4.333333333333333,6.333333333333333,6.0,6.0,7.0,7.75,8.75,9.0,8.0,8.5,8.833333333333334,7.318181818181817,11,0.11329145810961648,25.545454545454547,False,1,40-50,5.4682266313525885
Xochitl Gomez,Valentin Chmerkovskiy,Actor/Actress,California,United States,17,32,1st Place,1,6.0,6.0,6.0,,8.0,8.0,8.0,,8.0,8.0,8.0,8.0,9.0,9.0,9.0,,9.0,10.0,9.0,,10.25,10.25,11.25,10.25,9.5,9.0,9.5,9.0,10.0,10.0,10.0,10.0,9.75,9.75,10.75,10.75,10.0,10.0,10.0,,10.0,10.0,10.0,,6.0,8.0,8.0,9.0,9.333333333333334,10.5,9.25,10.0,10.25,10.0,10.0,9.121212121212123,11,0.16132320582378978,31.727272727272727,False,1,<30,5.4682266313525885
Adrian Peterson,Britt Stewart,Athlete,Texas,United States,38,32,Eliminated Week 4,11,6.0,6.0,6.0,,5.0,5.0,5.0,,5.0,5.0,6.0,6.0,7.0,7.0,7.0,,0.0,0.0,0.0,,0.0,0.0,0.0,0.0,0.0,0.0,0.0,0.0,0.0,0.0,0.0,0.0,0.0,0.0,0.0,0.0,0.0,0.0,0.0,,0.0,0.0,0.0,,6.0,5.0,5.5,7.0,0.0,0.0,0.0,0.0,0.0,0.0,0.0,2.1363636363636362,11,0.07694307435925968,19.0,True,1,30-40,5.533598519758994
Matt Walsh,Koko Iwasaki,Comedian,Illinois,United States,58,32,Eliminated Week 1,14,4.0,4.0,4.0,,0.0,0.0,0.0,,0.0,0.0,0.0,0.0,0.0,0.0,0.0,,0.0,0.0,0.0,,0.0,0.0,0.0,0.0,0.0,0.0,0.0,0.0,0.0,0.0,0.0,0.0,0.0,0.0,0.0,0.0,0.0,0.0,0.0,,0.0,0.0,0.0,,4.0,0.0,0.0,0.0,0.0,0.0,0.0,0.0,0.0,0.0,0.0,0.36363636363636365,11,0.012530221364373,12.0,True,1,50+,3.67746512345679
Tyson Beckford,Jenna Johnson,Model,New York,United States,52,32,Eliminated Week 3,12,4.0,4.0,4.0,,6.0,6.0,6.0,,5.0,5.0,5.0,5.0,0.0,0.0,0.0,,0.0,0.0,0.0,,0.0,0.0,0.0,0.0,0.0,0.0,0.0,0.0,0.0,0.0,0.0,0.0,0.0,0.0,0.0,0.0,0.0,0.0,0.0,,0.0,0.0,0.0,,4.0,6.0,5.0,0.0,0.0,0.0,0.0,0.0,0.0,0.0,0.0,1.3636363636363635,11,0.07891730006504931,16.666666666666668,True,1,50+,3.2939875361457713
Jason Mraz,Daniella Karagach,Singer/Rapper,Virginia,United States,46,32,2nd Place,2,7.0,7.0,7.0,,8.0,8.0,8.0,,9.0,8.0,9.0,8.0,8.0,8.0,8.0,,9.0,9.0,9.0,,9.75,9.75,9.75,9.75,8.5,8.5,10.0,9.0,8.0,9.0,8.0,8.0,10.75,10.75,10.75,10.75,9.5,9.5,9.5,,10.0,10.0,10.0,,7.0,8.0,8.5,8.0,9.0,9.75,9.0,8.25,10.75,9.5,10.0,8.886363636363637,11,0.13119811279874163,30.863636363636363,False,1,40-50,5.2339473613181
Lele Pons,Brandon Armstrong,Social Media Personality,,Venezuela,27,32,Eliminated Week 7,8,6.0,7.0,6.0,,7.0,7.0,7.0,,7.0,6.0,7.0,7.0,7.0,7.0,8.0,,8.0,8.0,8.0,,9.0,9.0,9.0,10.0,9.5,9.0,9.0,9.0,0.0,0.0,0.0,0.0,0.0,0.0,0.0,0.0,0.0,0.0,0.0,,0.0,0.0,0.0,,6.333333333333333,7.0,6.75,7.333333333333333,8.0,9.25,9.125,0.0,0.0,0.0,0.0,4.890151515151515,11,0.08499712651665534,26.642857142857142,True,0,<30,7.470075757575757
Harry Jowsey,Rylee Arnold,TV Personality,,Australia,26,32,Eliminated Week 9,6,4.0,4.0,4.0,,5.0,5.0,5.0,,6.0,5.0,7.0,6.0,7.0,7.0,7.0,,6.0,6.0,6.0,,7.25,7.25,7.25,7.25,8.0,8.0,8.0,8.0,7.0,7.0,7.0,7.0,8.0,7.0,8.0,7.0,0.0,0.0,0.0,,0.0,0.0,0.0,,4.0,5.0,6.0,7.0,6.0,7.25,8.0,7.0,7.5,0.0,0.0,5.25,11,0.13970229749893504,23.22222222222222,True,0,<30,5.1819820478416
Mauricio Umansky,Emma Slater,TV Personality,,Mexico,53,32,Eliminated Week 6,9,5.0,5.0,5.0,,4.0,4.0,4.0,,7.0,5.0,6.0,5.0,7.0,6.0,6.0,,8.0,8.0,8.0,,8.5,8.5,7.5,8.5,0.0,0.0,0.0,0.0,0.0,0.0,0.0,0.0,0.0,0.0,0.0,0.0,0.0,0.0,0.0,,0.0,0.0,0.0,,5.0,4.0,5.75,6.333333333333333,8.0,8.25,0.0,0.0,0.0,0.0,0.0,3.3939393939393936,11,0.07717477676333416,21.0,True,0,50+,5.1819820478416
Charity Lawson,Artem Chigvintsev,TV Personality,Georgia,United States,27,32,4th Place,4,7.0,7.0,8.0,,7.0,7.0,7.0,,8.0,8.0,8.0,8.0,8.0,8.0,8.0,,10.0,9.0,9.0,,9.75,9.75,8.75,9.75,9.0,9.0,9.0,9.0,9.75,9.75,9.75,9.75,9.0,10.0,9.0,10.0,10.0,9.5,10.0,,9.5,10.0,10.0,,7.333333333333333,7.0,8.0,8.0,9.333333333333334,9.5,9.0,9.75,9.5,9.833333333333334,9.833333333333334,8.825757575757576,11,0.09106271245983914,30.636363636363637,False,1,<30,5.1819820478416
Ariana Madix,Pasha Pashkov,TV Personality,Florida,United States,38,32,3rd Place,3,7.0,7.0,7.0,,6.0,7.0,7.0,,9.0,8.0,9.0,8.0,8.0,9.0,8.0,,8.0,8.0,8.0,,10.0,10.0,10.0,11.0,9.0,9.0,10.0,9.0,9.75,10.75,10.75,10.75,9.0,9.0,9.0,10.0,9.5,9.5,10.0,,9.5,10.0,10.0,,7.0,6.666666666666667,8.5,8.333333333333334,8.0,10.25,9.25,10.5,9.25,9.666666666666666,9.833333333333334,8.840909090909092,11,0.1286441333130856,30.863636363636363,False,1,30-40,5.1819820478416
Tori Spelling,Pasha Pashkov,Actor/Actress,California,United States,51,33,Eliminated Week 2,12,6.0,6.0,5.0,,7.0,6.0,6.0,,0.0,0.0,0.0,0.0,0.0,0.0,0.0,0.0,0.0,0.0,0.0,,0.0,0.0,0.0,,0.0,0.0,0.0,,0.0,0.0,0.0,,0.0,0.0,0.0,,,,,,,,,,5.666666666666667,6.333333333333333,0.0,0.0,0.0,0.0,0.0,0.0,0.0,,,1.3333333333333333,9,0.0215044877961235,19.0,True,1,50+,5.4682266313525885
Eric Roberts,Britt Stewart,Actor/Actress,California,United States,68,33,Eliminated Week 3,10,5.0,5.0,5.0,,6.0,4.0,5.0,,6.5,5.5,5.5,5.5,0.0,0.0,0.0,0.0,0.0,0.0,0.0,,0.0,0.0,0.0,,0.0,0.0,0.0,,0.0,0.0,0.0,,0.0,0.0,0.0,,,,,,,,,,5.0,5.0,5.75,0.0,0.0,0.0,0.0,0.0,0.0,,,1.75,9,0.06188396721588915,19.0,True,1,50+,5.4682266313525885
Reginald VelJohnson,Emma Slater,Actor/Actress,New York,United States,74,33,Eliminated Week 3,10,6.0,5.0,5.0,,6.0,4.0,5.0,,6.0,5.0,5.0,5.0,0.0,0.0,0.0,0.0,0.0,0.0,0.0,,0.0,0.0,0.0,,0.0,0.0,0.0,,0.0,0.0,0.0,,0.0,0.0,0.0,,,,,,,,,,5.333333333333333,5.0,5.25,0.0,0.0,0.0,0.0,0.0,0.0,,,1.7314814814814814,9,0.07173047979152156,18.0,True,1,50+,5.4682266313525885
Chandler Kinney,Brandon Armstrong,Actor/Actress,California,United States,24,33,3rd Place,3,8.0,7.0,8.0,,8.0,8.0,8.0,,8.5,8.5,9.0,8.5,8.0,8.0,8.0,8.0,9.0,9.0,9.0,,10.0,11.0,11.0,,10.0,10.0,10.0,,9.5,9.5,10.0,,10.0,10.0,10.0,,,,,,,,,,7.666666666666667,8.0,8.625,8.0,9.0,10.666666666666666,10.0,9.666666666666666,10.0,,,9.069444444444445,9,0.11758440390909707,29.8125,False,1,<30,5.4682266313525885
Dwight Howard ,Daniella Karagach,Athlete,Georgia,United States,38,33,Eliminated Week 7,6,8.0,7.0,7.0,,8.0,7.0,7.0,,7.0,6.5,6.0,6.5,7.0,8.0,7.0,7.0,8.0,8.0,8.0,,11.0,10.0,10.0,,8.0,8.0,8.0,,0.0,0.0,0.0,,0.0,0.0,0.0,,,,,,,,,,7.333333333333333,7.333333333333333,6.5,7.25,8.0,10.333333333333334,8.0,0.0,0.0,,,6.083333333333333,9,0.10991813373686105,26.0,True,1,30-40,5.533598519758994
Danny Amendola,Witney Carson,Athlete,Texas,United States,39,33,5th Place,5,7.0,6.0,7.0,,7.0,7.0,7.0,,7.5,7.5,8.0,7.0,9.0,9.0,9.0,9.0,8.5,8.5,8.5,,10.0,9.0,9.0,,8.5,8.5,8.5,,9.0,9.0,9.0,,9.0,9.5,9.5,,,,,,,,,,6.666666666666667,7.0,7.5,9.0,8.5,9.333333333333334,8.5,9.0,9.333333333333334,,,8.314814814814815,9,0.12019384663347354,27.625,False,1,30-40,5.533598519758994
Stephen Nedoroscik,Rylee Arnold,Athlete,Florida,United States,26,33,4th Place,4,7.0,7.0,7.0,,8.0,7.0,7.0,,8.0,8.0,7.5,7.5,8.0,9.0,8.0,8.0,8.0,8.0,8.0,,10.0,9.0,9.0,,9.5,9.0,8.5,,9.0,8.5,9.0,,10.0,9.5,10.0,,,,,,,,,,7.0,7.333333333333333,7.75,8.25,8.0,9.333333333333334,9.0,8.833333333333334,9.833333333333334,,,8.37037037037037,9,0.1191668368994121,27.625,False,1,<30,5.533598519758994
Ilona Maher,Alan Bersten,Athlete,California,United States,28,33,2nd Place,2,6.0,6.0,6.0,,7.0,7.0,7.0,,7.5,7.0,7.0,6.5,8.0,8.0,8.0,8.0,9.0,8.5,8.5,,8.0,8.0,8.0,,9.0,8.5,8.5,,9.5,9.5,9.5,,9.5,9.5,9.5,,,,,,,,,,6.0,7.0,7.0,8.0,8.666666666666666,8.0,8.666666666666666,9.5,9.5,,,8.037037037037036,9,0.166661509051772,26.75,False,1,<30,5.533598519758994
Anna Delvey,Ezra Sosa,Con artist,,Russia,33,33,Eliminated Week 2,12,6.0,6.0,6.0,,6.0,5.0,6.0,,0.0,0.0,0.0,0.0,0.0,0.0,0.0,0.0,0.0,0.0,0.0,,0.0,0.0,0.0,,0.0,0.0,0.0,,0.0,0.0,0.0,,0.0,0.0,0.0,,,,,,,,,,6.0,5.666666666666667,0.0,0.0,0.0,0.0,0.0,0.0,0.0,,,1.2962962962962965,9,0.0219855467325403,17.0,True,0,30-40,1.2962962962962965
Brooks Nader,Gleb Savchenko,Model,New York,United States,27,33,Eliminated Week 4,9,6.0,6.0,6.0,,7.0,6.0,7.0,,7.5,7.5,8.0,7.5,8.0,8.0,8.0,8.0,0.0,0.0,0.0,,0.0,0.0,0.0,,0.0,0.0,0.0,,0.0,0.0,0.0,,0.0,0.0,0.0,,,,,,,,,,6.0,6.666666666666667,7.625,8.0,0.0,0.0,0.0,0.0,0.0,,,3.1435185185185186,9,0.066338928755259,27.5,True,1,<30,3.2939875361457713
Phaedra Parks,Val Chmerkovskiy,TV Personality,Georgia,United States,51,33,Eliminated Week 5,8,7.0,6.0,6.0,,7.0,7.0,7.0,,7.5,7.5,6.0,7.0,8.0,8.0,8.0,8.0,8.0,8.0,8.0,,0.0,0.0,0.0,,0.0,0.0,0.0,,0.0,0.0,0.0,,0.0,0.0,0.0,,,,,,,,,,6.333333333333333,7.0,7.0,8.0,8.0,0.0,0.0,0.0,0.0,,,4.037037037037036,9,0.10722706420637348,26.25,True,1,50+,5.1819820478416
Jenn Tran,Sasha Farber,TV Personality,Florida,United States,26,33,Eliminated Week 6,7,7.0,6.0,6.0,,6.0,6.0,7.0,,8.0,8.0,7.0,8.0,8.0,8.0,8.0,8.0,8.5,8.5,8.5,,11.0,10.0,10.0,,0.0,0.0,0.0,,0.0,0.0,0.0,,0.0,0.0,0.0,,,,,,,,,,6.333333333333333,6.333333333333333,7.75,8.0,8.5,10.333333333333334,0.0,0.0,0.0,,,5.25,9,0.09228278825437364,27.7,True,1,<30,5.1819820478416
Joey Graziadei,Jenna Johnson,TV Personality,Louisiana,United States,29,33,1st Place,1,7.0,7.0,7.0,,8.0,7.0,7.0,,9.0,9.0,8.5,8.5,9.0,9.0,9.0,9.0,8.5,8.5,9.0,,11.0,10.0,11.0,,9.0,9.5,9.0,,9.5,10.0,9.5,,9.5,10.0,10.0,,,,,,,,,,7.0,7.333333333333333,8.75,9.0,8.666666666666666,10.666666666666666,9.166666666666666,9.666666666666666,9.833333333333334,,,8.898148148148147,9,0.21894756409027064,29.625,False,1,<30,5.1819820478416
Corey Feldman,Jenna Johnson,Actor/Actress,California,United States,54,34,Eliminated Week 2,13,4.0,5.0,,,5.0,5.0,5.0,,0.0,0.0,0.0,,0.0,0.0,0.0,,0.0,0.0,0.0,0.0,0.0,0.0,0.0,0.0,0.0,0.0,0.0,0.0,0.0,0.0,0.0,0.0,0.0,0.0,0.0,0.0,0.0,0.0,0.0,,0.0,0.0,0.0,,4.5,5.0,0.0,0.0,0.0,0.0,0.0,0.0,0.0,0.0,0.0,0.8636363636363636,11,0.0288470614641155,15.0,True,1,50+,5.4682266313525885
Danielle Fishel,Pasha Pashkov,Actor/Actress,California,United States,44,34,Eliminated Week 8,8,6.0,6.0,,,7.0,6.0,6.0,,7.0,7.0,7.0,,7.0,7.0,7.0,,7.0,7.0,7.0,8.0,9.0,9.0,9.0,9.0,8.5,8.5,8.5,9.5,9.5,9.0,9.5,9.0,0.0,0.0,0.0,0.0,0.0,0.0,0.0,,0.0,0.0,0.0,,6.0,6.333333333333333,7.0,7.0,7.25,9.0,8.75,9.25,0.0,0.0,0.0,5.507575757575757,11,0.07475797322607013,28.166666666666668,True,1,40-50,5.4682266313525885
Elaine Hendrix,Alan Bersten (Rashad Jennings week 9),Actor/Actress,Georgia,United States,55,34,5th Place,5,6.0,6.0,,,7.0,7.0,7.0,,7.0,7.0,7.0,,8.0,8.0,8.0,,8.0,7.0,7.0,8.0,9.0,9.0,9.0,9.0,8.0,8.0,8.0,8.0,9.0,9.5,10.0,9.0,9.0,9.0,9.0,9.0,9.5,9.5,9.5,,9.6666,9.6666,9.6666,,6.0,7.0,7.0,8.0,7.5,9.0,8.0,9.375,9.0,9.5,9.6666,8.1856,11,0.11926152762807225,29.444422222222222,False,1,50+,5.4682266313525885
Baron Davis,Britt Stewart,Athlete,California,United States,46,34,Eliminated Week 2,13,5.0,5.0,,,6.0,6.0,6.0,,0.0,0.0,0.0,,0.0,0.0,0.0,,0.0,0.0,0.0,0.0,0.0,0.0,0.0,0.0,0.0,0.0,0.0,0.0,0.0,0.0,0.0,0.0,0.0,0.0,0.0,0.0,0.0,0.0,0.0,,0.0,0.0,0.0,,5.0,6.0,0.0,0.0,0.0,0.0,0.0,0.0,0.0,0.0,0.0,1.0,11,0.0235994377622512,18.0,True,1,40-50,5.533598519758994
Jordan Chiles,Ezra Sosa (Apolo Anton Ohno week 9),Athlete,Texas,United States,24,34,3rd Place,3,5.0,5.0,,,8.0,7.0,7.0,,8.0,8.0,8.0,,8.0,8.0,8.0,,8.0,8.0,8.0,8.0,10.0,9.0,10.0,10.0,10.0,9.0,9.0,10.0,10.0,9.5,10.0,9.5,9.5,10.5,9.5,9.5,9.5,9.5,9.5,,9.6666,10.0,10.0,,5.0,7.333333333333333,8.0,8.0,8.0,9.75,9.5,9.75,9.75,9.5,9.888866666666667,8.588381818181817,11,0.13902302596739838,31.462955555555556,False,1,<30,5.533598519758994
Andy Richter,Emma Slater/Kaitlyn Bristowe (week 9),Comedian,California,United States,59,34,Eliminated Week 9,7,5.0,4.0,,,6.0,5.0,5.0,,6.0,6.0,6.0,,6.0,6.0,6.0,,6.0,6.0,6.0,6.0,7.0,6.0,7.0,7.0,7.25,7.25,7.25,7.25,8.0,8.5,9.5,8.0,8.0,7.0,7.0,7.0,0.0,0.0,0.0,,0.0,0.0,0.0,,4.5,5.333333333333333,6.0,6.0,6.0,6.75,7.25,8.5,7.25,0.0,0.0,5.234848484848484,11,0.10200465301663096,24.428571428571427,True,1,50+,3.67746512345679
Robert Irwin,Witney Carson (Xoshitl Gomez week 9),Conservationist,,Australia,22,34,1st Place,1,8.0,7.0,,,8.0,7.0,7.0,,8.0,7.0,7.0,,7.0,7.0,8.0,,8.0,9.0,9.0,9.0,9.0,9.0,9.0,9.0,10.75,9.75,9.75,10.75,9.0,9.5,10.0,9.5,10.5,10.5,10.5,10.5,10.0,9.5,10.0,,9.6666,10.0,10.0,,7.5,7.333333333333333,7.333333333333333,7.333333333333333,8.75,9.0,10.25,9.5,10.5,9.833333333333334,9.888866666666667,8.838381818181817,11,0.14732554449553578,31.351844444444446,False,0,<30,8.838381818181817
Hilaria Baldwin,Gleb Savchenko,Entrepreneur,New York,United States,41,34,Eliminated Week 4,11,7.0,7.0,,,7.0,7.0,7.0,,7.0,8.0,7.0,,8.0,7.0,8.0,,0.0,0.0,0.0,0.0,0.0,0.0,0.0,0.0,0.0,0.0,0.0,0.0,0.0,0.0,0.0,0.0,0.0,0.0,0.0,0.0,0.0,0.0,0.0,,0.0,0.0,0.0,,7.0,7.0,7.333333333333333,7.666666666666667,0.0,0.0,0.0,0.0,0.0,0.0,0.0,2.6363636363636362,11,0.05134190736145886,22.0,True,1,40-50,2.8019886363636366
Lauren Jauregui,Brandon Armstrong,Singer/Rapper,Florida,United States,29,34,Eliminated Week 3,12,7.0,6.0,,,7.0,7.0,7.0,,6.0,6.0,6.0,,0.0,0.0,0.0,,0.0,0.0,0.0,0.0,0.0,0.0,0.0,0.0,0.0,0.0,0.0,0.0,0.0,0.0,0.0,0.0,0.0,0.0,0.0,0.0,0.0,0.0,0.0,,0.0,0.0,0.0,,6.5,7.0,6.0,0.0,0.0,0.0,0.0,0.0,0.0,0.0,0.0,1.7727272727272727,11,0.0529084117384402,19.5,True,1,<30,5.2339473613181
Scott Hoying,Rylee Arnold,Singer/Rapper,California,United States,34,34,Eliminated Week 6,10,5.0,5.0,,,6.0,6.0,6.0,,8.0,7.0,7.0,,7.0,7.0,7.0,,7.0,8.0,7.0,8.0,7.0,7.0,7.0,7.0,0.0,0.0,0.0,0.0,0.0,0.0,0.0,0.0,0.0,0.0,0.0,0.0,0.0,0.0,0.0,,0.0,0.0,0.0,,5.0,6.0,7.333333333333333,7.0,7.5,7.0,0.0,0.0,0.0,0.0,0.0,3.6212121212121207,11,0.09222738099181026,22.25,True,1,30-40,5.2339473613181
Alix Earle,Val Chmerkovskiy (Joey Graziadei week 9),Social media personality,Florida,United States,24,34,2nd Place,2,7.0,6.0,,,7.0,7.0,7.0,,8.0,7.0,8.0,,8.0,8.0,8.0,,8.0,9.0,9.0,9.0,9.0,9.0,8.0,9.0,11.0,11.0,10.0,11.0,9.5,10.0,9.5,9.5,10.0,10.0,10.0,10.0,9.5,10.0,9.5,,10.0,10.0,10.0,,6.5,7.0,7.666666666666667,8.0,8.75,8.75,10.75,9.625,10.0,9.666666666666666,10.0,8.791666666666668,11,0.11263842562629134,31.5,False,1,<30,8.791666666666668
Jen Affleck,Jan Ravnik,TV Personality,Utah,United States,26,34,Eliminated Week 7,9,6.0,6.0,,,8.0,7.0,7.0,,7.0,6.0,6.0,,7.0,8.0,8.0,,8.0,7.0,7.0,7.0,8.0,8.0,8.0,8.0,8.5,8.5,8.5,8.5,0.0,0.0,0.0,0.0,0.0,0.0,0.0,0.0,0.0,0.0,0.0,,0.0,0.0,0.0,,6.0,7.333333333333333,6.333333333333333,7.666666666666667,7.25,8.0,8.5,0.0,0.0,0.0,0.0,4.643939393939394,11,0.09132263483092003,26.0,True,1,<30,5.1819820478416
Whitney Leavitt,Mark Ballas,TV Personality,Utah,United States,32,34,Eliminated Week 10,6,7.0,8.0,,,7.0,7.0,8.0,,8.0,8.0,8.0,,9.0,8.0,8.0,,9.0,8.0,8.0,8.0,10.0,9.0,10.0,10.0,10.25,10.25,10.25,11.25,9.5,10.0,10.0,10.0,10.5,10.5,10.5,10.5,9.0,10.0,10.0,,0.0,0.0,0.0,,7.5,7.333333333333333,8.0,8.333333333333334,8.25,9.75,10.5,9.875,10.5,9.666666666666666,0.0,8.155303030303031,11,0.09824710052142221,32.8125,True,1,30-40,5.1819820478416
Dylan Efron,Daniella Karagach (Rumer Willis week 9),TV Personality,California,United States,33,34,4th Place,4,5.0,5.0,,,7.0,6.0,7.0,,7.0,8.0,8.0,,7.0,8.0,8.0,,9.0,9.0,9.0,9.0,8.0,8.0,8.0,8.0,9.75,9.75,8.75,9.75,9.0,9.5,10.0,9.5,10.5,10.5,10.5,10.5,9.0,9.0,9.5,,9.6666,9.6666,10.0,,5.0,6.666666666666667,7.666666666666667,7.666666666666667,9.0,8.0,9.5,9.5,10.5,9.166666666666666,9.777733333333334,8.404036363636363,11,0.13882159211007117,30.314799999999998,False,1,30-40,5.1819820478416
